{
  "coeffs": [
    0.16792414746094414,
    -0.0005028118965762232,
    -0.08167763349207902,
    0.4459541486762602,
    0.40394321571760017
  ],
  "meta": {
    "mu": [
      0.0,
      0.0,
      0.0,
      0.0,
      0.0
    ],
    "sigma": [
      0.8488634238059415,
      287.9674536241435,
      2.3700330881004317,
      1.4755021282981076,
      1.472361839954806
    ],
    "ridge_alpha": 1e-06
  },
  "created_by": "train_coefficients_segments",
  "direction": "pull",
  "dt": 0.005,
  "true_volume_liters": 3.0
}