{
  "coeffs": [
    -0.0014939674019152755,
    0.0010234758757108667,
    0.40675725097337834,
    5.921756145403378,
    -6.445059919416456
  ],
  "meta": {
    "mu": [
      0.0,
      0.0,
      0.0,
      0.0,
      0.0
    ],
    "sigma": [
      1.614843443568516,
      252.27528147352768,
      2.515007491721491,
      1.5657782445178354,
      1.565171608922725
    ],
    "ridge_alpha": 1e-06
  },
  "created_by": "train_coefficients_segments",
  "direction": "push",
  "dt": 0.005,
  "true_volume_liters": 3.0
}