msgFromBLEApplet~true~Dongle connected successfully.~2
errorLableUpdate~start scan status : Success!
errorLableUpdate~Spiro sensor connected successfully.
SensorConnected~Spiro sensor~60
createSpiroLiveGraph~[0, 0, 0, 0, 0, 0, 0, 0, 0, 0, 0, 0, 0, 0, 0, 0, 0, 0, 0, 0]
spirodata~[00:00:00:00:00:00:00:00:00:00:00:00:00:00:00:00:00:00:00:00:00:00:00:00:00:00:00:00:00:00:00:00:00:00:00:00:00:00:00:00:00:00:00:00:00:00:00:00:00:00:00:00:00:00:00:00:00:00:00:00:00:00:00:00:00:00:00:00:00:00:00:00:00:00:00:00:00:00:00:00:00:00:00:00:00:00:00:00:00:00:00:00:00:00:00:00:00:00:00:00:00:00:00:00:00:00:00:00:00:00:00:00:00:00:00:00:00:00:00:00]
changeBatteryStatus~5~60
createSpiroLiveGraph~[0, 8443136, 8440768, 8442432, 8441408, 8441344, 8441408, 8442240, 8441792, 8441152, 8440832, 8441728, 8442368, 8440576, 8441792, 8441408, 8441152, 8441728, 8441536, 8440960]
spirodata~[53:48:DA:00:C8:05:00:00:00:00:00:00:00:00:80:D5:00:00:00:80:CB:C0:00:00:80:D2:40:00:00:80:CE:40:00:00:80:CE:00:00:00:80:CE:40:00:00:80:D1:80:00:00:80:CF:C0:00:00:80:CD:40:00:00:80:CC:00:00:00:80:CF:80:00:00:80:D2:00:00:00:80:CB:00:00:00:80:CF:C0:00:00:80:CE:40:00:00:80:CD:40:00:00:80:CF:80:00:00:80:CE:C0:00:00:80:CC:80:88:FC:00:00:FF:FF:00:00:00:AB:10:45:46]
createSpiroLiveGraph~[8441792, 8441920, 8440768, 8441664, 8441920, 8442176, 8442048, 8441536, 8441408, 8441216, 8442176, 8441024, 8441600, 8441088, 8441728, 8441664, 8441216, 8442624, 8441664, 8442048]
spirodata~[53:48:DA:00:C8:05:01:00:00:80:CF:C0:00:00:80:D0:40:00:00:80:CB:C0:00:00:80:CF:40:00:00:80:D0:40:00:00:80:D1:40:00:00:80:D0:C0:00:00:80:CE:C0:00:00:80:CE:40:00:00:80:CD:80:00:00:80:D1:40:00:00:80:CC:C0:00:00:80:CF:00:00:00:80:CD:00:00:00:80:CF:80:00:00:80:CF:40:00:00:80:CD:80:00:00:80:D3:00:00:00:80:CF:40:00:00:80:D0:C0:89:1A:00:00:FF:FF:00:00:00:AB:10:45:46]
createSpiroLiveGraph~[8442304, 8440320, 8440832, 8439360, 8440896, 8441792, 8440512, 8440896, 8440448, 8440640, 8441984, 8441024, 8441408, 8441024, 8441344, 8441600, 8441856, 8440960, 8441216, 8440448]
spirodata~[53:48:DA:00:C8:05:02:00:00:80:D1:C0:00:00:80:CA:00:00:00:80:CC:00:00:00:80:C6:40:00:00:80:CC:40:00:00:80:CF:C0:00:00:80:CA:C0:00:00:80:CC:40:00:00:80:CA:80:00:00:80:CB:40:00:00:80:D0:80:00:00:80:CC:C0:00:00:80:CE:40:00:00:80:CC:C0:00:00:80:CE:00:00:00:80:CF:00:00:00:80:D0:00:00:00:80:CC:80:00:00:80:CD:80:00:00:80:CA:80:89:32:C0:00:FF:FF:00:00:00:AB:10:45:46]
createSpiroLiveGraph~[8441536, 8442240, 8441728, 8441152, 8441472, 8441856, 8441088, 8441408, 8441472, 8442112, 8442048, 8442112, 8440960, 8441600, 8442176, 8441344, 8441216, 8441344, 8438976, 8442048]
spirodata~[53:48:DA:00:C8:05:03:00:00:80:CE:C0:00:00:80:D1:80:00:00:80:CF:80:00:00:80:CD:40:00:00:80:CE:80:00:00:80:D0:00:00:00:80:CD:00:00:00:80:CE:40:00:00:80:CE:80:00:00:80:D1:00:00:00:80:D0:C0:00:00:80:D1:00:00:00:80:CC:80:00:00:80:CF:00:00:00:80:D1:40:00:00:80:CE:00:00:00:80:CD:80:00:00:80:CE:00:00:00:80:C4:C0:00:00:80:D0:C0:89:3E:40:00:FF:FF:00:00:00:AB:10:45:46]
createSpiroLiveGraph~[8438208, 8442112, 8441600, 8440448, 8441024, 8441088, 8441600, 8440768, 8440896, 8442368, 8442432, 8442048, 8440448, 8441600, 8441088, 8441728, 8441920, 8442304, 8441856, 8442112]
spirodata~[53:48:DA:00:C8:05:04:00:00:80:C1:C0:00:00:80:D1:00:00:00:80:CF:00:00:00:80:CA:80:00:00:80:CC:C0:00:00:80:CD:00:00:00:80:CF:00:00:00:80:CB:C0:00:00:80:CC:40:00:00:80:D2:00:00:00:80:D2:40:00:00:80:D0:C0:00:00:80:CA:80:00:00:80:CF:00:00:00:80:CD:00:00:00:80:CF:80:00:00:80:D0:40:00:00:80:D1:C0:00:00:80:D0:00:00:00:80:D1:00:89:3A:00:00:FF:FF:00:00:00:AB:10:45:46]
createSpiroLiveGraph~[8442176, 8441664, 8442048, 8442176, 8442048, 8441472, 8442176, 8440896, 8442880, 8441024, 8441408, 8441920, 8441856, 8442944, 8442304, 8441728, 8441984, 8442560, 8441152, 8441088]
spirodata~[53:48:DA:00:C8:05:05:00:00:80:D1:40:00:00:80:CF:40:00:00:80:D0:C0:00:00:80:D1:40:00:00:80:D0:C0:00:00:80:CE:80:00:00:80:D1:40:00:00:80:CC:40:00:00:80:D4:00:00:00:80:CC:C0:00:00:80:CE:40:00:00:80:D0:40:00:00:80:D0:00:00:00:80:D4:40:00:00:80:D1:C0:00:00:80:CF:80:00:00:80:D0:80:00:00:80:D2:C0:00:00:80:CD:40:00:00:80:CD:00:89:43:80:00:FF:FF:00:00:00:AB:10:45:46]
createSpiroLiveGraph~[8441216, 8441408, 8441984, 8442560, 8442496, 8442048, 8441216, 8443008, 8441472, 8442112, 8442432, 8442048, 8441856, 8441920, 8441792, 8441792, 8441408, 8442560, 8441792, 8443136]
spirodata~[53:48:DA:00:C8:05:06:00:00:80:CD:80:00:00:80:CE:40:00:00:80:D0:80:00:00:80:D2:C0:00:00:80:D2:80:00:00:80:D0:C0:00:00:80:CD:80:00:00:80:D4:80:00:00:80:CE:80:00:00:80:D1:00:00:00:80:D2:40:00:00:80:D0:C0:00:00:80:D0:00:00:00:80:D0:40:00:00:80:CF:C0:00:00:80:CF:C0:00:00:80:CE:40:00:00:80:D2:C0:00:00:80:CF:C0:00:00:80:D5:00:89:3D:40:00:FF:FF:00:00:00:AB:10:45:46]
createSpiroLiveGraph~[8441280, 8441920, 8441920, 8442752, 8442240, 8442304, 8441856, 8442880, 8440704, 8442880, 8442624, 8442176, 8441408, 8442304, 8442624, 8441664, 8441280, 8442048, 8441856, 8440192]
spirodata~[53:48:DA:00:C8:05:07:00:00:80:CD:C0:00:00:80:D0:40:00:00:80:D0:40:00:00:80:D3:80:00:00:80:D1:80:00:00:80:D1:C0:00:00:80:D0:00:00:00:80:D4:00:00:00:80:CB:80:00:00:80:D4:00:00:00:80:D3:00:00:00:80:D1:40:00:00:80:CE:40:00:00:80:D1:C0:00:00:80:D3:00:00:00:80:CF:40:00:00:80:CD:C0:00:00:80:D0:C0:00:00:80:D0:00:00:00:80:C9:80:89:60:80:00:FF:FF:00:00:00:AB:10:45:46]
createSpiroLiveGraph~[8441536, 8441664, 8441344, 8441920, 8441280, 8441024, 8442048, 8441088, 8441280, 8439424, 8441472, 8441024, 8441792, 8441984, 8440960, 8441856, 8442112, 8441216, 8440704, 8441664]
spirodata~[53:48:DA:00:C8:05:08:00:00:80:CE:C0:00:00:80:CF:40:00:00:80:CE:00:00:00:80:D0:40:00:00:80:CD:C0:00:00:80:CC:C0:00:00:80:D0:C0:00:00:80:CD:00:00:00:80:CD:C0:00:00:80:C6:80:00:00:80:CE:80:00:00:80:CC:C0:00:00:80:CF:C0:00:00:80:D0:80:00:00:80:CC:80:00:00:80:D0:00:00:00:80:D1:00:00:00:80:CD:80:00:00:80:CB:80:00:00:80:CF:40:89:34:00:00:FF:FF:00:00:00:AB:10:45:46]
createSpiroLiveGraph~[8440896, 8440384, 8441152, 8441536, 8442112, 8441152, 8441344, 8441280, 8440448, 8441536, 8441216, 8440704, 8439552, 8441216, 8441728, 8442048, 8440256, 8441600, 8431424, 8440448]
spirodata~[53:48:DA:00:C8:05:09:00:00:80:CC:40:00:00:80:CA:40:00:00:80:CD:40:00:00:80:CE:C0:00:00:80:D1:00:00:00:80:CD:40:00:00:80:CE:00:00:00:80:CD:C0:00:00:80:CA:80:00:00:80:CE:C0:00:00:80:CD:80:00:00:80:CB:80:00:00:80:C7:00:00:00:80:CD:80:00:00:80:CF:80:00:00:80:D0:C0:00:00:80:C9:C0:00:00:80:CF:00:00:00:80:A7:40:00:00:80:CA:80:89:4C:C0:00:FF:FF:00:00:00:AB:10:45:46]
createSpiroLiveGraph~[8441408, 8441024, 8442240, 8440704, 8440448, 8441472, 8441344, 8441664, 8441600, 8441600, 8441216, 8441408, 8441216, 8439488, 8441088, 8440768, 8441792, 8441728, 8442304, 8440768]
spirodata~[53:48:DA:00:C8:05:0A:00:00:80:CE:40:00:00:80:CC:C0:00:00:80:D1:80:00:00:80:CB:80:00:00:80:CA:80:00:00:80:CE:80:00:00:80:CE:00:00:00:80:CF:40:00:00:80:CF:00:00:00:80:CF:00:00:00:80:CD:80:00:00:80:CE:40:00:00:80:CD:80:00:00:80:C6:C0:00:00:80:CD:00:00:00:80:CB:C0:00:00:80:CF:C0:00:00:80:CF:80:00:00:80:D1:C0:00:00:80:CB:C0:89:5B:40:00:FF:FF:00:00:00:AB:10:45:46]
createSpiroLiveGraph~[8442240, 8441792, 8441664, 8441728, 8441152, 8440768, 8437504, 8441792, 8441472, 8440960, 8441344, 8441216, 8441408, 8442112, 8439488, 8441600, 8441728, 8435264, 8440896, 8441664]
spirodata~[53:48:DA:00:C8:05:0B:00:00:80:D1:80:00:00:80:CF:C0:00:00:80:CF:40:00:00:80:CF:80:00:00:80:CD:40:00:00:80:CB:C0:00:00:80:BF:00:00:00:80:CF:C0:00:00:80:CE:80:00:00:80:CC:80:00:00:80:CE:00:00:00:80:CD:80:00:00:80:CE:40:00:00:80:D1:00:00:00:80:C6:C0:00:00:80:CF:00:00:00:80:CF:80:00:00:80:B6:40:00:00:80:CC:40:00:00:80:CF:40:89:41:40:00:FF:FF:00:00:00:AB:10:45:46]
createSpiroLiveGraph~[8441024, 8440128, 8441984, 8439872, 8441920, 8441024, 8440064, 8442240, 8441600, 8439680, 8440576, 8441280, 8442112, 8441152, 8441984, 8442112, 8441600, 8439936, 8441088, 8441472]
spirodata~[53:48:DA:00:C8:05:0C:00:00:80:CC:C0:00:00:80:C9:40:00:00:80:D0:80:00:00:80:C8:40:00:00:80:D0:40:00:00:80:CC:C0:00:00:80:C9:00:00:00:80:D1:80:00:00:80:CF:00:00:00:80:C7:80:00:00:80:CB:00:00:00:80:CD:C0:00:00:80:D1:00:00:00:80:CD:40:00:00:80:D0:80:00:00:80:D1:00:00:00:80:CF:00:00:00:80:C8:80:00:00:80:CD:00:00:00:80:CE:80:89:5D:40:00:FF:FF:00:00:00:AB:10:45:46]
createSpiroLiveGraph~[8441024, 8441088, 8441472, 8441984, 8440576, 8442048, 8441664, 8440768, 8442240, 8441280, 8441792, 8441408, 8438848, 8441664, 8439872, 8441344, 8441152, 8441856, 8441664, 8441536]
spirodata~[53:48:DA:00:C8:05:0D:00:00:80:CC:C0:00:00:80:CD:00:00:00:80:CE:80:00:00:80:D0:80:00:00:80:CB:00:00:00:80:D0:C0:00:00:80:CF:40:00:00:80:CB:C0:00:00:80:D1:80:00:00:80:CD:C0:00:00:80:CF:C0:00:00:80:CE:40:00:00:80:C4:40:00:00:80:CF:40:00:00:80:C8:40:00:00:80:CE:00:00:00:80:CD:40:00:00:80:D0:00:00:00:80:CF:40:00:00:80:CE:C0:89:70:00:00:FF:FF:00:00:00:AB:10:45:46]
createSpiroLiveGraph~[8441664, 8441856, 8440768, 8439360, 8440896, 8442048, 8441024, 8441088, 8441024, 8441920, 8440896, 8441856, 8442304, 8441280, 8441664, 8440896, 8441280, 8441600, 8441536, 8441088]
spirodata~[53:48:DA:00:C8:05:0E:00:00:80:CF:40:00:00:80:D0:00:00:00:80:CB:C0:00:00:80:C6:40:00:00:80:CC:40:00:00:80:D0:C0:00:00:80:CC:C0:00:00:80:CD:00:00:00:80:CC:C0:00:00:80:D0:40:00:00:80:CC:40:00:00:80:D0:00:00:00:80:D1:C0:00:00:80:CD:C0:00:00:80:CF:40:00:00:80:CC:40:00:00:80:CD:C0:00:00:80:CF:00:00:00:80:CE:C0:00:00:80:CD:00:89:68:C0:00:FF:FF:00:00:00:AB:10:45:46]
createSpiroLiveGraph~[8441728, 8441728, 8441856, 8441600, 8441728, 8441856, 8440896, 8441600, 8440896, 8441920, 8441408, 8442112, 8441152, 8441792, 8440768, 8441536, 8441536, 8440832, 8440704, 8441472]
spirodata~[53:48:DA:00:C8:05:0F:00:00:80:CF:80:00:00:80:CF:80:00:00:80:D0:00:00:00:80:CF:00:00:00:80:CF:80:00:00:80:D0:00:00:00:80:CC:40:00:00:80:CF:00:00:00:80:CC:40:00:00:80:D0:40:00:00:80:CE:40:00:00:80:D1:00:00:00:80:CD:40:00:00:80:CF:C0:00:00:80:CB:C0:00:00:80:CE:C0:00:00:80:CE:C0:00:00:80:CC:00:00:00:80:CB:80:00:00:80:CE:80:89:70:00:00:FF:FF:00:00:00:AB:10:45:46]
createSpiroLiveGraph~[8441536, 8440960, 8441344, 8441408, 8441408, 8441280, 8441920, 8441920, 8441024, 8439552, 8442496, 8441664, 8441792, 8440640, 8440448, 8441856, 8441856, 8441600, 8442176, 8441408]
spirodata~[53:48:DA:00:C8:05:10:00:00:80:CE:C0:00:00:80:CC:80:00:00:80:CE:00:00:00:80:CE:40:00:00:80:CE:40:00:00:80:CD:C0:00:00:80:D0:40:00:00:80:D0:40:00:00:80:CC:C0:00:00:80:C7:00:00:00:80:D2:80:00:00:80:CF:40:00:00:80:CF:C0:00:00:80:CB:40:00:00:80:CA:80:00:00:80:D0:00:00:00:80:D0:00:00:00:80:CF:00:00:00:80:D1:40:00:00:80:CE:40:89:56:00:00:FF:FF:00:00:00:AB:10:45:46]
createSpiroLiveGraph~[8442176, 8441984, 8441920, 8442240, 8441472, 8440704, 8441024, 8442240, 8441600, 8441024, 8441664, 8441728, 8441216, 8441408, 8441344, 8440704, 8441280, 8441088, 8441792, 8442176]
spirodata~[53:48:DA:00:C8:05:11:00:00:80:D1:40:00:00:80:D0:80:00:00:80:D0:40:00:00:80:D1:80:00:00:80:CE:80:00:00:80:CB:80:00:00:80:CC:C0:00:00:80:D1:80:00:00:80:CF:00:00:00:80:CC:C0:00:00:80:CF:40:00:00:80:CF:80:00:00:80:CD:80:00:00:80:CE:40:00:00:80:CE:00:00:00:80:CB:80:00:00:80:CD:C0:00:00:80:CD:00:00:00:80:CF:C0:00:00:80:D1:40:89:62:80:00:FF:FF:00:00:00:AB:10:45:46]
createSpiroLiveGraph~[8440000, 8441152, 8441344, 8440832, 8438592, 8441728, 8440960, 8441344, 8441664, 8440768, 8440960, 8442240, 8441408, 8440832, 8441536, 8440640, 8440512, 8441280, 8441728, 8441024]
spirodata~[53:48:DA:00:C8:05:12:00:00:80:C8:C0:00:00:80:CD:40:00:00:80:CE:00:00:00:80:CC:00:00:00:80:C3:40:00:00:80:CF:80:00:00:80:CC:80:00:00:80:CE:00:00:00:80:CF:40:00:00:80:CB:C0:00:00:80:CC:80:00:00:80:D1:80:00:00:80:CE:40:00:00:80:CC:00:00:00:80:CE:C0:00:00:80:CB:40:00:00:80:CA:C0:00:00:80:CD:C0:00:00:80:CF:80:00:00:80:CC:C0:89:74:00:00:FF:FF:00:00:00:AB:10:45:46]
createSpiroLiveGraph~[8442368, 8442112, 8441408, 8440960, 8439808, 8439360, 8439552, 8438976, 8438080, 8438784, 8439808, 8438720, 8438784, 8439424, 8438784, 8439552, 8440384, 8441536, 8440640, 8438080]
spirodata~[53:48:DA:00:C8:05:13:00:00:80:D2:00:00:00:80:D1:00:00:00:80:CE:40:00:00:80:CC:80:00:00:80:C8:00:00:00:80:C6:40:00:00:80:C7:00:00:00:80:C4:C0:00:00:80:C1:40:00:00:80:C4:00:00:00:80:C8:00:00:00:80:C3:C0:00:00:80:C4:00:00:00:80:C6:80:00:00:80:C4:00:00:00:80:C7:00:00:00:80:CA:40:00:00:80:CE:C0:00:00:80:CB:40:00:00:80:C1:40:89:64:80:00:FF:FF:00:00:00:AB:10:45:46]
createSpiroLiveGraph~[8440320, 8440640, 8439104, 8439232, 8438912, 8438080, 8439104, 8438592, 8439040, 8437952, 8437120, 8438848, 8432832, 8440832, 8441984, 8441088, 8442304, 8441024, 8440640, 8441152]
spirodata~[53:48:DA:00:C8:05:14:00:00:80:CA:00:00:00:80:CB:40:00:00:80:C5:40:00:00:80:C5:C0:00:00:80:C4:80:00:00:80:C1:40:00:00:80:C5:40:00:00:80:C3:40:00:00:80:C5:00:00:00:80:C0:C0:00:00:80:BD:80:00:00:80:C4:40:00:00:80:AC:C0:00:00:80:CC:00:00:00:80:D0:80:00:00:80:CD:00:00:00:80:D1:C0:00:00:80:CC:C0:00:00:80:CB:40:00:00:80:CD:40:89:67:C0:00:FF:FF:00:00:00:AB:10:45:46]
createSpiroLiveGraph~[8440704, 8441984, 8441344, 8441856, 8441216, 8441664, 8440960, 8441664, 8441664, 8441856, 8441728, 8442496, 8440768, 8441856, 8441344, 8440960, 8439424, 8442112, 8441920, 8441024]
spirodata~[53:48:DA:00:C8:05:15:00:00:80:CB:80:00:00:80:D0:80:00:00:80:CE:00:00:00:80:D0:00:00:00:80:CD:80:00:00:80:CF:40:00:00:80:CC:80:00:00:80:CF:40:00:00:80:CF:40:00:00:80:D0:00:00:00:80:CF:80:00:00:80:D2:80:00:00:80:CB:C0:00:00:80:D0:00:00:00:80:CE:00:00:00:80:CC:80:00:00:80:C6:80:00:00:80:D1:00:00:00:80:D0:40:00:00:80:CC:C0:89:55:00:00:FF:FF:00:00:00:AB:10:45:46]
createSpiroLiveGraph~[8441152, 8442304, 8441664, 8441792, 8441664, 8441600, 8442048, 8441792, 8441024, 8441920, 8440128, 8433280, 8441472, 8441664, 8442112, 8440832, 8442432, 8442368, 8441408, 8441920]
spirodata~[53:48:DA:00:C8:05:16:00:00:80:CD:40:00:00:80:D1:C0:00:00:80:CF:40:00:00:80:CF:C0:00:00:80:CF:40:00:00:80:CF:00:00:00:80:D0:C0:00:00:80:CF:C0:00:00:80:CC:C0:00:00:80:D0:40:00:00:80:C9:40:00:00:80:AE:80:00:00:80:CE:80:00:00:80:CF:40:00:00:80:D1:00:00:00:80:CC:00:00:00:80:D2:40:00:00:80:D2:00:00:00:80:CE:40:00:00:80:D0:40:89:66:C0:00:FF:FF:00:00:00:AB:10:45:46]
createSpiroLiveGraph~[8441408, 8441856, 8441472, 8442368, 8442432, 8441472, 8442048, 8440128, 8441280, 8441920, 8441152, 8441280, 8441920, 8440960, 8441088, 8441536, 8440576, 8441792, 8441664, 8441472]
spirodata~[53:48:DA:00:C8:05:17:00:00:80:CE:40:00:00:80:D0:00:00:00:80:CE:80:00:00:80:D2:00:00:00:80:D2:40:00:00:80:CE:80:00:00:80:D0:C0:00:00:80:C9:40:00:00:80:CD:C0:00:00:80:D0:40:00:00:80:CD:40:00:00:80:CD:C0:00:00:80:D0:40:00:00:80:CC:80:00:00:80:CD:00:00:00:80:CE:C0:00:00:80:CB:00:00:00:80:CF:C0:00:00:80:CF:40:00:00:80:CE:80:89:56:00:00:FF:FF:00:00:00:AB:10:45:46]
createSpiroLiveGraph~[8441728, 8441728, 8440832, 8439232, 8442176, 8441600, 8441536, 8441600, 8441536, 8440960, 8424448, 8438336, 8440768, 8441408, 8441280, 8441152, 8441664, 8440640, 8441280, 8441536]
spirodata~[53:48:DA:00:C8:05:18:00:00:80:CF:80:00:00:80:CF:80:00:00:80:CC:00:00:00:80:C5:C0:00:00:80:D1:40:00:00:80:CF:00:00:00:80:CE:C0:00:00:80:CF:00:00:00:80:CE:C0:00:00:80:CC:80:00:00:80:8C:00:00:00:80:C2:40:00:00:80:CB:C0:00:00:80:CE:40:00:00:80:CD:C0:00:00:80:CD:40:00:00:80:CF:40:00:00:80:CB:40:00:00:80:CD:C0:00:00:80:CE:C0:89:65:80:00:FF:FF:00:00:00:AB:10:45:46]
createSpiroLiveGraph~[8440768, 8441856, 8441088, 8441664, 8441088, 8442112, 8442048, 8439296, 8441216, 8442880, 8441344, 8440768, 8440704, 8441472, 8441984, 8441792, 8440960, 8440896, 8441472, 8441152]
spirodata~[53:48:DA:00:C8:05:19:00:00:80:CB:C0:00:00:80:D0:00:00:00:80:CD:00:00:00:80:CF:40:00:00:80:CD:00:00:00:80:D1:00:00:00:80:D0:C0:00:00:80:C6:00:00:00:80:CD:80:00:00:80:D4:00:00:00:80:CE:00:00:00:80:CB:C0:00:00:80:CB:80:00:00:80:CE:80:00:00:80:D0:80:00:00:80:CF:C0:00:00:80:CC:80:00:00:80:CC:40:00:00:80:CE:80:00:00:80:CD:40:89:58:40:00:FF:FF:00:00:00:AB:10:45:46]
createSpiroLiveGraph~[8442496, 8442176, 8441280, 8441728, 8442240, 8441856, 8441728, 8440960, 8441408, 8423296, 8441664, 8438016, 8441984, 8441664, 8441920, 8440128, 8441024, 8441728, 8438976, 8441984]
spirodata~[53:48:DA:00:C8:05:1A:00:00:80:D2:80:00:00:80:D1:40:00:00:80:CD:C0:00:00:80:CF:80:00:00:80:D1:80:00:00:80:D0:00:00:00:80:CF:80:00:00:80:CC:80:00:00:80:CE:40:00:00:80:87:80:00:00:80:CF:40:00:00:80:C1:00:00:00:80:D0:80:00:00:80:CF:40:00:00:80:D0:40:00:00:80:C9:40:00:00:80:CC:C0:00:00:80:CF:80:00:00:80:C4:C0:00:00:80:D0:80:89:70:00:00:FF:FF:00:00:00:AB:10:45:46]
createSpiroLiveGraph~[8442176, 8442048, 8440512, 8441536, 8441728, 8441792, 8442496, 8441024, 8440320, 8441280, 8440192, 8441600, 8441088, 8441024, 8441728, 8441792, 8440832, 8442560, 8440256, 8441600]
spirodata~[53:48:DA:00:C8:05:1B:00:00:80:D1:40:00:00:80:D0:C0:00:00:80:CA:C0:00:00:80:CE:C0:00:00:80:CF:80:00:00:80:CF:C0:00:00:80:D2:80:00:00:80:CC:C0:00:00:80:CA:00:00:00:80:CD:C0:00:00:80:C9:80:00:00:80:CF:00:00:00:80:CD:00:00:00:80:CC:C0:00:00:80:CF:80:00:00:80:CF:C0:00:00:80:CC:00:00:00:80:D2:C0:00:00:80:C9:C0:00:00:80:CF:00:89:75:40:00:FF:FF:00:00:00:AB:10:45:46]
createSpiroLiveGraph~[8441088, 8441024, 8442496, 8441408, 8441920, 8441600, 8441216, 8441088, 8424768, 8439552, 8441600, 8441600, 8441408, 8440192, 8441984, 8439936, 8441216, 8439744, 8441536, 8438272]
spirodata~[53:48:DA:00:C8:05:1C:00:00:80:CD:00:00:00:80:CC:C0:00:00:80:D2:80:00:00:80:CE:40:00:00:80:D0:40:00:00:80:CF:00:00:00:80:CD:80:00:00:80:CD:00:00:00:80:8D:40:00:00:80:C7:00:00:00:80:CF:00:00:00:80:CF:00:00:00:80:CE:40:00:00:80:C9:80:00:00:80:D0:80:00:00:80:C8:80:00:00:80:CD:80:00:00:80:C7:C0:00:00:80:CE:C0:00:00:80:C2:00:89:6F:00:00:FF:FF:00:00:00:AB:10:45:46]
createSpiroLiveGraph~[8439808, 8441728, 8441600, 8440576, 8441152, 8441984, 8441280, 8441984, 8441984, 8441344, 8441600, 8441984, 8441152, 8441216, 8441984, 8441792, 8440960, 8441920, 8441344, 8442176]
spirodata~[53:48:DA:00:C8:05:1D:00:00:80:C8:00:00:00:80:CF:80:00:00:80:CF:00:00:00:80:CB:00:00:00:80:CD:40:00:00:80:D0:80:00:00:80:CD:C0:00:00:80:D0:80:00:00:80:D0:80:00:00:80:CE:00:00:00:80:CF:00:00:00:80:D0:80:00:00:80:CD:40:00:00:80:CD:80:00:00:80:D0:80:00:00:80:CF:C0:00:00:80:CC:80:00:00:80:D0:40:00:00:80:CE:00:00:00:80:D1:40:89:78:40:00:FF:FF:00:00:00:AB:10:45:46]
createSpiroLiveGraph~[8441792, 8441344, 8440768, 8441472, 8441152, 8442048, 8441728, 8425984, 8441216, 8442048, 8442048, 8441280, 8441536, 8441088, 8440320, 8442368, 8441408, 8440768, 8441536, 8441216]
spirodata~[53:48:DA:00:C8:05:1E:00:00:80:CF:C0:00:00:80:CE:00:00:00:80:CB:C0:00:00:80:CE:80:00:00:80:CD:40:00:00:80:D0:C0:00:00:80:CF:80:00:00:80:92:00:00:00:80:CD:80:00:00:80:D0:C0:00:00:80:D0:C0:00:00:80:CD:C0:00:00:80:CE:C0:00:00:80:CD:00:00:00:80:CA:00:00:00:80:D2:00:00:00:80:CE:40:00:00:80:CB:C0:00:00:80:CE:C0:00:00:80:CD:80:89:6E:00:00:FF:FF:00:00:00:AB:10:45:46]
createSpiroLiveGraph~[8441664, 8442048, 8442112, 8441216, 8441216, 8440384, 8436864, 8442112, 8440896, 8441472, 8440384, 8441536, 8442688, 8441792, 8441152, 8439680, 8441152, 8441216, 8441728, 8440832]
spirodata~[53:48:DA:00:C8:05:1F:00:00:80:CF:40:00:00:80:D0:C0:00:00:80:D1:00:00:00:80:CD:80:00:00:80:CD:80:00:00:80:CA:40:00:00:80:BC:80:00:00:80:D1:00:00:00:80:CC:40:00:00:80:CE:80:00:00:80:CA:40:00:00:80:CE:C0:00:00:80:D3:40:00:00:80:CF:C0:00:00:80:CD:40:00:00:80:C7:80:00:00:80:CD:40:00:00:80:CD:80:00:00:80:CF:80:00:00:80:CC:00:89:6F:00:00:FF:FF:00:00:00:AB:10:45:46]
createSpiroLiveGraph~[8441408, 8440448, 8441664, 8441024, 8441216, 8441216, 8428672, 8441536, 8441536, 8441280, 8440704, 8442304, 8442240, 8441344, 8441088, 8440960, 8441472, 8441920, 8441984, 8442176]
spirodata~[53:48:DA:00:C8:05:20:00:00:80:CE:40:00:00:80:CA:80:00:00:80:CF:40:00:00:80:CC:C0:00:00:80:CD:80:00:00:80:CD:80:00:00:80:9C:80:00:00:80:CE:C0:00:00:80:CE:C0:00:00:80:CD:C0:00:00:80:CB:80:00:00:80:D1:C0:00:00:80:D1:80:00:00:80:CE:00:00:00:80:CD:00:00:00:80:CC:80:00:00:80:CE:80:00:00:80:D0:40:00:00:80:D0:80:00:00:80:D1:40:89:6C:C0:00:FF:FF:00:00:00:AB:10:45:46]
createSpiroLiveGraph~[8441408, 8441536, 8441408, 8441792, 8440960, 8441024, 8441280, 8442240, 8441536, 8441344, 8441216, 8442048, 8440192, 8441280, 8439872, 8441600, 8440704, 8441600, 8441664, 8441344]
spirodata~[53:48:DA:00:C8:05:21:00:00:80:CE:40:00:00:80:CE:C0:00:00:80:CE:40:00:00:80:CF:C0:00:00:80:CC:80:00:00:80:CC:C0:00:00:80:CD:C0:00:00:80:D1:80:00:00:80:CE:C0:00:00:80:CE:00:00:00:80:CD:80:00:00:80:D0:C0:00:00:80:C9:80:00:00:80:CD:C0:00:00:80:C8:40:00:00:80:CF:00:00:00:80:CB:80:00:00:80:CF:00:00:00:80:CF:40:00:00:80:CE:00:89:7D:80:00:FF:FF:00:00:00:AB:10:45:46]
createSpiroLiveGraph~[8442816, 8441216, 8441984, 8440960, 8440704, 8431040, 8440576, 8441344, 8441216, 8441472, 8441152, 8441152, 8441600, 8441152, 8441216, 8440896, 8441088, 8441792, 8440128, 8441024]
spirodata~[53:48:DA:00:C8:05:22:00:00:80:D3:C0:00:00:80:CD:80:00:00:80:D0:80:00:00:80:CC:80:00:00:80:CB:80:00:00:80:A5:C0:00:00:80:CB:00:00:00:80:CE:00:00:00:80:CD:80:00:00:80:CE:80:00:00:80:CD:40:00:00:80:CD:40:00:00:80:CF:00:00:00:80:CD:40:00:00:80:CD:80:00:00:80:CC:40:00:00:80:CD:00:00:00:80:CF:C0:00:00:80:C9:40:00:00:80:CC:C0:89:73:00:00:FF:FF:00:00:00:AB:10:45:46]
createSpiroLiveGraph~[8441984, 8441856, 8440512, 8441856, 8441088, 8441600, 8440832, 8441728, 8441088, 8440576, 8440000, 8441920, 8440576, 8441344, 8440000, 8441920, 8442112, 8441984, 8441408, 8441344]
spirodata~[53:48:DA:00:C8:05:23:00:00:80:D0:80:00:00:80:D0:00:00:00:80:CA:C0:00:00:80:D0:00:00:00:80:CD:00:00:00:80:CF:00:00:00:80:CC:00:00:00:80:CF:80:00:00:80:CD:00:00:00:80:CB:00:00:00:80:C8:C0:00:00:80:D0:40:00:00:80:CB:00:00:00:80:CE:00:00:00:80:C8:C0:00:00:80:D0:40:00:00:80:D1:00:00:00:80:D0:80:00:00:80:CE:40:00:00:80:CE:00:89:85:C0:00:FF:FF:00:00:00:AB:10:45:46]
createSpiroLiveGraph~[8442368, 8433024, 8441664, 8441408, 8423936, 8440768, 8440832, 8441152, 8440960, 8441024, 8441216, 8440320, 8441024, 8439744, 8440384, 8439360, 8425920, 8426176, 8426496, 8422336]
spirodata~[53:48:DA:00:C8:05:24:00:00:80:D2:00:00:00:80:AD:80:00:00:80:CF:40:00:00:80:CE:40:00:00:80:8A:00:00:00:80:CB:C0:00:00:80:CC:00:00:00:80:CD:40:00:00:80:CC:80:00:00:80:CC:C0:00:00:80:CD:80:00:00:80:CA:00:00:00:80:CC:C0:00:00:80:C7:C0:00:00:80:CA:40:00:00:80:C6:40:00:00:80:91:C0:00:00:80:92:C0:00:00:80:94:00:00:00:80:83:C0:89:82:80:00:FF:FF:00:00:00:AB:10:45:46]
createSpiroLiveGraph~[8408320, 8388800, 8375232, 8355904, 8331968, 8293632, 8262656, 8229440, 8175296, 8156864, 8120960, 8059392, 8048512, 8017344, 7957184, 7904128, 7875008, 7832512, 7769792, 7692608]
spirodata~[53:48:DA:00:C8:05:25:00:00:80:4D:00:00:00:80:00:C0:00:00:7F:CB:C0:00:00:7F:80:40:00:00:7F:22:C0:00:00:7E:8D:00:00:00:7E:14:00:00:00:7D:92:40:00:00:7C:BE:C0:00:00:7C:76:C0:00:00:7B:EA:80:00:00:7A:FA:00:00:00:7A:CF:80:00:00:7A:55:C0:00:00:79:6A:C0:00:00:78:9B:80:00:00:78:29:C0:00:00:77:83:C0:00:00:76:8E:C0:00:00:75:61:40:89:7E:80:00:FF:FF:00:00:00:AB:10:45:46]
createSpiroLiveGraph~[7642496, 7593536, 7552896, 7531456, 7524160, 7468480, 7480320, 7440960, 7426304, 7431936, 7391552, 7416832, 7413632, 7434368, 7430400, 7435968, 7433152, 7433728, 7449216, 7438656]
spirodata~[53:48:DA:00:C8:05:26:00:00:74:9D:80:00:00:73:DE:40:00:00:73:3F:80:00:00:72:EB:C0:00:00:72:CF:40:00:00:71:F5:C0:00:00:72:24:00:00:00:71:8A:40:00:00:71:51:00:00:00:71:67:00:00:00:70:C9:40:00:00:71:2C:00:00:00:71:1F:80:00:00:71:70:80:00:00:71:61:00:00:00:71:76:C0:00:00:71:6B:C0:00:00:71:6E:00:00:00:71:AA:80:00:00:71:81:40:89:84:C0:00:FF:FF:00:00:00:AB:10:45:46]
createSpiroLiveGraph~[7436864, 7437440, 7480192, 7488192, 7559872, 7565184, 7591104, 7578496, 7629312, 7597952, 7593984, 7595520, 7631296, 7607808, 7611776, 7617920, 7631104, 7656064, 7664448, 7667264]
spirodata~[53:48:DA:00:C8:05:27:00:00:71:7A:40:00:00:71:7C:80:00:00:72:23:80:00:00:72:42:C0:00:00:73:5A:C0:00:00:73:6F:80:00:00:73:D4:C0:00:00:73:A3:80:00:00:74:6A:00:00:00:73:EF:80:00:00:73:E0:00:00:00:73:E6:00:00:00:74:71:C0:00:00:74:16:00:00:00:74:25:80:00:00:74:3D:80:00:00:74:71:00:00:00:74:D2:80:00:00:74:F3:40:00:00:74:FE:40:89:7A:40:00:FF:FF:00:00:00:AB:10:45:46]
createSpiroLiveGraph~[7703872, 7770304, 7718272, 7760448, 7771648, 7829632, 7820096, 7845504, 7890560, 7908032, 7858368, 7907968, 7960256, 7937280, 7941568, 7987904, 7998464, 7970240, 7979008, 7994944]
spirodata~[53:48:DA:00:C8:05:28:00:00:75:8D:40:00:00:76:90:C0:00:00:75:C5:80:00:00:76:6A:40:00:00:76:96:00:00:00:77:78:80:00:00:77:53:40:00:00:77:B6:80:00:00:78:66:80:00:00:78:AA:C0:00:00:77:E8:C0:00:00:78:AA:80:00:00:79:76:C0:00:00:79:1D:00:00:00:79:2D:C0:00:00:79:E2:C0:00:00:7A:0C:00:00:00:79:9D:C0:00:00:79:C0:00:00:00:79:FE:40:89:6A:C0:00:FF:FF:00:00:00:AB:10:45:46]
createSpiroLiveGraph~[8016128, 8010624, 8023424, 8048192, 8061248, 8058624, 8095936, 8116800, 8084736, 8132608, 8153152, 8166144, 8196096, 8186752, 8211328, 8225408, 8224768, 8229760, 8250816, 8278848]
spirodata~[53:48:DA:00:C8:05:29:00:00:7A:51:00:00:00:7A:3B:80:00:00:7A:6D:80:00:00:7A:CE:40:00:00:7B:01:40:00:00:7A:F7:00:00:00:7B:88:C0:00:00:7B:DA:40:00:00:7B:5D:00:00:00:7C:18:00:00:00:7C:68:40:00:00:7C:9B:00:00:00:7D:10:00:00:00:7C:EB:80:00:00:7D:4B:80:00:00:7D:82:80:00:00:7D:80:00:00:00:7D:93:80:00:00:7D:E5:C0:00:00:7E:53:40:89:68:C0:00:FF:FF:00:00:00:AB:10:45:46]
createSpiroLiveGraph~[8295808, 8284416, 8317184, 8328000, 8339968, 8350656, 8362752, 8377792, 8381824, 8400896, 8402240, 8414272, 8424384, 8432704, 8439744, 8444352, 8446144, 8447168, 8446272, 8443200]
spirodata~[53:48:DA:00:C8:05:2A:00:00:7E:95:80:00:00:7E:69:00:00:00:7E:E9:00:00:00:7F:13:40:00:00:7F:42:00:00:00:7F:6B:C0:00:00:7F:9B:00:00:00:7F:D5:C0:00:00:7F:E5:80:00:00:80:30:00:00:00:80:35:40:00:00:80:64:40:00:00:80:8B:C0:00:00:80:AC:40:00:00:80:C7:C0:00:00:80:D9:C0:00:00:80:E0:C0:00:00:80:E4:C0:00:00:80:E1:40:00:00:80:D5:40:89:71:00:00:FF:FF:00:00:00:AB:10:45:46]
createSpiroLiveGraph~[8442880, 8440640, 8439552, 8438784, 8431360, 8428288, 8431296, 8431936, 8433472, 8437312, 8435456, 8442240, 8446528, 8442944, 8449600, 8453760, 8454336, 8451072, 8450176, 8448192]
spirodata~[53:48:DA:00:C8:05:2B:00:00:80:D4:00:00:00:80:CB:40:00:00:80:C7:00:00:00:80:C4:00:00:00:80:A7:00:00:00:80:9B:00:00:00:80:A6:C0:00:00:80:A9:40:00:00:80:AF:40:00:00:80:BE:40:00:00:80:B7:00:00:00:80:D1:80:00:00:80:E2:40:00:00:80:D4:40:00:00:80:EE:40:00:00:80:FE:80:00:00:81:00:C0:00:00:80:F4:00:00:00:80:F0:80:00:00:80:E8:C0:89:71:00:00:FF:FF:00:00:00:AB:10:45:46]
createSpiroLiveGraph~[8412608, 8442432, 8443904, 8443200, 8441536, 8442176, 8441728, 8437504, 8439360, 8439936, 8438848, 8437696, 8437056, 8433792, 8439552, 8441152, 8443072, 8444992, 8446400, 8446464]
spirodata~[53:48:DA:00:C8:05:2C:00:00:80:5D:C0:00:00:80:D2:40:00:00:80:D8:00:00:00:80:D5:40:00:00:80:CE:C0:00:00:80:D1:40:00:00:80:CF:80:00:00:80:BF:00:00:00:80:C6:40:00:00:80:C8:80:00:00:80:C4:40:00:00:80:BF:C0:00:00:80:BD:40:00:00:80:B0:80:00:00:80:C7:00:00:00:80:CD:40:00:00:80:D4:C0:00:00:80:DC:40:00:00:80:E1:C0:00:00:80:E2:00:89:6F:00:00:FF:FF:00:00:00:AB:10:45:46]
createSpiroLiveGraph~[8444608, 8444544, 8441792, 8440192, 8439232, 8438848, 8438784, 8439488, 8441344, 8442240, 8444032, 8445184, 8444480, 8447360, 8447296, 8446656, 8440832, 8444096, 8441664, 8439424]
spirodata~[53:48:DA:00:C8:05:2D:00:00:80:DA:C0:00:00:80:DA:80:00:00:80:CF:C0:00:00:80:C9:80:00:00:80:C5:C0:00:00:80:C4:40:00:00:80:C4:00:00:00:80:C6:C0:00:00:80:CE:00:00:00:80:D1:80:00:00:80:D8:80:00:00:80:DD:00:00:00:80:DA:40:00:00:80:E5:80:00:00:80:E5:40:00:00:80:E2:C0:00:00:80:CC:00:00:00:80:D8:C0:00:00:80:CF:40:00:00:80:C6:80:89:6A:C0:00:FF:FF:00:00:00:AB:10:45:46]
createSpiroLiveGraph~[8437248, 8438720, 8437312, 8437888, 8439040, 8440832, 8432576, 8441984, 8444160, 8444800, 8445056, 8443136, 8443008, 8442496, 8442112, 8439808, 8440128, 8441088, 8440768, 8438656]
spirodata~[53:48:DA:00:C8:05:2E:00:00:80:BE:00:00:00:80:C3:C0:00:00:80:BE:40:00:00:80:C0:80:00:00:80:C5:00:00:00:80:CC:00:00:00:80:AB:C0:00:00:80:D0:80:00:00:80:D9:00:00:00:80:DB:80:00:00:80:DC:80:00:00:80:D5:00:00:00:80:D4:80:00:00:80:D2:80:00:00:80:D1:00:00:00:80:C8:00:00:00:80:C9:40:00:00:80:CD:00:00:00:80:CB:C0:00:00:80:C3:80:89:65:80:00:FF:FF:00:00:00:AB:10:45:46]
createSpiroLiveGraph~[8442752, 8443584, 8443008, 8443328, 8442688, 8440448, 8441600, 8440960, 8439616, 8439424, 8439104, 8439872, 8441408, 8441472, 8442176, 8442496, 8442432, 8440896, 8439808, 8441280]
spirodata~[53:48:DA:00:C8:05:2F:00:00:80:D3:80:00:00:80:D6:C0:00:00:80:D4:80:00:00:80:D5:C0:00:00:80:D3:40:00:00:80:CA:80:00:00:80:CF:00:00:00:80:CC:80:00:00:80:C7:40:00:00:80:C6:80:00:00:80:C5:40:00:00:80:C8:40:00:00:80:CE:40:00:00:80:CE:80:00:00:80:D1:40:00:00:80:D2:80:00:00:80:D2:40:00:00:80:CC:40:00:00:80:C8:00:00:00:80:CD:C0:89:82:80:00:FF:FF:00:00:00:AB:10:45:46]
createSpiroLiveGraph~[8441344, 8441216, 8440896, 8441024, 8438848, 8433088, 8441024, 8441664, 8441984, 8443072, 8443968, 8442560, 8441344, 8442432, 8441728, 8441472, 8439872, 8440320, 8438208, 8440064]
spirodata~[53:48:DA:00:C8:05:30:00:00:80:CE:00:00:00:80:CD:80:00:00:80:CC:40:00:00:80:CC:C0:00:00:80:C4:40:00:00:80:AD:C0:00:00:80:CC:C0:00:00:80:CF:40:00:00:80:D0:80:00:00:80:D4:C0:00:00:80:D8:40:00:00:80:D2:C0:00:00:80:CE:00:00:00:80:D2:40:00:00:80:CF:80:00:00:80:CE:80:00:00:80:C8:40:00:00:80:CA:00:00:00:80:C1:C0:00:00:80:C9:00:89:95:40:00:FF:FF:00:00:00:AB:10:45:46]
createSpiroLiveGraph~[8439232, 8442368, 8442496, 8436672, 8439424, 8441984, 8441216, 8439296, 8440256, 8441600, 8441408, 8439936, 8440576, 8441792, 8441792, 8442496, 8442816, 8442368, 8443392, 8443648]
spirodata~[53:48:DA:00:C8:05:31:00:00:80:C5:C0:00:00:80:D2:00:00:00:80:D2:80:00:00:80:BB:C0:00:00:80:C6:80:00:00:80:D0:80:00:00:80:CD:80:00:00:80:C6:00:00:00:80:C9:C0:00:00:80:CF:00:00:00:80:CE:40:00:00:80:C8:80:00:00:80:CB:00:00:00:80:CF:C0:00:00:80:CF:C0:00:00:80:D2:80:00:00:80:D3:C0:00:00:80:D2:00:00:00:80:D6:00:00:00:80:D7:00:89:78:40:00:FF:FF:00:00:00:AB:10:45:46]
createSpiroLiveGraph~[8442176, 8441984, 8440256, 8441472, 8434688, 8439680, 8440064, 8437888, 8441152, 8441664, 8441664, 8442048, 8442368, 8442752, 8443136, 8442176, 8442112, 8433856, 8439296, 8440256]
spirodata~[53:48:DA:00:C8:05:32:00:00:80:D1:40:00:00:80:D0:80:00:00:80:C9:C0:00:00:80:CE:80:00:00:80:B4:00:00:00:80:C7:80:00:00:80:C9:00:00:00:80:C0:80:00:00:80:CD:40:00:00:80:CF:40:00:00:80:CF:40:00:00:80:D0:C0:00:00:80:D2:00:00:00:80:D3:80:00:00:80:D5:00:00:00:80:D1:40:00:00:80:D1:00:00:00:80:B0:C0:00:00:80:C6:00:00:00:80:C9:C0:89:8B:00:00:FF:FF:00:00:00:AB:10:45:46]
createSpiroLiveGraph~[8441792, 8441344, 8441728, 8439872, 8442304, 8443200, 8442688, 8441600, 8441856, 8441216, 8440640, 8439232, 8442048, 8441472, 8441344, 8442176, 8442560, 8441664, 8442240, 8439872]
spirodata~[53:48:DA:00:C8:05:33:00:00:80:CF:C0:00:00:80:CE:00:00:00:80:CF:80:00:00:80:C8:40:00:00:80:D1:C0:00:00:80:D5:40:00:00:80:D3:40:00:00:80:CF:00:00:00:80:D0:00:00:00:80:CD:80:00:00:80:CB:40:00:00:80:C5:C0:00:00:80:D0:C0:00:00:80:CE:80:00:00:80:CE:00:00:00:80:D1:40:00:00:80:D2:C0:00:00:80:CF:40:00:00:80:D1:80:00:00:80:C8:40:89:90:00:00:FF:FF:00:00:00:AB:10:45:46]
createSpiroLiveGraph~[8441920, 8442368, 8441216, 8434112, 8440384, 8440128, 8439616, 8440640, 8440640, 8440192, 8443200, 8443200, 8443584, 8443200, 8442944, 8433792, 8426944, 8441344, 8440320, 8440512]
spirodata~[53:48:DA:00:C8:05:34:00:00:80:D0:40:00:00:80:D2:00:00:00:80:CD:80:00:00:80:B1:C0:00:00:80:CA:40:00:00:80:C9:40:00:00:80:C7:40:00:00:80:CB:40:00:00:80:CB:40:00:00:80:C9:80:00:00:80:D5:40:00:00:80:D5:40:00:00:80:D6:C0:00:00:80:D5:40:00:00:80:D4:40:00:00:80:B0:80:00:00:80:95:C0:00:00:80:CE:00:00:00:80:CA:00:00:00:80:CA:C0:89:5C:40:00:FF:FF:00:00:00:AB:10:45:46]
createSpiroLiveGraph~[8440576, 8440640, 8439168, 8441728, 8442496, 8442752, 8441472, 8441792, 8440896, 8441216, 8440448, 8440512, 8440320, 8440384, 8439872, 8441216, 8440640, 8443264, 8441280, 8436288]
spirodata~[53:48:DA:00:C8:05:35:00:00:80:CB:00:00:00:80:CB:40:00:00:80:C5:80:00:00:80:CF:80:00:00:80:D2:80:00:00:80:D3:80:00:00:80:CE:80:00:00:80:CF:C0:00:00:80:CC:40:00:00:80:CD:80:00:00:80:CA:80:00:00:80:CA:C0:00:00:80:CA:00:00:00:80:CA:40:00:00:80:C8:40:00:00:80:CD:80:00:00:80:CB:40:00:00:80:D5:80:00:00:80:CD:C0:00:00:80:BA:40:89:61:80:00:FF:FF:00:00:00:AB:10:45:46]
createSpiroLiveGraph~[8439680, 8440256, 8434304, 8439808, 8440512, 8439680, 8440640, 8441280, 8442304, 8444032, 8444864, 8446208, 8447232, 8448192, 8449792, 8431296, 8454016, 8456384, 8458496, 8460608]
spirodata~[53:48:DA:00:C8:05:36:00:00:80:C7:80:00:00:80:C9:C0:00:00:80:B2:80:00:00:80:C8:00:00:00:80:CA:C0:00:00:80:C7:80:00:00:80:CB:40:00:00:80:CD:C0:00:00:80:D1:C0:00:00:80:D8:80:00:00:80:DB:C0:00:00:80:E1:00:00:00:80:E5:00:00:00:80:E8:C0:00:00:80:EF:00:00:00:80:A6:C0:00:00:80:FF:80:00:00:81:08:C0:00:00:81:11:00:00:00:81:19:40:89:83:C0:00:FF:FF:00:00:00:AB:10:45:46]
createSpiroLiveGraph~[8467648, 8471872, 8482368, 8505920, 8535040, 8574464, 8635328, 8726336, 8851648, 9008960, 9169152, 9379840, 9724992, 9665408, 9961792, 10213568, 10646336, 10046400, 9795328, 9787648]
spirodata~[53:48:DA:00:C8:05:37:00:00:81:34:C0:00:00:81:45:40:00:00:81:6E:40:00:00:81:CA:40:00:00:82:3C:00:00:00:82:D6:00:00:00:83:C3:C0:00:00:85:27:40:00:00:87:10:C0:00:00:89:77:40:00:00:8B:E9:00:00:00:8F:20:00:00:00:94:64:40:00:00:93:7B:80:00:00:98:01:40:00:00:9B:D8:C0:00:00:A2:73:40:00:00:99:4B:C0:00:00:95:77:00:00:00:95:59:00:89:6F:00:00:FF:FF:00:00:00:AB:10:45:46]
createSpiroLiveGraph~[9624896, 9538624, 9617600, 9148096, 9291968, 9183808, 9128576, 9311680, 9190720, 9145792, 9143104, 9092096, 9009984, 9086656, 9097216, 9108608, 9074176, 8912704, 9137216, 8978240]
spirodata~[53:48:DA:00:C8:05:38:00:00:92:DD:40:00:00:91:8C:40:00:00:92:C0:C0:00:00:8B:96:C0:00:00:8D:C8:C0:00:00:8C:22:40:00:00:8B:4A:80:00:00:8E:15:C0:00:00:8C:3D:40:00:00:8B:8D:C0:00:00:8B:83:40:00:00:8A:BC:00:00:00:89:7B:40:00:00:8A:A6:C0:00:00:8A:D0:00:00:00:8A:FC:80:00:00:8A:76:00:00:00:87:FF:40:00:00:8B:6C:40:00:00:88:FF:40:89:86:C0:00:FF:FF:00:00:00:AB:10:45:46]
createSpiroLiveGraph~[8881472, 8972608, 9005248, 8891520, 8943616, 8783488, 8872128, 8791936, 8805120, 8822016, 8800192, 8889792, 8812928, 8817216, 8745600, 8720448, 8695744, 8736640, 8722816, 8762944]
spirodata~[53:48:DA:00:C8:05:39:00:00:87:85:40:00:00:88:E9:40:00:00:89:68:C0:00:00:87:AC:80:00:00:88:78:00:00:00:86:06:80:00:00:87:60:C0:00:00:86:27:80:00:00:86:5B:00:00:00:86:9D:00:00:00:86:47:C0:00:00:87:A5:C0:00:00:86:79:80:00:00:86:8A:40:00:00:85:72:80:00:00:85:10:40:00:00:84:AF:C0:00:00:85:4F:80:00:00:85:19:80:00:00:85:B6:40:89:8C:00:00:FF:FF:00:00:00:AB:10:45:46]
createSpiroLiveGraph~[8728128, 8687360, 8674624, 8720704, 8621312, 8702144, 8682112, 8609024, 8659904, 8622720, 8631104, 8647616, 8642112, 8604672, 8552448, 8571712, 8600896, 8578560, 8573568, 8587712]
spirodata~[53:48:DA:00:C8:05:3A:00:00:85:2E:40:00:00:84:8F:00:00:00:84:5D:40:00:00:85:11:40:00:00:83:8D:00:00:00:84:C8:C0:00:00:84:7A:80:00:00:83:5D:00:00:00:84:23:C0:00:00:83:92:80:00:00:83:B3:40:00:00:83:F3:C0:00:00:83:DE:40:00:00:83:4C:00:00:00:82:80:00:00:00:82:CB:40:00:00:83:3D:40:00:00:82:E6:00:00:00:82:D2:80:00:00:83:09:C0:89:8C:00:00:FF:FF:00:00:00:AB:10:45:46]
createSpiroLiveGraph~[8613696, 8591936, 8585792, 8593856, 8565696, 8569088, 8581120, 8569728, 8552960, 8559296, 8573696, 8565632, 8552192, 8544448, 8538304, 8556416, 8547328, 8567488, 8558464, 8579584]
spirodata~[53:48:DA:00:C8:05:3B:00:00:83:6F:40:00:00:83:1A:40:00:00:83:02:40:00:00:83:21:C0:00:00:82:B3:C0:00:00:82:C1:00:00:00:82:F0:00:00:00:82:C3:80:00:00:82:82:00:00:00:82:9A:C0:00:00:82:D3:00:00:00:82:B3:80:00:00:82:7F:00:00:00:82:60:C0:00:00:82:48:C0:00:00:82:8F:80:00:00:82:6C:00:00:00:82:BA:C0:00:00:82:97:80:00:00:82:EA:00:89:73:00:00:FF:FF:00:00:00:AB:10:45:46]
createSpiroLiveGraph~[8540096, 8538432, 8553728, 8531392, 8523968, 8532288, 8545600, 8568256, 8536448, 8506048, 8525760, 8518720, 8503616, 8530304, 8515200, 8505472, 8505920, 8520384, 8508800, 8508352]
spirodata~[53:48:DA:00:C8:05:3C:00:00:82:4F:C0:00:00:82:49:40:00:00:82:85:00:00:00:82:2D:C0:00:00:82:10:C0:00:00:82:31:40:00:00:82:65:40:00:00:82:BD:C0:00:00:82:41:80:00:00:81:CA:C0:00:00:82:17:C0:00:00:81:FC:40:00:00:81:C1:40:00:00:82:29:80:00:00:81:EE:80:00:00:81:C8:80:00:00:81:CA:40:00:00:82:02:C0:00:00:81:D5:80:00:00:81:D3:C0:89:7F:80:00:FF:FF:00:00:00:AB:10:45:46]
createSpiroLiveGraph~[8494080, 8498688, 8502016, 8512640, 8492096, 8495808, 8499520, 8500864, 8494592, 8492224, 8486976, 8492480, 8498176, 8486272, 8488448, 8484800, 8480832, 8478784, 8477440, 8475392]
spirodata~[53:48:DA:00:C8:05:3D:00:00:81:9C:00:00:00:81:AE:00:00:00:81:BB:00:00:00:81:E4:80:00:00:81:94:40:00:00:81:A2:C0:00:00:81:B1:40:00:00:81:B6:80:00:00:81:9E:00:00:00:81:94:C0:00:00:81:80:40:00:00:81:95:C0:00:00:81:AC:00:00:00:81:7D:80:00:00:81:86:00:00:00:81:77:C0:00:00:81:68:40:00:00:81:60:40:00:00:81:5B:00:00:00:81:53:00:89:77:40:00:FF:FF:00:00:00:AB:10:45:46]
createSpiroLiveGraph~[8491136, 8475200, 8473152, 8474688, 8474048, 8463424, 8471168, 8464064, 8464896, 8468928, 8463424, 8443264, 8461184, 8465472, 8463552, 8463168, 8461632, 8457408, 8459776, 8464960]
spirodata~[53:48:DA:00:C8:05:3E:00:00:81:90:80:00:00:81:52:40:00:00:81:4A:40:00:00:81:50:40:00:00:81:4D:C0:00:00:81:24:40:00:00:81:42:80:00:00:81:26:C0:00:00:81:2A:00:00:00:81:39:C0:00:00:81:24:40:00:00:80:D5:80:00:00:81:1B:80:00:00:81:2C:40:00:00:81:24:C0:00:00:81:23:40:00:00:81:1D:40:00:00:81:0C:C0:00:00:81:16:00:00:00:81:2A:40:89:80:80:00:FF:FF:00:00:00:AB:10:45:46]
createSpiroLiveGraph~[8462208, 8459968, 8457024, 8460544, 8464896, 8462080, 8461504, 8461824, 8463168, 8456576, 8460416, 8459456, 8456256, 8455552, 8452800, 8453248, 8452736, 8452992, 8457152, 8456000]
spirodata~[53:48:DA:00:C8:05:3F:00:00:81:1F:80:00:00:81:16:C0:00:00:81:0B:40:00:00:81:19:00:00:00:81:2A:00:00:00:81:1F:00:00:00:81:1C:C0:00:00:81:1E:00:00:00:81:23:40:00:00:81:09:80:00:00:81:18:80:00:00:81:14:C0:00:00:81:08:40:00:00:81:05:80:00:00:80:FA:C0:00:00:80:FC:80:00:00:80:FA:80:00:00:80:FB:80:00:00:81:0B:C0:00:00:81:07:40:89:73:00:00:FF:FF:00:00:00:AB:10:45:46]
createSpiroLiveGraph~[8459264, 8456448, 8453760, 8451584, 8452224, 8455040, 8453440, 8454912, 8456384, 8451456, 8426496, 8450880, 8447680, 8442880, 8450560, 8448512, 8450816, 8452864, 8452352, 8450240]
spirodata~[53:48:DA:00:C8:05:40:00:00:81:14:00:00:00:81:09:00:00:00:80:FE:80:00:00:80:F6:00:00:00:80:F8:80:00:00:81:03:80:00:00:80:FD:40:00:00:81:03:00:00:00:81:08:C0:00:00:80:F5:80:00:00:80:94:00:00:00:80:F3:40:00:00:80:E6:C0:00:00:80:D4:00:00:00:80:F2:00:00:00:80:EA:00:00:00:80:F3:00:00:00:80:FB:00:00:00:80:F9:00:00:00:80:F0:C0:89:80:80:00:FF:FF:00:00:00:AB:10:45:46]
createSpiroLiveGraph~[8451136, 8451904, 8450496, 8445312, 8449280, 8448064, 8447488, 8445824, 8448512, 8447680, 8447168, 8446976, 8443904, 8446912, 8445952, 8446528, 8443008, 8443136, 8446784, 8447616]
spirodata~[53:48:DA:00:C8:05:41:00:00:80:F4:40:00:00:80:F7:40:00:00:80:F1:C0:00:00:80:DD:80:00:00:80:ED:00:00:00:80:E8:40:00:00:80:E6:00:00:00:80:DF:80:00:00:80:EA:00:00:00:80:E6:C0:00:00:80:E4:C0:00:00:80:E4:00:00:00:80:D8:00:00:00:80:E3:C0:00:00:80:E0:00:00:00:80:E2:40:00:00:80:D4:80:00:00:80:D5:00:00:00:80:E3:40:00:00:80:E6:80:89:8C:00:00:FF:FF:00:00:00:AB:10:45:46]
createSpiroLiveGraph~[8447104, 8445824, 8445120, 8444032, 8441344, 8445184, 8444480, 8445888, 8443584, 8421120, 8445376, 8444992, 8445376, 8444480, 8445056, 8443776, 8444032, 8444736, 8444480, 8442816]
spirodata~[53:48:DA:00:C8:05:42:00:00:80:E4:80:00:00:80:DF:80:00:00:80:DC:C0:00:00:80:D8:80:00:00:80:CE:00:00:00:80:DD:00:00:00:80:DA:40:00:00:80:DF:C0:00:00:80:D6:C0:00:00:80:7F:00:00:00:80:DD:C0:00:00:80:DC:40:00:00:80:DD:C0:00:00:80:DA:40:00:00:80:DC:80:00:00:80:D7:80:00:00:80:D8:80:00:00:80:DB:40:00:00:80:DA:40:00:00:80:D3:C0:89:77:40:00:FF:FF:00:00:00:AB:10:45:46]
createSpiroLiveGraph~[8439680, 8443136, 8442432, 8442880, 8443776, 8443968, 8442304, 8445376, 8443840, 8444480, 8444928, 8444480, 8444224, 8444288, 8444736, 8443136, 8443072, 8442176, 8442944, 8443520]
spirodata~[53:48:DA:00:C8:05:43:00:00:80:C7:80:00:00:80:D5:00:00:00:80:D2:40:00:00:80:D4:00:00:00:80:D7:80:00:00:80:D8:40:00:00:80:D1:C0:00:00:80:DD:C0:00:00:80:D7:C0:00:00:80:DA:40:00:00:80:DC:00:00:00:80:DA:40:00:00:80:D9:40:00:00:80:D9:80:00:00:80:DB:40:00:00:80:D5:00:00:00:80:D4:C0:00:00:80:D1:40:00:00:80:D4:40:00:00:80:D6:80:89:8E:00:00:FF:FF:00:00:00:AB:10:45:46]
createSpiroLiveGraph~[8443328, 8443712, 8443712, 8441152, 8442176, 8442048, 8442816, 8442880, 8400768, 8441600, 8440960, 8442880, 8442048, 8442944, 8442752, 8441600, 8442048, 8442944, 8441728, 8442304]
spirodata~[53:48:DA:00:C8:05:44:00:00:80:D5:C0:00:00:80:D7:40:00:00:80:D7:40:00:00:80:CD:40:00:00:80:D1:40:00:00:80:D0:C0:00:00:80:D3:C0:00:00:80:D4:00:00:00:80:2F:80:00:00:80:CF:00:00:00:80:CC:80:00:00:80:D4:00:00:00:80:D0:C0:00:00:80:D4:40:00:00:80:D3:80:00:00:80:CF:00:00:00:80:D0:C0:00:00:80:D4:40:00:00:80:CF:80:00:00:80:D1:C0:89:81:80:00:FF:FF:00:00:00:AB:10:45:46]
createSpiroLiveGraph~[8436736, 8442176, 8442048, 8441664, 8439744, 8441408, 8442304, 8439040, 8432384, 8442048, 8442496, 8441984, 8440768, 8442240, 8441856, 8439616, 8440896, 8442048, 8441728, 8442624]
spirodata~[53:48:DA:00:C8:05:45:00:00:80:BC:00:00:00:80:D1:40:00:00:80:D0:C0:00:00:80:CF:40:00:00:80:C7:C0:00:00:80:CE:40:00:00:80:D1:C0:00:00:80:C5:00:00:00:80:AB:00:00:00:80:D0:C0:00:00:80:D2:80:00:00:80:D0:80:00:00:80:CB:C0:00:00:80:D1:80:00:00:80:D0:00:00:00:80:C7:40:00:00:80:CC:40:00:00:80:D0:C0:00:00:80:CF:80:00:00:80:D3:00:89:7A:40:00:FF:FF:00:00:00:AB:10:45:46]
createSpiroLiveGraph~[8441728, 8442432, 8442432, 8441856, 8442112, 8437120, 8442368, 8402944, 8441856, 8442112, 8441920, 8440704, 8435648, 8441728, 8439168, 8441664, 8441600, 8438784, 8440384, 8441280]
spirodata~[53:48:DA:00:C8:05:46:00:00:80:CF:80:00:00:80:D2:40:00:00:80:D2:40:00:00:80:D0:00:00:00:80:D1:00:00:00:80:BD:80:00:00:80:D2:00:00:00:80:38:00:00:00:80:D0:00:00:00:80:D1:00:00:00:80:D0:40:00:00:80:CB:80:00:00:80:B7:C0:00:00:80:CF:80:00:00:80:C5:80:00:00:80:CF:40:00:00:80:CF:00:00:00:80:C4:00:00:00:80:CA:40:00:00:80:CD:C0:89:6E:00:00:FF:FF:00:00:00:AB:10:45:46]
createSpiroLiveGraph~[8438016, 8442176, 8442368, 8442560, 8442112, 8438592, 8441984, 8442368, 8442304, 8441024, 8442496, 8442368, 8441792, 8442048, 8441856, 8442496, 8437952, 8442112, 8441920, 8442624]
spirodata~[53:48:DA:00:C8:05:47:00:00:80:C1:00:00:00:80:D1:40:00:00:80:D2:00:00:00:80:D2:C0:00:00:80:D1:00:00:00:80:C3:40:00:00:80:D0:80:00:00:80:D2:00:00:00:80:D1:C0:00:00:80:CC:C0:00:00:80:D2:80:00:00:80:D2:00:00:00:80:CF:C0:00:00:80:D0:C0:00:00:80:D0:00:00:00:80:D2:80:00:00:80:C0:C0:00:00:80:D1:00:00:00:80:D0:40:00:00:80:D3:00:89:78:40:00:FF:FF:00:00:00:AB:10:45:46]
createSpiroLiveGraph~[8442624, 8441216, 8442368, 8442432, 8441664, 8442752, 8410688, 8442432, 8441408, 8441280, 8440640, 8441728, 8440768, 8440064, 8441152, 8441600, 8438848, 8441280, 8441664, 8440960]
spirodata~[53:48:DA:00:C8:05:48:00:00:80:D3:00:00:00:80:CD:80:00:00:80:D2:00:00:00:80:D2:40:00:00:80:CF:40:00:00:80:D3:80:00:00:80:56:40:00:00:80:D2:40:00:00:80:CE:40:00:00:80:CD:C0:00:00:80:CB:40:00:00:80:CF:80:00:00:80:CB:C0:00:00:80:C9:00:00:00:80:CD:40:00:00:80:CF:00:00:00:80:C4:40:00:00:80:CD:C0:00:00:80:CF:40:00:00:80:CC:80:89:76:40:00:FF:FF:00:00:00:AB:10:45:46]
createSpiroLiveGraph~[8441856, 8442432, 8441984, 8443072, 8441600, 8441408, 8442048, 8440448, 8441792, 8441280, 8438720, 8441408, 8442176, 8441280, 8441408, 8441344, 8439936, 8441728, 8441792, 8440384]
spirodata~[53:48:DA:00:C8:05:49:00:00:80:D0:00:00:00:80:D2:40:00:00:80:D0:80:00:00:80:D4:C0:00:00:80:CF:00:00:00:80:CE:40:00:00:80:D0:C0:00:00:80:CA:80:00:00:80:CF:C0:00:00:80:CD:C0:00:00:80:C3:C0:00:00:80:CE:40:00:00:80:D1:40:00:00:80:CD:C0:00:00:80:CE:40:00:00:80:CE:00:00:00:80:C8:80:00:00:80:CF:80:00:00:80:CF:C0:00:00:80:CA:40:89:9A:80:00:FF:FF:00:00:00:AB:10:45:46]
createSpiroLiveGraph~[8441216, 8442944, 8440640, 8436288, 8438784, 8424256, 8440960, 8441664, 8441792, 8441664, 8440832, 8439936, 8439744, 8441792, 8439424, 8441024, 8441408, 8442048, 8440384, 8441024]
spirodata~[53:48:DA:00:C8:05:4A:00:00:80:CD:80:00:00:80:D4:40:00:00:80:CB:40:00:00:80:BA:40:00:00:80:C4:00:00:00:80:8B:40:00:00:80:CC:80:00:00:80:CF:40:00:00:80:CF:C0:00:00:80:CF:40:00:00:80:CC:00:00:00:80:C8:80:00:00:80:C7:C0:00:00:80:CF:C0:00:00:80:C6:80:00:00:80:CC:C0:00:00:80:CE:40:00:00:80:D0:C0:00:00:80:CA:40:00:00:80:CC:C0:89:86:C0:00:FF:FF:00:00:00:AB:10:45:46]
createSpiroLiveGraph~[8440832, 8442176, 8437376, 8439040, 8442304, 8441024, 8439040, 8431744, 8441920, 8440640, 8441408, 8441728, 8441920, 8439616, 8438208, 8441024, 8441536, 8441856, 8441472, 8441792]
spirodata~[53:48:DA:00:C8:05:4B:00:00:80:CC:00:00:00:80:D1:40:00:00:80:BE:80:00:00:80:C5:00:00:00:80:D1:C0:00:00:80:CC:C0:00:00:80:C5:00:00:00:80:A8:80:00:00:80:D0:40:00:00:80:CB:40:00:00:80:CE:40:00:00:80:CF:80:00:00:80:D0:40:00:00:80:C7:40:00:00:80:C1:C0:00:00:80:CC:C0:00:00:80:CE:C0:00:00:80:D0:00:00:00:80:CE:80:00:00:80:CF:C0:89:91:00:00:FF:FF:00:00:00:AB:10:45:46]
createSpiroLiveGraph~[8441792, 8441600, 8439808, 8441472, 8433664, 8436992, 8441024, 8441472, 8440896, 8440192, 8438528, 8431808, 8440000, 8439744, 8440832, 8441344, 8439616, 8441920, 8441280, 8441728]
spirodata~[53:48:DA:00:C8:05:4C:00:00:80:CF:C0:00:00:80:CF:00:00:00:80:C8:00:00:00:80:CE:80:00:00:80:B0:00:00:00:80:BD:00:00:00:80:CC:C0:00:00:80:CE:80:00:00:80:CC:40:00:00:80:C9:80:00:00:80:C3:00:00:00:80:A8:C0:00:00:80:C8:C0:00:00:80:C7:C0:00:00:80:CC:00:00:00:80:CE:00:00:00:80:C7:40:00:00:80:D0:40:00:00:80:CD:C0:00:00:80:CF:80:89:8D:00:00:FF:FF:00:00:00:AB:10:45:46]
createSpiroLiveGraph~[8442496, 8441728, 8442624, 8441472, 8441408, 8440640, 8442176, 8441472, 8440768, 8441792, 8441728, 8442560, 8441024, 8437312, 8441920, 8436224, 8442432, 8441408, 8442240, 8441728]
spirodata~[53:48:DA:00:C8:05:4D:00:00:80:D2:80:00:00:80:CF:80:00:00:80:D3:00:00:00:80:CE:80:00:00:80:CE:40:00:00:80:CB:40:00:00:80:D1:40:00:00:80:CE:80:00:00:80:CB:C0:00:00:80:CF:C0:00:00:80:CF:80:00:00:80:D2:C0:00:00:80:CC:C0:00:00:80:BE:40:00:00:80:D0:40:00:00:80:BA:00:00:00:80:D2:40:00:00:80:CE:40:00:00:80:D1:80:00:00:80:CF:80:89:8F:00:00:FF:FF:00:00:00:AB:10:45:46]
createSpiroLiveGraph~[8441984, 8442496, 8440384, 8441152, 8441088, 8440896, 8440640, 8440256, 8441536, 8441856, 8439360, 8440384, 8442176, 8441344, 8441088, 8441920, 8441664, 8441664, 8441664, 8438272]
spirodata~[53:48:DA:00:C8:05:4E:00:00:80:D0:80:00:00:80:D2:80:00:00:80:CA:40:00:00:80:CD:40:00:00:80:CD:00:00:00:80:CC:40:00:00:80:CB:40:00:00:80:C9:C0:00:00:80:CE:C0:00:00:80:D0:00:00:00:80:C6:40:00:00:80:CA:40:00:00:80:D1:40:00:00:80:CE:00:00:00:80:CD:00:00:00:80:D0:40:00:00:80:CF:40:00:00:80:CF:40:00:00:80:CF:40:00:00:80:C2:00:89:7B:40:00:FF:FF:00:00:00:AB:10:45:46]
createSpiroLiveGraph~[8442240, 8442240, 8441920, 8441856, 8442688, 8440256, 8441216, 8441792, 8441664, 8441344, 8442048, 8441344, 8441664, 8441024, 8440960, 8441472, 8441280, 8440896, 8441344, 8441664]
spirodata~[53:48:DA:00:C8:05:4F:00:00:80:D1:80:00:00:80:D1:80:00:00:80:D0:40:00:00:80:D0:00:00:00:80:D3:40:00:00:80:C9:C0:00:00:80:CD:80:00:00:80:CF:C0:00:00:80:CF:40:00:00:80:CE:00:00:00:80:D0:C0:00:00:80:CE:00:00:00:80:CF:40:00:00:80:CC:C0:00:00:80:CC:80:00:00:80:CE:80:00:00:80:CD:C0:00:00:80:CC:40:00:00:80:CE:00:00:00:80:CF:40:89:A4:C0:00:FF:FF:00:00:00:AB:10:45:46]
createSpiroLiveGraph~[8441024, 8440384, 8429760, 8438720, 8440832, 8441216, 8440640, 8441664, 8441984, 8440704, 8442112, 8442496, 8441600, 8442112, 8441792, 8441920, 8441088, 8441024, 8440256, 8442176]
spirodata~[53:48:DA:00:C8:05:50:00:00:80:CC:C0:00:00:80:CA:40:00:00:80:A0:C0:00:00:80:C3:C0:00:00:80:CC:00:00:00:80:CD:80:00:00:80:CB:40:00:00:80:CF:40:00:00:80:D0:80:00:00:80:CB:80:00:00:80:D1:00:00:00:80:D2:80:00:00:80:CF:00:00:00:80:D1:00:00:00:80:CF:C0:00:00:80:D0:40:00:00:80:CD:00:00:00:80:CC:C0:00:00:80:C9:C0:00:00:80:D1:40:89:8D:00:00:FF:FF:00:00:00:AB:10:45:46]
createSpiroLiveGraph~[8440896, 8440640, 8440704, 8441344, 8441280, 8442304, 8433984, 8441856, 8441536, 8441856, 8441088, 8440448, 8441536, 8441408, 8439296, 8440960, 8441984, 8442304, 8441024, 8441856]
spirodata~[53:48:DA:00:C8:05:51:00:00:80:CC:40:00:00:80:CB:40:00:00:80:CB:80:00:00:80:CE:00:00:00:80:CD:C0:00:00:80:D1:C0:00:00:80:B1:40:00:00:80:D0:00:00:00:80:CE:C0:00:00:80:D0:00:00:00:80:CD:00:00:00:80:CA:80:00:00:80:CE:C0:00:00:80:CE:40:00:00:80:C6:00:00:00:80:CC:80:00:00:80:D0:80:00:00:80:D1:C0:00:00:80:CC:C0:00:00:80:D0:00:89:8C:00:00:FF:FF:00:00:00:AB:10:45:46]
createSpiroLiveGraph~[8441728, 8441088, 8441280, 8441536, 8441920, 8441280, 8441792, 8441024, 8440128, 8441280, 8434816, 8441472, 8443200, 8442112, 8442112, 8441280, 8442560, 8441856, 8441536, 8441600]
spirodata~[53:48:DA:00:C8:05:52:00:00:80:CF:80:00:00:80:CD:00:00:00:80:CD:C0:00:00:80:CE:C0:00:00:80:D0:40:00:00:80:CD:C0:00:00:80:CF:C0:00:00:80:CC:C0:00:00:80:C9:40:00:00:80:CD:C0:00:00:80:B4:80:00:00:80:CE:80:00:00:80:D5:40:00:00:80:D1:00:00:00:80:D1:00:00:00:80:CD:C0:00:00:80:D2:C0:00:00:80:D0:00:00:00:80:CE:C0:00:00:80:CF:00:89:86:C0:00:FF:FF:00:00:00:AB:10:45:46]
createSpiroLiveGraph~[8439552, 8440960, 8441664, 8441472, 8442368, 8441344, 8441280, 8441344, 8441664, 8442048, 8440640, 8441600, 8441920, 8441344, 8437952, 8441664, 8441664, 8441088, 8441792, 8440128]
spirodata~[53:48:DA:00:C8:05:53:00:00:80:C7:00:00:00:80:CC:80:00:00:80:CF:40:00:00:80:CE:80:00:00:80:D2:00:00:00:80:CE:00:00:00:80:CD:C0:00:00:80:CE:00:00:00:80:CF:40:00:00:80:D0:C0:00:00:80:CB:40:00:00:80:CF:00:00:00:80:D0:40:00:00:80:CE:00:00:00:80:C0:C0:00:00:80:CF:40:00:00:80:CF:40:00:00:80:CD:00:00:00:80:CF:C0:00:00:80:C9:40:89:8B:00:00:FF:FF:00:00:00:AB:10:45:46]
createSpiroLiveGraph~[8438400, 8442048, 8441984, 8441344, 8440832, 8441600, 8440320, 8440576, 8440960, 8441664, 8441600, 8442048, 8441472, 8441472, 8441728, 8442304, 8441600, 8441664, 8439680, 8441472]
spirodata~[53:48:DA:00:C8:05:54:00:00:80:C2:80:00:00:80:D0:C0:00:00:80:D0:80:00:00:80:CE:00:00:00:80:CC:00:00:00:80:CF:00:00:00:80:CA:00:00:00:80:CB:00:00:00:80:CC:80:00:00:80:CF:40:00:00:80:CF:00:00:00:80:D0:C0:00:00:80:CE:80:00:00:80:CE:80:00:00:80:CF:80:00:00:80:D1:C0:00:00:80:CF:00:00:00:80:CF:40:00:00:80:C7:80:00:00:80:CE:80:89:80:80:00:FF:FF:00:00:00:AB:10:45:46]
createSpiroLiveGraph~[8438016, 8441536, 8441600, 8441472, 8441920, 8441152, 8441536, 8441216, 8441728, 8441024, 8441280, 8441664, 8441600, 8442432, 8440960, 8441152, 8441280, 8438912, 8441664, 8441792]
spirodata~[53:48:DA:00:C8:05:55:00:00:80:C1:00:00:00:80:CE:C0:00:00:80:CF:00:00:00:80:CE:80:00:00:80:D0:40:00:00:80:CD:40:00:00:80:CE:C0:00:00:80:CD:80:00:00:80:CF:80:00:00:80:CC:C0:00:00:80:CD:C0:00:00:80:CF:40:00:00:80:CF:00:00:00:80:D2:40:00:00:80:CC:80:00:00:80:CD:40:00:00:80:CD:C0:00:00:80:C4:80:00:00:80:CF:40:00:00:80:CF:C0:89:8B:00:00:FF:FF:00:00:00:AB:10:45:46]
createSpiroLiveGraph~[8441024, 8428224, 8437184, 8440512, 8440960, 8441856, 8439040, 8439424, 8441344, 8440896, 8437184, 8440576, 8440512, 8440192, 8440256, 8441152, 8441216, 8441216, 8441216, 8429824]
spirodata~[53:48:DA:00:C8:05:56:00:00:80:CC:C0:00:00:80:9A:C0:00:00:80:BD:C0:00:00:80:CA:C0:00:00:80:CC:80:00:00:80:D0:00:00:00:80:C5:00:00:00:80:C6:80:00:00:80:CE:00:00:00:80:CC:40:00:00:80:BD:C0:00:00:80:CB:00:00:00:80:CA:C0:00:00:80:C9:80:00:00:80:C9:C0:00:00:80:CD:40:00:00:80:CD:80:00:00:80:CD:80:00:00:80:CD:80:00:00:80:A1:00:89:9E:80:00:FF:FF:00:00:00:AB:10:45:46]
createSpiroLiveGraph~[8439744, 8439488, 8441792, 8442944, 8442880, 8435008, 8442240, 8442752, 8444032, 8443136, 8442880, 8443648, 8443968, 8442496, 8443328, 8443520, 8442240, 8441664, 8442560, 8441216]
spirodata~[53:48:DA:00:C8:05:57:00:00:80:C7:C0:00:00:80:C6:C0:00:00:80:CF:C0:00:00:80:D4:40:00:00:80:D4:00:00:00:80:B5:40:00:00:80:D1:80:00:00:80:D3:80:00:00:80:D8:80:00:00:80:D5:00:00:00:80:D4:00:00:00:80:D7:00:00:00:80:D8:40:00:00:80:D2:80:00:00:80:D5:C0:00:00:80:D6:80:00:00:80:D1:80:00:00:80:CF:40:00:00:80:D2:C0:00:00:80:CD:80:89:8D:00:00:FF:FF:00:00:00:AB:10:45:46]
createSpiroLiveGraph~[8440000, 8441472, 8441152, 8441408, 8440256, 8439360, 8436352, 8438976, 8438464, 8434432, 8438080, 8436800, 8435328, 8434304, 8432576, 8428416, 8425344, 8420224, 8395456, 8406336]
spirodata~[53:48:DA:00:C8:05:58:00:00:80:C8:C0:00:00:80:CE:80:00:00:80:CD:40:00:00:80:CE:40:00:00:80:C9:C0:00:00:80:C6:40:00:00:80:BA:80:00:00:80:C4:C0:00:00:80:C2:C0:00:00:80:B3:00:00:00:80:C1:40:00:00:80:BC:40:00:00:80:B6:80:00:00:80:B2:80:00:00:80:AB:C0:00:00:80:9B:80:00:00:80:8F:80:00:00:80:7B:80:00:00:80:1A:C0:00:00:80:45:40:89:87:C0:00:FF:FF:00:00:00:AB:10:45:46]
createSpiroLiveGraph~[8383360, 8369728, 8350144, 8318208, 8277312, 8260800, 8233344, 8186304, 8142208, 8106496, 8089152, 8062208, 8017664, 7994880, 7975616, 7936704, 7919808, 7892352, 7875392, 7854656]
spirodata~[53:48:DA:00:C8:05:59:00:00:7F:EB:80:00:00:7F:B6:40:00:00:7F:69:C0:00:00:7E:ED:00:00:00:7E:4D:40:00:00:7E:0C:C0:00:00:7D:A1:80:00:00:7C:E9:C0:00:00:7C:3D:80:00:00:7B:B2:00:00:00:7B:6E:40:00:00:7B:05:00:00:00:7A:57:00:00:00:79:FE:00:00:00:79:B2:C0:00:00:79:1A:C0:00:00:78:D8:C0:00:00:78:6D:80:00:00:78:2B:40:00:00:77:DA:40:89:95:40:00:FF:FF:00:00:00:AB:10:45:46]
createSpiroLiveGraph~[7812032, 7789504, 7753728, 7753984, 7725184, 7713216, 7672192, 7680640, 7677760, 7646848, 7641024, 7619392, 7617792, 7595776, 7546240, 7534464, 7524096, 7423296, 7466816, 7431424]
spirodata~[53:48:DA:00:C8:05:5A:00:00:77:33:C0:00:00:76:DB:C0:00:00:76:50:00:00:00:76:51:00:00:00:75:E0:80:00:00:75:B1:C0:00:00:75:11:80:00:00:75:32:80:00:00:75:27:40:00:00:74:AE:80:00:00:74:97:C0:00:00:74:43:40:00:00:74:3D:00:00:00:73:E7:00:00:00:73:25:80:00:00:72:F7:80:00:00:72:CF:00:00:00:71:45:40:00:00:71:EF:40:00:00:71:65:00:89:8B:00:00:FF:FF:00:00:00:AB:10:45:46]
createSpiroLiveGraph~[7398848, 7401344, 7372736, 7323264, 7291392, 7228288, 7227904, 7220416, 7232000, 7246592, 7269376, 7256064, 7226752, 7289472, 7259776, 7246464, 7274240, 7263680, 7288640, 7300864]
spirodata~[53:48:DA:00:C8:05:5B:00:00:70:E5:C0:00:00:70:EF:80:00:00:70:7F:C0:00:00:6F:BE:80:00:00:6F:42:00:00:00:6E:4B:80:00:00:6E:4A:00:00:00:6E:2C:C0:00:00:6E:5A:00:00:00:6E:93:00:00:00:6E:EC:00:00:00:6E:B8:00:00:00:6E:45:80:00:00:6F:3A:80:00:00:6E:C6:80:00:00:6E:92:80:00:00:6E:FF:00:00:00:6E:D5:C0:00:00:6F:37:40:00:00:6F:67:00:89:9C:80:00:FF:FF:00:00:00:AB:10:45:46]
createSpiroLiveGraph~[7337536, 7390400, 7397440, 7447424, 7468672, 7462720, 7474880, 7545664, 7508992, 7498048, 7539072, 7499008, 7472384, 7490112, 7435200, 7447808, 7435264, 7378048, 7416960, 7425664]
spirodata~[53:48:DA:00:C8:05:5C:00:00:6F:F6:40:00:00:70:C4:C0:00:00:70:E0:40:00:00:71:A3:80:00:00:71:F6:80:00:00:71:DF:40:00:00:72:0E:C0:00:00:73:23:40:00:00:72:94:00:00:00:72:69:40:00:00:73:09:80:00:00:72:6D:00:00:00:72:05:00:00:00:72:4A:40:00:00:71:73:C0:00:00:71:A5:00:00:00:71:74:00:00:00:70:94:80:00:00:71:2C:80:00:00:71:4E:80:89:92:40:00:FF:FF:00:00:00:AB:10:45:46]
createSpiroLiveGraph~[7425792, 7511232, 7487424, 7506112, 7606400, 7593024, 7616064, 7648320, 7680960, 7723712, 7750464, 7797184, 7854080, 7868224, 7928192, 7955648, 7982656, 8011392, 8055552, 8096256]
spirodata~[53:48:DA:00:C8:05:5D:00:00:71:4F:00:00:00:72:9C:C0:00:00:72:3F:C0:00:00:72:88:C0:00:00:74:10:80:00:00:73:DC:40:00:00:74:36:40:00:00:74:B4:40:00:00:75:33:C0:00:00:75:DA:C0:00:00:76:43:40:00:00:76:F9:C0:00:00:77:D8:00:00:00:78:0F:40:00:00:78:F9:80:00:00:79:64:C0:00:00:79:CE:40:00:00:7A:3E:80:00:00:7A:EB:00:00:00:7B:8A:00:89:93:40:00:FF:FF:00:00:00:AB:10:45:46]
createSpiroLiveGraph~[8144256, 8176128, 8219328, 8256192, 8288000, 8318656, 8338304, 8362496, 8376384, 8398912, 8406592, 8416448, 8426368, 8426688, 8432064, 8417856, 8446848, 8449024, 8449024, 8451968]
spirodata~[53:48:DA:00:C8:05:5E:00:00:7C:45:80:00:00:7C:C2:00:00:00:7D:6A:C0:00:00:7D:FA:C0:00:00:7E:77:00:00:00:7E:EE:C0:00:00:7F:3B:80:00:00:7F:9A:00:00:00:7F:D0:40:00:00:80:28:40:00:00:80:46:40:00:00:80:6C:C0:00:00:80:93:80:00:00:80:94:C0:00:00:80:A9:C0:00:00:80:72:40:00:00:80:E3:80:00:00:80:EC:00:00:00:80:EC:00:00:00:80:F7:80:89:91:00:00:FF:FF:00:00:00:AB:10:45:46]
createSpiroLiveGraph~[8453952, 8452352, 8455168, 8454720, 8450560, 8448000, 8445248, 8442496, 8438912, 8438336, 8437312, 8439424, 8438912, 8444032, 8446208, 8446208, 8446912, 8442688, 8443136, 8442048]
spirodata~[53:48:DA:00:C8:05:5F:00:00:80:FF:40:00:00:80:F9:00:00:00:81:04:00:00:00:81:02:40:00:00:80:F2:00:00:00:80:E8:00:00:00:80:DD:40:00:00:80:D2:80:00:00:80:C4:80:00:00:80:C2:40:00:00:80:BE:40:00:00:80:C6:80:00:00:80:C4:80:00:00:80:D8:80:00:00:80:E1:00:00:00:80:E1:00:00:00:80:E3:C0:00:00:80:D3:40:00:00:80:D5:00:00:00:80:D0:C0:89:89:C0:00:FF:FF:00:00:00:AB:10:45:46]
createSpiroLiveGraph~[8438656, 8435776, 8438208, 8439616, 8440384, 8443072, 8443584, 8440640, 8412800, 8417600, 8426048, 8441152, 8437696, 8426752, 8413440, 8411008, 8417024, 8437696, 8440128, 8438464]
spirodata~[53:48:DA:00:C8:05:60:00:00:80:C3:80:00:00:80:B8:40:00:00:80:C1:C0:00:00:80:C7:40:00:00:80:CA:40:00:00:80:D4:C0:00:00:80:D6:C0:00:00:80:CB:40:00:00:80:5E:80:00:00:80:71:40:00:00:80:92:40:00:00:80:CD:40:00:00:80:BF:C0:00:00:80:95:00:00:00:80:61:00:00:00:80:57:80:00:00:80:6F:00:00:00:80:BF:C0:00:00:80:C9:40:00:00:80:C2:C0:89:7D:80:00:FF:FF:00:00:00:AB:10:45:46]
createSpiroLiveGraph~[8412224, 8429504, 8444288, 8430528, 8445120, 8432832, 8419008, 8433792, 8447616, 8447040, 8446336, 8418944, 8416384, 8429120, 8442816, 8439040, 8437504, 8412288, 8413888, 8426880]
spirodata~[53:48:DA:00:C8:05:61:00:00:80:5C:40:00:00:80:9F:C0:00:00:80:D9:80:00:00:80:A3:C0:00:00:80:DC:C0:00:00:80:AC:C0:00:00:80:76:C0:00:00:80:B0:80:00:00:80:E6:80:00:00:80:E4:40:00:00:80:E1:80:00:00:80:76:80:00:00:80:6C:80:00:00:80:9E:40:00:00:80:D3:C0:00:00:80:C5:00:00:00:80:BF:00:00:00:80:5C:80:00:00:80:62:C0:00:00:80:95:80:89:9D:80:00:FF:FF:00:00:00:AB:10:45:46]
createSpiroLiveGraph~[8424000, 8426944, 8432960, 8412352, 8427456, 8441344, 8440640, 8430016, 8441664, 8441664, 8441792, 8441728, 8442176, 8425536, 8441344, 8440896, 8440896, 8441216, 8441856, 8441792]
spirodata~[53:48:DA:00:C8:05:62:00:00:80:8A:40:00:00:80:95:C0:00:00:80:AD:40:00:00:80:5C:C0:00:00:80:97:C0:00:00:80:CE:00:00:00:80:CB:40:00:00:80:A1:C0:00:00:80:CF:40:00:00:80:CF:40:00:00:80:CF:C0:00:00:80:CF:80:00:00:80:D1:40:00:00:80:90:40:00:00:80:CE:00:00:00:80:CC:40:00:00:80:CC:40:00:00:80:CD:80:00:00:80:D0:00:00:00:80:CF:C0:89:97:40:00:FF:FF:00:00:00:AB:10:45:46]
createSpiroLiveGraph~[8443072, 8442496, 8442432, 8437440, 8439424, 8443392, 8439488, 8441792, 8442176, 8442560, 8440960, 8441728, 8441536, 8441984, 8441856, 8442176, 8442048, 8441728, 8441664, 8441664]
spirodata~[53:48:DA:00:C8:05:63:00:00:80:D4:C0:00:00:80:D2:80:00:00:80:D2:40:00:00:80:BE:C0:00:00:80:C6:80:00:00:80:D6:00:00:00:80:C6:C0:00:00:80:CF:C0:00:00:80:D1:40:00:00:80:D2:C0:00:00:80:CC:80:00:00:80:CF:80:00:00:80:CE:C0:00:00:80:D0:80:00:00:80:D0:00:00:00:80:D1:40:00:00:80:D0:C0:00:00:80:CF:80:00:00:80:CF:40:00:00:80:CF:40:89:92:40:00:FF:FF:00:00:00:AB:10:45:46]
createSpiroLiveGraph~[8441856, 8441216, 8441536, 8441792, 8441152, 8441408, 8440832, 8438272, 8441600, 8441792, 8442112, 8441472, 8410432, 8441152, 8442944, 8442048, 8441216, 8441792, 8441280, 8436224]
spirodata~[53:48:DA:00:C8:05:64:00:00:80:D0:00:00:00:80:CD:80:00:00:80:CE:C0:00:00:80:CF:C0:00:00:80:CD:40:00:00:80:CE:40:00:00:80:CC:00:00:00:80:C2:00:00:00:80:CF:00:00:00:80:CF:C0:00:00:80:D1:00:00:00:80:CE:80:00:00:80:55:40:00:00:80:CD:40:00:00:80:D4:40:00:00:80:D0:C0:00:00:80:CD:80:00:00:80:CF:C0:00:00:80:CD:C0:00:00:80:BA:00:89:8E:00:00:FF:FF:00:00:00:AB:10:45:46]
createSpiroLiveGraph~[8441472, 8442880, 8442304, 8440384, 8441280, 8441600, 8442176, 8441600, 8441536, 8441536, 8441472, 8438208, 8441600, 8442880, 8442112, 8442752, 8441856, 8441984, 8442432, 8439808]
spirodata~[53:48:DA:00:C8:05:65:00:00:80:CE:80:00:00:80:D4:00:00:00:80:D1:C0:00:00:80:CA:40:00:00:80:CD:C0:00:00:80:CF:00:00:00:80:D1:40:00:00:80:CF:00:00:00:80:CE:C0:00:00:80:CE:C0:00:00:80:CE:80:00:00:80:C1:C0:00:00:80:CF:00:00:00:80:D4:00:00:00:80:D1:00:00:00:80:D3:80:00:00:80:D0:00:00:00:80:D0:80:00:00:80:D2:40:00:00:80:C8:00:89:91:00:00:FF:FF:00:00:00:AB:10:45:46]
createSpiroLiveGraph~[8441472, 8441792, 8441088, 8440640, 8441728, 8441152, 8441856, 8441920, 8441280, 8442048, 8441664, 8411584, 8441280, 8441280, 8441152, 8432576, 8441472, 8441920, 8436608, 8441216]
spirodata~[53:48:DA:00:C8:05:66:00:00:80:CE:80:00:00:80:CF:C0:00:00:80:CD:00:00:00:80:CB:40:00:00:80:CF:80:00:00:80:CD:40:00:00:80:D0:00:00:00:80:D0:40:00:00:80:CD:C0:00:00:80:D0:C0:00:00:80:CF:40:00:00:80:59:C0:00:00:80:CD:C0:00:00:80:CD:C0:00:00:80:CD:40:00:00:80:AB:C0:00:00:80:CE:80:00:00:80:D0:40:00:00:80:BB:80:00:00:80:CD:80:89:A0:C0:00:FF:FF:00:00:00:AB:10:45:46]
createSpiroLiveGraph~[8442560, 8441792, 8442240, 8441280, 8441536, 8442624, 8440832, 8442176, 8441792, 8441024, 8442432, 8441600, 8441792, 8441856, 8441792, 8441344, 8441152, 8442304, 8440320, 8434688]
spirodata~[53:48:DA:00:C8:05:67:00:00:80:D2:C0:00:00:80:CF:C0:00:00:80:D1:80:00:00:80:CD:C0:00:00:80:CE:C0:00:00:80:D3:00:00:00:80:CC:00:00:00:80:D1:40:00:00:80:CF:C0:00:00:80:CC:C0:00:00:80:D2:40:00:00:80:CF:00:00:00:80:CF:C0:00:00:80:D0:00:00:00:80:CF:C0:00:00:80:CE:00:00:00:80:CD:40:00:00:80:D1:C0:00:00:80:CA:00:00:00:80:B4:00:89:84:C0:00:FF:FF:00:00:00:AB:10:45:46]
createSpiroLiveGraph~[8442240, 8442240, 8442304, 8442624, 8442112, 8442112, 8442112, 8441792, 8442240, 8440832, 8419648, 8441664, 8441024, 8440960, 8442112, 8439424, 8440448, 8435072, 8441152, 8440640]
spirodata~[53:48:DA:00:C8:05:68:00:00:80:D1:80:00:00:80:D1:80:00:00:80:D1:C0:00:00:80:D3:00:00:00:80:D1:00:00:00:80:D1:00:00:00:80:D1:00:00:00:80:CF:C0:00:00:80:D1:80:00:00:80:CC:00:00:00:80:79:40:00:00:80:CF:40:00:00:80:CC:C0:00:00:80:CC:80:00:00:80:D1:00:00:00:80:C6:80:00:00:80:CA:80:00:00:80:B5:80:00:00:80:CD:40:00:00:80:CB:40:89:9E:80:00:FF:FF:00:00:00:AB:10:45:46]
createSpiroLiveGraph~[8440448, 8440384, 8435520, 8439040, 8441856, 8440384, 8440960, 8440576, 8441984, 8440128, 8440128, 8440832, 8441152, 8440768, 8439552, 8440320, 8441216, 8439744, 8440000, 8440192]
spirodata~[53:48:DA:00:C8:05:69:00:00:80:CA:80:00:00:80:CA:40:00:00:80:B7:40:00:00:80:C5:00:00:00:80:D0:00:00:00:80:CA:40:00:00:80:CC:80:00:00:80:CB:00:00:00:80:D0:80:00:00:80:C9:40:00:00:80:C9:40:00:00:80:CC:00:00:00:80:CD:40:00:00:80:CB:C0:00:00:80:C7:00:00:00:80:CA:00:00:00:80:CD:80:00:00:80:C7:C0:00:00:80:C8:C0:00:00:80:C9:80:89:97:40:00:FF:FF:00:00:00:AB:10:45:46]
createSpiroLiveGraph~[8440064, 8439936, 8439104, 8439616, 8439872, 8439040, 8435968, 8439552, 8439296, 8434560, 8439552, 8437888, 8438592, 8437440, 8438720, 8438208, 8434688, 8437312, 8436352, 8437056]
spirodata~[53:48:DA:00:C8:05:6A:00:00:80:C9:00:00:00:80:C8:80:00:00:80:C5:40:00:00:80:C7:40:00:00:80:C8:40:00:00:80:C5:00:00:00:80:B9:00:00:00:80:C7:00:00:00:80:C6:00:00:00:80:B3:80:00:00:80:C7:00:00:00:80:C0:80:00:00:80:C3:40:00:00:80:BE:C0:00:00:80:C3:C0:00:00:80:C1:C0:00:00:80:B4:00:00:00:80:BE:40:00:00:80:BA:80:00:00:80:BD:40:89:97:40:00:FF:FF:00:00:00:AB:10:45:46]
createSpiroLiveGraph~[8436224, 8437056, 8435328, 8435200, 8434240, 8435072, 8434176, 8433152, 8433024, 8433344, 8431936, 8434112, 8433600, 8432192, 8432512, 8432832, 8432448, 8433408, 8433152, 8432704]
spirodata~[53:48:DA:00:C8:05:6B:00:00:80:BA:00:00:00:80:BD:40:00:00:80:B6:80:00:00:80:B6:00:00:00:80:B2:40:00:00:80:B5:80:00:00:80:B2:00:00:00:80:AE:00:00:00:80:AD:80:00:00:80:AE:C0:00:00:80:A9:40:00:00:80:B1:C0:00:00:80:AF:C0:00:00:80:AA:40:00:00:80:AB:80:00:00:80:AC:C0:00:00:80:AB:40:00:00:80:AF:00:00:00:80:AE:00:00:00:80:AC:40:89:89:C0:00:FF:FF:00:00:00:AB:10:45:46]
createSpiroLiveGraph~[8433600, 8432384, 8432960, 8430976, 8431040, 8431424, 8430272, 8431040, 8412288, 8431616, 8430016, 8430144, 8431552, 8431296, 8423360, 8430528, 8429760, 8429888, 8429760, 8430272]
spirodata~[53:48:DA:00:C8:05:6C:00:00:80:AF:C0:00:00:80:AB:00:00:00:80:AD:40:00:00:80:A5:80:00:00:80:A5:C0:00:00:80:A7:40:00:00:80:A2:C0:00:00:80:A5:C0:00:00:80:5C:80:00:00:80:A8:00:00:00:80:A1:C0:00:00:80:A2:40:00:00:80:A7:C0:00:00:80:A6:C0:00:00:80:87:C0:00:00:80:A3:C0:00:00:80:A0:C0:00:00:80:A1:40:00:00:80:A0:C0:00:00:80:A2:C0:89:AF:40:00:FF:FF:00:00:00:AB:10:45:46]
createSpiroLiveGraph~[8430016, 8430080, 8428864, 8427968, 8429056, 8429632, 8427200, 8429568, 8429952, 8430272, 8430208, 8429760, 8429504, 8428928, 8429504, 8429056, 8428736, 8427968, 8424064, 8429376]
spirodata~[53:48:DA:00:C8:05:6D:00:00:80:A1:C0:00:00:80:A2:00:00:00:80:9D:40:00:00:80:99:C0:00:00:80:9E:00:00:00:80:A0:40:00:00:80:96:C0:00:00:80:A0:00:00:00:80:A1:80:00:00:80:A2:C0:00:00:80:A2:80:00:00:80:A0:C0:00:00:80:9F:C0:00:00:80:9D:80:00:00:80:9F:C0:00:00:80:9E:00:00:00:80:9C:C0:00:00:80:99:C0:00:00:80:8A:80:00:00:80:9F:40:89:93:40:00:FF:FF:00:00:00:AB:10:45:46]
createSpiroLiveGraph~[8429056, 8429568, 8428992, 8429184, 8430592, 8430080, 8429696, 8430592, 8429888, 8429760, 8433024, 8433216, 8432064, 8433280, 8431424, 8434560, 8434688, 8434496, 8436096, 8438144]
spirodata~[53:48:DA:00:C8:05:6E:00:00:80:9E:00:00:00:80:A0:00:00:00:80:9D:C0:00:00:80:9E:80:00:00:80:A4:00:00:00:80:A2:00:00:00:80:A0:80:00:00:80:A4:00:00:00:80:A1:40:00:00:80:A0:C0:00:00:80:AD:80:00:00:80:AE:40:00:00:80:A9:C0:00:00:80:AE:80:00:00:80:A7:40:00:00:80:B3:80:00:00:80:B4:00:00:00:80:B3:40:00:00:80:B9:80:00:00:80:C1:80:89:7F:80:00:FF:FF:00:00:00:AB:10:45:46]
createSpiroLiveGraph~[8442112, 8440512, 8439360, 8442816, 8442560, 8442176, 8443520, 8441984, 8443392, 8442880, 8441792, 8441984, 8441152, 8440896, 8441280, 8440960, 8441600, 8441664, 8441792, 8442432]
spirodata~[53:48:DA:00:C8:05:6F:00:00:80:D1:00:00:00:80:CA:C0:00:00:80:C6:40:00:00:80:D3:C0:00:00:80:D2:C0:00:00:80:D1:40:00:00:80:D6:80:00:00:80:D0:80:00:00:80:D6:00:00:00:80:D4:00:00:00:80:CF:C0:00:00:80:D0:80:00:00:80:CD:40:00:00:80:CC:40:00:00:80:CD:C0:00:00:80:CC:80:00:00:80:CF:00:00:00:80:CF:40:00:00:80:CF:C0:00:00:80:D2:40:89:97:40:00:FF:FF:00:00:00:AB:10:45:46]
createSpiroLiveGraph~[8443328, 8442432, 8441728, 8443520, 8443072, 8436928, 8426496, 8442688, 8442752, 8441856, 8442816, 8441856, 8442048, 8440320, 8442432, 8441792, 8441920, 8440960, 8441216, 8441344]
spirodata~[53:48:DA:00:C8:05:70:00:00:80:D5:C0:00:00:80:D2:40:00:00:80:CF:80:00:00:80:D6:80:00:00:80:D4:C0:00:00:80:BC:C0:00:00:80:94:00:00:00:80:D3:40:00:00:80:D3:80:00:00:80:D0:00:00:00:80:D3:C0:00:00:80:D0:00:00:00:80:D0:C0:00:00:80:CA:00:00:00:80:D2:40:00:00:80:CF:C0:00:00:80:D0:40:00:00:80:CC:80:00:00:80:CD:80:00:00:80:CE:00:89:93:40:00:FF:FF:00:00:00:AB:10:45:46]
createSpiroLiveGraph~[8441664, 8441408, 8441152, 8441984, 8441664, 8436352, 8442176, 8442112, 8442112, 8435584, 8442112, 8441984, 8440448, 8440448, 8442176, 8439360, 8442240, 8441984, 8441472, 8441600]
spirodata~[53:48:DA:00:C8:05:71:00:00:80:CF:40:00:00:80:CE:40:00:00:80:CD:40:00:00:80:D0:80:00:00:80:CF:40:00:00:80:BA:80:00:00:80:D1:40:00:00:80:D1:00:00:00:80:D1:00:00:00:80:B7:80:00:00:80:D1:00:00:00:80:D0:80:00:00:80:CA:80:00:00:80:CA:80:00:00:80:D1:40:00:00:80:C6:40:00:00:80:D1:80:00:00:80:D0:80:00:00:80:CE:80:00:00:80:CF:00:89:B3:40:00:FF:FF:00:00:00:AB:10:45:46]
createSpiroLiveGraph~[8442688, 8442048, 8441472, 8441728, 8440576, 8441536, 8442368, 8441920, 8441600, 8441600, 8442304, 8441664, 8441728, 8433792, 8442304, 8441600, 8441408, 8441024, 8440640, 8441408]
spirodata~[53:48:DA:00:C8:05:72:00:00:80:D3:40:00:00:80:D0:C0:00:00:80:CE:80:00:00:80:CF:80:00:00:80:CB:00:00:00:80:CE:C0:00:00:80:D2:00:00:00:80:D0:40:00:00:80:CF:00:00:00:80:CF:00:00:00:80:D1:C0:00:00:80:CF:40:00:00:80:CF:80:00:00:80:B0:80:00:00:80:D1:C0:00:00:80:CF:00:00:00:80:CE:40:00:00:80:CC:C0:00:00:80:CB:40:00:00:80:CE:40:89:99:80:00:FF:FF:00:00:00:AB:10:45:46]
createSpiroLiveGraph~[8440640, 8440512, 8441088, 8441856, 8440000, 8441472, 8442304, 8441088, 8441600, 8441088, 8441792, 8441536, 8441536, 8440896, 8441728, 8441344, 8442560, 8437056, 8442752, 8442176]
spirodata~[53:48:DA:00:C8:05:73:00:00:80:CB:40:00:00:80:CA:C0:00:00:80:CD:00:00:00:80:D0:00:00:00:80:C8:C0:00:00:80:CE:80:00:00:80:D1:C0:00:00:80:CD:00:00:00:80:CF:00:00:00:80:CD:00:00:00:80:CF:C0:00:00:80:CE:C0:00:00:80:CE:C0:00:00:80:CC:40:00:00:80:CF:80:00:00:80:CE:00:00:00:80:D2:C0:00:00:80:BD:40:00:00:80:D3:80:00:00:80:D1:40:89:90:00:00:FF:FF:00:00:00:AB:10:45:46]
createSpiroLiveGraph~[8443200, 8441536, 8441152, 8441024, 8441472, 8441856, 8441408, 8441280, 8441984, 8441344, 8441280, 8441472, 8442048, 8441280, 8442560, 8441792, 8441792, 8441472, 8441408, 8440192]
spirodata~[53:48:DA:00:C8:05:74:00:00:80:D5:40:00:00:80:CE:C0:00:00:80:CD:40:00:00:80:CC:C0:00:00:80:CE:80:00:00:80:D0:00:00:00:80:CE:40:00:00:80:CD:C0:00:00:80:D0:80:00:00:80:CE:00:00:00:80:CD:C0:00:00:80:CE:80:00:00:80:D0:C0:00:00:80:CD:C0:00:00:80:D2:C0:00:00:80:CF:C0:00:00:80:CF:C0:00:00:80:CE:80:00:00:80:CE:40:00:00:80:C9:80:89:80:80:00:FF:FF:00:00:00:AB:10:45:46]
createSpiroLiveGraph~[8438656, 8439424, 8441536, 8436736, 8440832, 8441664, 8440576, 8441792, 8441344, 8441472, 8441280, 8441408, 8441408, 8441344, 8440896, 8442240, 8440896, 8439424, 8441792, 8441408]
spirodata~[53:48:DA:00:C8:05:75:00:00:80:C3:80:00:00:80:C6:80:00:00:80:CE:C0:00:00:80:BC:00:00:00:80:CC:00:00:00:80:CF:40:00:00:80:CB:00:00:00:80:CF:C0:00:00:80:CE:00:00:00:80:CE:80:00:00:80:CD:C0:00:00:80:CE:40:00:00:80:CE:40:00:00:80:CE:00:00:00:80:CC:40:00:00:80:D1:80:00:00:80:CC:40:00:00:80:C6:80:00:00:80:CF:C0:00:00:80:CE:40:89:99:80:00:FF:FF:00:00:00:AB:10:45:46]
createSpiroLiveGraph~[8441344, 8442368, 8442048, 8441984, 8439168, 8441344, 8441792, 8441408, 8442112, 8441792, 8441152, 8441344, 8442176, 8442112, 8442496, 8442048, 8442624, 8441408, 8442112, 8442752]
spirodata~[53:48:DA:00:C8:05:76:00:00:80:CE:00:00:00:80:D2:00:00:00:80:D0:C0:00:00:80:D0:80:00:00:80:C5:80:00:00:80:CE:00:00:00:80:CF:C0:00:00:80:CE:40:00:00:80:D1:00:00:00:80:CF:C0:00:00:80:CD:40:00:00:80:CE:00:00:00:80:D1:40:00:00:80:D1:00:00:00:80:D2:80:00:00:80:D0:C0:00:00:80:D3:00:00:00:80:CE:40:00:00:80:D1:00:00:00:80:D3:80:89:BE:C0:00:FF:FF:00:00:00:AB:10:45:46]
createSpiroLiveGraph~[8441088, 8442304, 8434368, 8442048, 8441920, 8441792, 8441280, 8440768, 8442048, 8441344, 8441408, 8442304, 8442048, 8442048, 8441664, 8441472, 8441728, 8441664, 8441152, 8441024]
spirodata~[53:48:DA:00:C8:05:77:00:00:80:CD:00:00:00:80:D1:C0:00:00:80:B2:C0:00:00:80:D0:C0:00:00:80:D0:40:00:00:80:CF:C0:00:00:80:CD:C0:00:00:80:CB:C0:00:00:80:D0:C0:00:00:80:CE:00:00:00:80:CE:40:00:00:80:D1:C0:00:00:80:D0:C0:00:00:80:D0:C0:00:00:80:CF:40:00:00:80:CE:80:00:00:80:CF:80:00:00:80:CF:40:00:00:80:CD:40:00:00:80:CC:C0:89:A3:C0:00:FF:FF:00:00:00:AB:10:45:46]
createSpiroLiveGraph~[8441280, 8442048, 8442048, 8441728, 8441920, 8441728, 8441536, 8441472, 8442368, 8441216, 8441536, 8441600, 8437504, 8439360, 8441664, 8441600, 8441984, 8441920, 8441920, 8441664]
spirodata~[53:48:DA:00:C8:05:78:00:00:80:CD:C0:00:00:80:D0:C0:00:00:80:D0:C0:00:00:80:CF:80:00:00:80:D0:40:00:00:80:CF:80:00:00:80:CE:C0:00:00:80:CE:80:00:00:80:D2:00:00:00:80:CD:80:00:00:80:CE:C0:00:00:80:CF:00:00:00:80:BF:00:00:00:80:C6:40:00:00:80:CF:40:00:00:80:CF:00:00:00:80:D0:80:00:00:80:D0:40:00:00:80:D0:40:00:00:80:CF:40:89:95:40:00:FF:FF:00:00:00:AB:10:45:46]
createSpiroLiveGraph~[8440768, 8416448, 8441280, 8441280, 8440704, 8440960, 8441600, 8442048, 8440384, 8442048, 8442304, 8442112, 8441152, 8441472, 8442624, 8441344, 8440768, 8441856, 8441920, 8442048]
spirodata~[53:48:DA:00:C8:05:79:00:00:80:CB:C0:00:00:80:6C:C0:00:00:80:CD:C0:00:00:80:CD:C0:00:00:80:CB:80:00:00:80:CC:80:00:00:80:CF:00:00:00:80:D0:C0:00:00:80:CA:40:00:00:80:D0:C0:00:00:80:D1:C0:00:00:80:D1:00:00:00:80:CD:40:00:00:80:CE:80:00:00:80:D3:00:00:00:80:CE:00:00:00:80:CB:C0:00:00:80:D0:00:00:00:80:D0:40:00:00:80:D0:C0:89:93:40:00:FF:FF:00:00:00:AB:10:45:46]
createSpiroLiveGraph~[8441472, 8442816, 8441280, 8442304, 8441984, 8441792, 8441344, 8441536, 8442240, 8441344, 8442048, 8441664, 8441728, 8441536, 8441152, 8441728, 8441792, 8441216, 8442624, 8442560]
spirodata~[53:48:DA:00:C8:05:7A:00:00:80:CE:80:00:00:80:D3:C0:00:00:80:CD:C0:00:00:80:D1:C0:00:00:80:D0:80:00:00:80:CF:C0:00:00:80:CE:00:00:00:80:CE:C0:00:00:80:D1:80:00:00:80:CE:00:00:00:80:D0:C0:00:00:80:CF:40:00:00:80:CF:80:00:00:80:CE:C0:00:00:80:CD:40:00:00:80:CF:80:00:00:80:CF:C0:00:00:80:CD:80:00:00:80:D3:00:00:00:80:D2:C0:89:A2:C0:00:FF:FF:00:00:00:AB:10:45:46]
createSpiroLiveGraph~[8425728, 8441728, 8441024, 8441984, 8441280, 8441280, 8441792, 8441792, 8441216, 8441280, 8442048, 8441088, 8441920, 8441280, 8441664, 8442368, 8441856, 8441152, 8441472, 8440640]
spirodata~[53:48:DA:00:C8:05:7B:00:00:80:91:00:00:00:80:CF:80:00:00:80:CC:C0:00:00:80:D0:80:00:00:80:CD:C0:00:00:80:CD:C0:00:00:80:CF:C0:00:00:80:CF:C0:00:00:80:CD:80:00:00:80:CD:C0:00:00:80:D0:C0:00:00:80:CD:00:00:00:80:D0:40:00:00:80:CD:C0:00:00:80:CF:40:00:00:80:D2:00:00:00:80:D0:00:00:00:80:CD:40:00:00:80:CE:80:00:00:80:CB:40:89:9B:80:00:FF:FF:00:00:00:AB:10:45:46]
createSpiroLiveGraph~[8442752, 8442624, 8441024, 8436864, 8436928, 8441344, 8441344, 8442048, 8441088, 8442048, 8441472, 8441856, 8440064, 8441920, 8441600, 8441856, 8441600, 8442112, 8441536, 8441728]
spirodata~[53:48:DA:00:C8:05:7C:00:00:80:D3:80:00:00:80:D3:00:00:00:80:CC:C0:00:00:80:BC:80:00:00:80:BC:C0:00:00:80:CE:00:00:00:80:CE:00:00:00:80:D0:C0:00:00:80:CD:00:00:00:80:D0:C0:00:00:80:CE:80:00:00:80:D0:00:00:00:80:C9:00:00:00:80:D0:40:00:00:80:CF:00:00:00:80:D0:00:00:00:80:CF:00:00:00:80:D1:00:00:00:80:CE:C0:00:00:80:CF:80:89:B4:40:00:FF:FF:00:00:00:AB:10:45:46]
createSpiroLiveGraph~[8441472, 8442048, 8441472, 8441920, 8439424, 8441920, 8441280, 8438080, 8442112, 8441856, 8441792, 8439872, 8441728, 8441344, 8442176, 8440576, 8440832, 8441472, 8440704, 8440832]
spirodata~[53:48:DA:00:C8:05:7D:00:00:80:CE:80:00:00:80:D0:C0:00:00:80:CE:80:00:00:80:D0:40:00:00:80:C6:80:00:00:80:D0:40:00:00:80:CD:C0:00:00:80:C1:40:00:00:80:D1:00:00:00:80:D0:00:00:00:80:CF:C0:00:00:80:C8:40:00:00:80:CF:80:00:00:80:CE:00:00:00:80:D1:40:00:00:80:CB:00:00:00:80:CC:00:00:00:80:CE:80:00:00:80:CB:80:00:00:80:CC:00:89:A5:C0:00:FF:FF:00:00:00:AB:10:45:46]
createSpiroLiveGraph~[8442368, 8441920, 8441088, 8441856, 8441088, 8441856, 8441408, 8442368, 8442048, 8441472, 8441984, 8438592, 8440960, 8441792, 8441472, 8441664, 8441856, 8441152, 8441408, 8436608]
spirodata~[53:48:DA:00:C8:05:7E:00:00:80:D2:00:00:00:80:D0:40:00:00:80:CD:00:00:00:80:D0:00:00:00:80:CD:00:00:00:80:D0:00:00:00:80:CE:40:00:00:80:D2:00:00:00:80:D0:C0:00:00:80:CE:80:00:00:80:D0:80:00:00:80:C3:40:00:00:80:CC:80:00:00:80:CF:C0:00:00:80:CE:80:00:00:80:CF:40:00:00:80:D0:00:00:00:80:CD:40:00:00:80:CE:40:00:00:80:BB:80:89:A1:C0:00:FF:FF:00:00:00:AB:10:45:46]
createSpiroLiveGraph~[8441664, 8441216, 8441920, 8441664, 8441792, 8442176, 8441088, 8441472, 8441920, 8441792, 8442048, 8441984, 8441856, 8441664, 8441088, 8439360, 8442112, 8442176, 8441024, 8441024]
spirodata~[53:48:DA:00:C8:05:7F:00:00:80:CF:40:00:00:80:CD:80:00:00:80:D0:40:00:00:80:CF:40:00:00:80:CF:C0:00:00:80:D1:40:00:00:80:CD:00:00:00:80:CE:80:00:00:80:D0:40:00:00:80:CF:C0:00:00:80:D0:C0:00:00:80:D0:80:00:00:80:D0:00:00:00:80:CF:40:00:00:80:CD:00:00:00:80:C6:40:00:00:80:D1:00:00:00:80:D1:40:00:00:80:CC:C0:00:00:80:CC:C0:89:A6:C0:00:FF:FF:00:00:00:AB:10:45:46]
createSpiroLiveGraph~[8441280, 8441984, 8441728, 8441280, 8441344, 8441984, 8441024, 8441856, 8442048, 8441792, 8441536, 8441408, 8440832, 8440832, 8441856, 8441856, 8441792, 8441856, 8436352, 8440128]
spirodata~[53:48:DA:00:C8:05:80:00:00:80:CD:C0:00:00:80:D0:80:00:00:80:CF:80:00:00:80:CD:C0:00:00:80:CE:00:00:00:80:D0:80:00:00:80:CC:C0:00:00:80:D0:00:00:00:80:D0:C0:00:00:80:CF:C0:00:00:80:CE:C0:00:00:80:CE:40:00:00:80:CC:00:00:00:80:CC:00:00:00:80:D0:00:00:00:80:D0:00:00:00:80:CF:C0:00:00:80:D0:00:00:00:80:BA:80:00:00:80:C9:40:89:AC:00:00:FF:FF:00:00:00:AB:10:45:46]
createSpiroLiveGraph~[8442048, 8441536, 8441920, 8440896, 8441920, 8441792, 8441600, 8440768, 8440512, 8441024, 8442048, 8441408, 8440960, 8441600, 8441600, 8441408, 8441472, 8441344, 8441536, 8441152]
spirodata~[53:48:DA:00:C8:05:81:00:00:80:D0:C0:00:00:80:CE:C0:00:00:80:D0:40:00:00:80:CC:40:00:00:80:D0:40:00:00:80:CF:C0:00:00:80:CF:00:00:00:80:CB:C0:00:00:80:CA:C0:00:00:80:CC:C0:00:00:80:D0:C0:00:00:80:CE:40:00:00:80:CC:80:00:00:80:CF:00:00:00:80:CF:00:00:00:80:CE:40:00:00:80:CE:80:00:00:80:CE:00:00:00:80:CE:C0:00:00:80:CD:40:89:9E:80:00:FF:FF:00:00:00:AB:10:45:46]
createSpiroLiveGraph~[8441280, 8442496, 8436096, 8437632, 8441088, 8441664, 8441088, 8442176, 8442752, 8442560, 8441536, 8439552, 8441344, 8441280, 8441920, 8440512, 8441408, 8437760, 8441792, 8441344]
spirodata~[53:48:DA:00:C8:05:82:00:00:80:CD:C0:00:00:80:D2:80:00:00:80:B9:80:00:00:80:BF:80:00:00:80:CD:00:00:00:80:CF:40:00:00:80:CD:00:00:00:80:D1:40:00:00:80:D3:80:00:00:80:D2:C0:00:00:80:CE:C0:00:00:80:C7:00:00:00:80:CE:00:00:00:80:CD:C0:00:00:80:D0:40:00:00:80:CA:C0:00:00:80:CE:40:00:00:80:C0:00:00:00:80:CF:C0:00:00:80:CE:00:89:96:40:00:FF:FF:00:00:00:AB:10:45:46]
createSpiroLiveGraph~[8441024, 8441152, 8441280, 8440896, 8441920, 8441152, 8438272, 8442496, 8441152, 8441216, 8442304, 8441408, 8442432, 8441088, 8441344, 8442112, 8442112, 8441344, 8442048, 8442048]
spirodata~[53:48:DA:00:C8:05:83:00:00:80:CC:C0:00:00:80:CD:40:00:00:80:CD:C0:00:00:80:CC:40:00:00:80:D0:40:00:00:80:CD:40:00:00:80:C2:00:00:00:80:D2:80:00:00:80:CD:40:00:00:80:CD:80:00:00:80:D1:C0:00:00:80:CE:40:00:00:80:D2:40:00:00:80:CD:00:00:00:80:CE:00:00:00:80:D1:00:00:00:80:D1:00:00:00:80:CE:00:00:00:80:D0:C0:00:00:80:D0:C0:89:8F:00:00:FF:FF:00:00:00:AB:10:45:46]
createSpiroLiveGraph~[8440832, 8442432, 8441792, 8441024, 8440448, 8441792, 8441728, 8441152, 8441600, 8442112, 8438848, 8441984, 8441856, 8441792, 8442304, 8441344, 8435392, 8441344, 8441984, 8441600]
spirodata~[53:48:DA:00:C8:05:84:00:00:80:CC:00:00:00:80:D2:40:00:00:80:CF:C0:00:00:80:CC:C0:00:00:80:CA:80:00:00:80:CF:C0:00:00:80:CF:80:00:00:80:CD:40:00:00:80:CF:00:00:00:80:D1:00:00:00:80:C4:40:00:00:80:D0:80:00:00:80:D0:00:00:00:80:CF:C0:00:00:80:D1:C0:00:00:80:CE:00:00:00:80:B6:C0:00:00:80:CE:00:00:00:80:D0:80:00:00:80:CF:00:89:9B:80:00:FF:FF:00:00:00:AB:10:45:46]
createSpiroLiveGraph~[8440320, 8442560, 8441856, 8442176, 8441920, 8441280, 8441792, 8440896, 8442368, 8441664, 8442048, 8442880, 8441792, 8441856, 8439872, 8441984, 8441728, 8442304, 8442176, 8441024]
spirodata~[53:48:DA:00:C8:05:85:00:00:80:CA:00:00:00:80:D2:C0:00:00:80:D0:00:00:00:80:D1:40:00:00:80:D0:40:00:00:80:CD:C0:00:00:80:CF:C0:00:00:80:CC:40:00:00:80:D2:00:00:00:80:CF:40:00:00:80:D0:C0:00:00:80:D4:00:00:00:80:CF:C0:00:00:80:D0:00:00:00:80:C8:40:00:00:80:D0:80:00:00:80:CF:80:00:00:80:D1:C0:00:00:80:D1:40:00:00:80:CC:C0:89:AB:00:00:FF:FF:00:00:00:AB:10:45:46]
createSpiroLiveGraph~[8442048, 8441600, 8441280, 8442304, 8441536, 8441728, 8442112, 8441344, 8441600, 8441792, 8441472, 8441984, 8442112, 8442240, 8441664, 8432768, 8442240, 8441088, 8440064, 8441728]
spirodata~[53:48:DA:00:C8:05:86:00:00:80:D0:C0:00:00:80:CF:00:00:00:80:CD:C0:00:00:80:D1:C0:00:00:80:CE:C0:00:00:80:CF:80:00:00:80:D1:00:00:00:80:CE:00:00:00:80:CF:00:00:00:80:CF:C0:00:00:80:CE:80:00:00:80:D0:80:00:00:80:D1:00:00:00:80:D1:80:00:00:80:CF:40:00:00:80:AC:80:00:00:80:D1:80:00:00:80:CD:00:00:00:80:C9:00:00:00:80:CF:80:89:A4:C0:00:FF:FF:00:00:00:AB:10:45:46]
createSpiroLiveGraph~[8441856, 8440960, 8441728, 8442368, 8441536, 8441344, 8441600, 8441728, 8441088, 8441472, 8442176, 8441792, 8440832, 8442176, 8442368, 8441792, 8442176, 8441600, 8441920, 8441728]
spirodata~[53:48:DA:00:C8:05:87:00:00:80:D0:00:00:00:80:CC:80:00:00:80:CF:80:00:00:80:D2:00:00:00:80:CE:C0:00:00:80:CE:00:00:00:80:CF:00:00:00:80:CF:80:00:00:80:CD:00:00:00:80:CE:80:00:00:80:D1:40:00:00:80:CF:C0:00:00:80:CC:00:00:00:80:D1:40:00:00:80:D2:00:00:00:80:CF:C0:00:00:80:D1:40:00:00:80:CF:00:00:00:80:D0:40:00:00:80:CF:80:89:AA:00:00:FF:FF:00:00:00:AB:10:45:46]
createSpiroLiveGraph~[8441216, 8442688, 8441472, 8441472, 8442240, 8441024, 8441600, 8441216, 8440960, 8441024, 8441472, 8442048, 8441088, 8441664, 8434944, 8442112, 8440896, 8441408, 8440896, 8441024]
spirodata~[53:48:DA:00:C8:05:88:00:00:80:CD:80:00:00:80:D3:40:00:00:80:CE:80:00:00:80:CE:80:00:00:80:D1:80:00:00:80:CC:C0:00:00:80:CF:00:00:00:80:CD:80:00:00:80:CC:80:00:00:80:CC:C0:00:00:80:CE:80:00:00:80:D0:C0:00:00:80:CD:00:00:00:80:CF:40:00:00:80:B5:00:00:00:80:D1:00:00:00:80:CC:40:00:00:80:CE:40:00:00:80:CC:40:00:00:80:CC:C0:89:C3:C0:00:FF:FF:00:00:00:AB:10:45:46]
createSpiroLiveGraph~[8441472, 8441792, 8441728, 8441024, 8441152, 8437952, 8438528, 8441216, 8440768, 8440832, 8441664, 8441664, 8441792, 8441216, 8441664, 8440640, 8441408, 8440896, 8441664, 8441280]
spirodata~[53:48:DA:00:C8:05:89:00:00:80:CE:80:00:00:80:CF:C0:00:00:80:CF:80:00:00:80:CC:C0:00:00:80:CD:40:00:00:80:C0:C0:00:00:80:C3:00:00:00:80:CD:80:00:00:80:CB:C0:00:00:80:CC:00:00:00:80:CF:40:00:00:80:CF:40:00:00:80:CF:C0:00:00:80:CD:80:00:00:80:CF:40:00:00:80:CB:40:00:00:80:CE:40:00:00:80:CC:40:00:00:80:CF:40:00:00:80:CD:C0:89:BC:80:00:FF:FF:00:00:00:AB:10:45:46]
createSpiroLiveGraph~[8441408, 8441344, 8441472, 8441984, 8441472, 8441408, 8441600, 8441088, 8442944, 8439424, 8441152, 8441280, 8440960, 8437824, 8442240, 8441024, 8441472, 8442496, 8442176, 8441728]
spirodata~[53:48:DA:00:C8:05:8A:00:00:80:CE:40:00:00:80:CE:00:00:00:80:CE:80:00:00:80:D0:80:00:00:80:CE:80:00:00:80:CE:40:00:00:80:CF:00:00:00:80:CD:00:00:00:80:D4:40:00:00:80:C6:80:00:00:80:CD:40:00:00:80:CD:C0:00:00:80:CC:80:00:00:80:C0:40:00:00:80:D1:80:00:00:80:CC:C0:00:00:80:CE:80:00:00:80:D2:80:00:00:80:D1:40:00:00:80:CF:80:89:C5:00:00:FF:FF:00:00:00:AB:10:45:46]
createSpiroLiveGraph~[8442112, 8441344, 8441536, 8441600, 8441856, 8441984, 8442432, 8441344, 8441408, 8441344, 8441920, 8441408, 8441408, 8438912, 8441728, 8440960, 8442048, 8442176, 8441856, 8441408]
spirodata~[53:48:DA:00:C8:05:8B:00:00:80:D1:00:00:00:80:CE:00:00:00:80:CE:C0:00:00:80:CF:00:00:00:80:D0:00:00:00:80:D0:80:00:00:80:D2:40:00:00:80:CE:00:00:00:80:CE:40:00:00:80:CE:00:00:00:80:D0:40:00:00:80:CE:40:00:00:80:CE:40:00:00:80:C4:80:00:00:80:CF:80:00:00:80:CC:80:00:00:80:D0:C0:00:00:80:D1:40:00:00:80:D0:00:00:00:80:CE:40:89:9E:80:00:FF:FF:00:00:00:AB:10:45:46]
createSpiroLiveGraph~[8441088, 8441792, 8441856, 8441792, 8441664, 8441984, 8441920, 8442304, 8441536, 8441472, 8442752, 8441664, 8439424, 8441600, 8441472, 8441600, 8441920, 8437056, 8443072, 8442560]
spirodata~[53:48:DA:00:C8:05:8C:00:00:80:CD:00:00:00:80:CF:C0:00:00:80:D0:00:00:00:80:CF:C0:00:00:80:CF:40:00:00:80:D0:80:00:00:80:D0:40:00:00:80:D1:C0:00:00:80:CE:C0:00:00:80:CE:80:00:00:80:D3:80:00:00:80:CF:40:00:00:80:C6:80:00:00:80:CF:00:00:00:80:CE:80:00:00:80:CF:00:00:00:80:D0:40:00:00:80:BD:40:00:00:80:D4:C0:00:00:80:D2:C0:89:AD:00:00:FF:FF:00:00:00:AB:10:45:46]
createSpiroLiveGraph~[8442112, 8442624, 8441216, 8440960, 8441728, 8441024, 8442304, 8441344, 8441408, 8440768, 8441728, 8441024, 8440000, 8427008, 8437824, 8440512, 8441664, 8441984, 8440384, 8441728]
spirodata~[53:48:DA:00:C8:05:8D:00:00:80:D1:00:00:00:80:D3:00:00:00:80:CD:80:00:00:80:CC:80:00:00:80:CF:80:00:00:80:CC:C0:00:00:80:D1:C0:00:00:80:CE:00:00:00:80:CE:40:00:00:80:CB:C0:00:00:80:CF:80:00:00:80:CC:C0:00:00:80:C8:C0:00:00:80:96:00:00:00:80:C0:40:00:00:80:CA:C0:00:00:80:CF:40:00:00:80:D0:80:00:00:80:CA:40:00:00:80:CF:80:89:BB:80:00:FF:FF:00:00:00:AB:10:45:46]
createSpiroLiveGraph~[8437824, 8438784, 8441408, 8442048, 8441344, 8442240, 8442176, 8441472, 8441536, 8442176, 8441600, 8441408, 8441216, 8441984, 8441984, 8442176, 8440896, 8441920, 8441792, 8442432]
spirodata~[53:48:DA:00:C8:05:8E:00:00:80:C0:40:00:00:80:C4:00:00:00:80:CE:40:00:00:80:D0:C0:00:00:80:CE:00:00:00:80:D1:80:00:00:80:D1:40:00:00:80:CE:80:00:00:80:CE:C0:00:00:80:D1:40:00:00:80:CF:00:00:00:80:CE:40:00:00:80:CD:80:00:00:80:D0:80:00:00:80:D0:80:00:00:80:D1:40:00:00:80:CC:40:00:00:80:D0:40:00:00:80:CF:C0:00:00:80:D2:40:89:B0:40:00:FF:FF:00:00:00:AB:10:45:46]
createSpiroLiveGraph~[8440768, 8441664, 8441536, 8441728, 8438848, 8441536, 8442432, 8441216, 8441280, 8441472, 8441088, 8440000, 8442432, 8440064, 8440448, 8441792, 8441280, 8442176, 8442368, 8440000]
spirodata~[53:48:DA:00:C8:05:8F:00:00:80:CB:C0:00:00:80:CF:40:00:00:80:CE:C0:00:00:80:CF:80:00:00:80:C4:40:00:00:80:CE:C0:00:00:80:D2:40:00:00:80:CD:80:00:00:80:CD:C0:00:00:80:CE:80:00:00:80:CD:00:00:00:80:C8:C0:00:00:80:D2:40:00:00:80:C9:00:00:00:80:CA:80:00:00:80:CF:C0:00:00:80:CD:C0:00:00:80:D1:40:00:00:80:D2:00:00:00:80:C8:C0:89:A9:00:00:FF:FF:00:00:00:AB:10:45:46]
createSpiroLiveGraph~[8441792, 8441280, 8439104, 8441280, 8441344, 8440960, 8441344, 8441792, 8439488, 8442176, 8440640, 8441792, 8441216, 8441664, 8440896, 8441600, 8440832, 8441792, 8441472, 8441856]
spirodata~[53:48:DA:00:C8:05:90:00:00:80:CF:C0:00:00:80:CD:C0:00:00:80:C5:40:00:00:80:CD:C0:00:00:80:CE:00:00:00:80:CC:80:00:00:80:CE:00:00:00:80:CF:C0:00:00:80:C6:C0:00:00:80:D1:40:00:00:80:CB:40:00:00:80:CF:C0:00:00:80:CD:80:00:00:80:CF:40:00:00:80:CC:40:00:00:80:CF:00:00:00:80:CC:00:00:00:80:CF:C0:00:00:80:CE:80:00:00:80:D0:00:89:98:40:00:FF:FF:00:00:00:AB:10:45:46]
createSpiroLiveGraph~[8441472, 8441600, 8441920, 8442304, 8441216, 8441920, 8441792, 8440896, 8441600, 8441024, 8441408, 8441920, 8440384, 8441536, 8442240, 8441280, 8441664, 8441536, 8441472, 8441920]
spirodata~[53:48:DA:00:C8:05:91:00:00:80:CE:80:00:00:80:CF:00:00:00:80:D0:40:00:00:80:D1:C0:00:00:80:CD:80:00:00:80:D0:40:00:00:80:CF:C0:00:00:80:CC:40:00:00:80:CF:00:00:00:80:CC:C0:00:00:80:CE:40:00:00:80:D0:40:00:00:80:CA:40:00:00:80:CE:C0:00:00:80:D1:80:00:00:80:CD:C0:00:00:80:CF:40:00:00:80:CE:C0:00:00:80:CE:80:00:00:80:D0:40:89:AC:00:00:FF:FF:00:00:00:AB:10:45:46]
createSpiroLiveGraph~[8441792, 8441280, 8441664, 8441600, 8442112, 8441408, 8441600, 8441600, 8440128, 8441856, 8441216, 8441920, 8442496, 8442304, 8441856, 8441408, 8441984, 8441728, 8440960, 8442304]
spirodata~[53:48:DA:00:C8:05:92:00:00:80:CF:C0:00:00:80:CD:C0:00:00:80:CF:40:00:00:80:CF:00:00:00:80:D1:00:00:00:80:CE:40:00:00:80:CF:00:00:00:80:CF:00:00:00:80:C9:40:00:00:80:D0:00:00:00:80:CD:80:00:00:80:D0:40:00:00:80:D2:80:00:00:80:D1:C0:00:00:80:D0:00:00:00:80:CE:40:00:00:80:D0:80:00:00:80:CF:80:00:00:80:CC:80:00:00:80:D1:C0:89:92:40:00:FF:FF:00:00:00:AB:10:45:46]
createSpiroLiveGraph~[8440512, 8441664, 8442176, 8442048, 8441152, 8441920, 8440896, 8441728, 8440448, 8441280, 8442112, 8442048, 8441408, 8441408, 8441984, 8440832, 8441984, 8442304, 8441152, 8441088]
spirodata~[53:48:DA:00:C8:05:93:00:00:80:CA:C0:00:00:80:CF:40:00:00:80:D1:40:00:00:80:D0:C0:00:00:80:CD:40:00:00:80:D0:40:00:00:80:CC:40:00:00:80:CF:80:00:00:80:CA:80:00:00:80:CD:C0:00:00:80:D1:00:00:00:80:D0:C0:00:00:80:CE:40:00:00:80:CE:40:00:00:80:D0:80:00:00:80:CC:00:00:00:80:D0:80:00:00:80:D1:C0:00:00:80:CD:40:00:00:80:CD:00:89:A9:00:00:FF:FF:00:00:00:AB:10:45:46]
createSpiroLiveGraph~[8434752, 8442176, 8441152, 8441600, 8441920, 8441856, 8442176, 8441344, 8441472, 8441472, 8440960, 8442176, 8441664, 8441280, 8441344, 8441536, 8441280, 8441792, 8442176, 8441280]
spirodata~[53:48:DA:00:C8:05:94:00:00:80:B4:40:00:00:80:D1:40:00:00:80:CD:40:00:00:80:CF:00:00:00:80:D0:40:00:00:80:D0:00:00:00:80:D1:40:00:00:80:CE:00:00:00:80:CE:80:00:00:80:CE:80:00:00:80:CC:80:00:00:80:D1:40:00:00:80:CF:40:00:00:80:CD:C0:00:00:80:CE:00:00:00:80:CE:C0:00:00:80:CD:C0:00:00:80:CF:C0:00:00:80:D1:40:00:00:80:CD:C0:89:9F:80:00:FF:FF:00:00:00:AB:10:45:46]
createSpiroLiveGraph~[8441344, 8442432, 8441920, 8440064, 8441024, 8440448, 8441152, 8439232, 8441792, 8441088, 8441792, 8441536, 8440704, 8442240, 8440832, 8442048, 8441664, 8441536, 8441216, 8441408]
spirodata~[53:48:DA:00:C8:05:95:00:00:80:CE:00:00:00:80:D2:40:00:00:80:D0:40:00:00:80:C9:00:00:00:80:CC:C0:00:00:80:CA:80:00:00:80:CD:40:00:00:80:C5:C0:00:00:80:CF:C0:00:00:80:CD:00:00:00:80:CF:C0:00:00:80:CE:C0:00:00:80:CB:80:00:00:80:D1:80:00:00:80:CC:00:00:00:80:D0:C0:00:00:80:CF:40:00:00:80:CE:C0:00:00:80:CD:80:00:00:80:CE:40:89:B5:40:00:FF:FF:00:00:00:AB:10:45:46]
createSpiroLiveGraph~[8442048, 8439936, 8439616, 8423104, 8430080, 8423360, 8430528, 8431104, 8441408, 8438848, 8440320, 8440256, 8441792, 8427136, 8441600, 8424128, 8424512, 8429696, 8426432, 8421888]
spirodata~[53:48:DA:00:C8:05:96:00:00:80:D0:C0:00:00:80:C8:80:00:00:80:C7:40:00:00:80:86:C0:00:00:80:A2:00:00:00:80:87:C0:00:00:80:A3:C0:00:00:80:A6:00:00:00:80:CE:40:00:00:80:C4:40:00:00:80:CA:00:00:00:80:C9:C0:00:00:80:CF:C0:00:00:80:96:80:00:00:80:CF:00:00:00:80:8A:C0:00:00:80:8C:40:00:00:80:A0:80:00:00:80:93:C0:00:00:80:82:00:89:98:40:00:FF:FF:00:00:00:AB:10:45:46]
createSpiroLiveGraph~[8440640, 8441600, 8441472, 8441024, 8440512, 8441280, 8435840, 8441600, 8441792, 8441472, 8441472, 8440640, 8441664, 8440768, 8442432, 8441920, 8441856, 8442112, 8441344, 8440320]
spirodata~[53:48:DA:00:C8:05:97:00:00:80:CB:40:00:00:80:CF:00:00:00:80:CE:80:00:00:80:CC:C0:00:00:80:CA:C0:00:00:80:CD:C0:00:00:80:B8:80:00:00:80:CF:00:00:00:80:CF:C0:00:00:80:CE:80:00:00:80:CE:80:00:00:80:CB:40:00:00:80:CF:40:00:00:80:CB:C0:00:00:80:D2:40:00:00:80:D0:40:00:00:80:D0:00:00:00:80:D1:00:00:00:80:CE:00:00:00:80:CA:00:89:AB:00:00:FF:FF:00:00:00:AB:10:45:46]
createSpiroLiveGraph~[8441600, 8442624, 8440192, 8436736, 8428992, 8427392, 8439808, 8441600, 8441088, 8441152, 8440512, 8441408, 8441280, 8431488, 8430464, 8425216, 8438656, 8428096, 8428992, 8428480]
spirodata~[53:48:DA:00:C8:05:98:00:00:80:CF:00:00:00:80:D3:00:00:00:80:C9:80:00:00:80:BC:00:00:00:80:9D:C0:00:00:80:97:80:00:00:80:C8:00:00:00:80:CF:00:00:00:80:CD:00:00:00:80:CD:40:00:00:80:CA:C0:00:00:80:CE:40:00:00:80:CD:C0:00:00:80:A7:80:00:00:80:A3:80:00:00:80:8F:00:00:00:80:C3:80:00:00:80:9A:40:00:00:80:9D:C0:00:00:80:9B:C0:89:A1:C0:00:FF:FF:00:00:00:AB:10:45:46]
createSpiroLiveGraph~[8429056, 8439296, 8441856, 8440064, 8441728, 8432192, 8441344, 8442304, 8441472, 8442752, 8441536, 8441728, 8441856, 8441984, 8442240, 8440832, 8441344, 8441600, 8441536, 8439680]
spirodata~[53:48:DA:00:C8:05:99:00:00:80:9E:00:00:00:80:C6:00:00:00:80:D0:00:00:00:80:C9:00:00:00:80:CF:80:00:00:80:AA:40:00:00:80:CE:00:00:00:80:D1:C0:00:00:80:CE:80:00:00:80:D3:80:00:00:80:CE:C0:00:00:80:CF:80:00:00:80:D0:00:00:00:80:D0:80:00:00:80:D1:80:00:00:80:CC:00:00:00:80:CE:00:00:00:80:CF:00:00:00:80:CE:C0:00:00:80:C7:80:89:C0:C0:00:FF:FF:00:00:00:AB:10:45:46]
createSpiroLiveGraph~[8441216, 8440704, 8442304, 8441344, 8433536, 8436544, 8425536, 8438336, 8426688, 8440576, 8441728, 8440512, 8441600, 8441472, 8440064, 8441664, 8432704, 8434368, 8441408, 8424960]
spirodata~[53:48:DA:00:C8:05:9A:00:00:80:CD:80:00:00:80:CB:80:00:00:80:D1:C0:00:00:80:CE:00:00:00:80:AF:80:00:00:80:BB:40:00:00:80:90:40:00:00:80:C2:40:00:00:80:94:C0:00:00:80:CB:00:00:00:80:CF:80:00:00:80:CA:C0:00:00:80:CF:00:00:00:80:CE:80:00:00:80:C9:00:00:00:80:CF:40:00:00:80:AC:40:00:00:80:B2:C0:00:00:80:CE:40:00:00:80:8E:00:89:B6:80:00:FF:FF:00:00:00:AB:10:45:46]
createSpiroLiveGraph~[8428608, 8424704, 8439360, 8440192, 8434432, 8440960, 8442048, 8440576, 8441664, 8441472, 8441792, 8441984, 8442368, 8441536, 8440768, 8440896, 8441600, 8440896, 8442304, 8441984]
spirodata~[53:48:DA:00:C8:05:9B:00:00:80:9C:40:00:00:80:8D:00:00:00:80:C6:40:00:00:80:C9:80:00:00:80:B3:00:00:00:80:CC:80:00:00:80:D0:C0:00:00:80:CB:00:00:00:80:CF:40:00:00:80:CE:80:00:00:80:CF:C0:00:00:80:D0:80:00:00:80:D2:00:00:00:80:CE:C0:00:00:80:CB:C0:00:00:80:CC:40:00:00:80:CF:00:00:00:80:CC:40:00:00:80:D1:C0:00:00:80:D0:80:89:B4:40:00:FF:FF:00:00:00:AB:10:45:46]
createSpiroLiveGraph~[8441792, 8441472, 8442624, 8441344, 8441856, 8439104, 8436992, 8442432, 8440576, 8440640, 8442240, 8435584, 8441408, 8432768, 8426944, 8433408, 8441408, 8438720, 8438912, 8442432]
spirodata~[53:48:DA:00:C8:05:9C:00:00:80:CF:C0:00:00:80:CE:80:00:00:80:D3:00:00:00:80:CE:00:00:00:80:D0:00:00:00:80:C5:40:00:00:80:BD:00:00:00:80:D2:40:00:00:80:CB:00:00:00:80:CB:40:00:00:80:D1:80:00:00:80:B7:80:00:00:80:CE:40:00:00:80:AC:80:00:00:80:95:C0:00:00:80:AF:00:00:00:80:CE:40:00:00:80:C3:C0:00:00:80:C4:80:00:00:80:D2:40:89:AA:00:00:FF:FF:00:00:00:AB:10:45:46]
createSpiroLiveGraph~[8441600, 8441728, 8441984, 8433664, 8441728, 8441088, 8441920, 8441216, 8442176, 8442240, 8441984, 8442176, 8441024, 8441024, 8440640, 8441344, 8441344, 8441600, 8442112, 8441024]
spirodata~[53:48:DA:00:C8:05:9D:00:00:80:CF:00:00:00:80:CF:80:00:00:80:D0:80:00:00:80:B0:00:00:00:80:CF:80:00:00:80:CD:00:00:00:80:D0:40:00:00:80:CD:80:00:00:80:D1:40:00:00:80:D1:80:00:00:80:D0:80:00:00:80:D1:40:00:00:80:CC:C0:00:00:80:CC:C0:00:00:80:CB:40:00:00:80:CE:00:00:00:80:CE:00:00:00:80:CF:00:00:00:80:D1:00:00:00:80:CC:C0:89:D3:80:00:FF:FF:00:00:00:AB:10:45:46]
createSpiroLiveGraph~[8440704, 8442112, 8442432, 8441152, 8442240, 8441600, 8441664, 8441408, 8440960, 8441920, 8441664, 8442688, 8440960, 8441536, 8441024, 8438592, 8441728, 8442240, 8442176, 8441792]
spirodata~[53:48:DA:00:C8:05:9E:00:00:80:CB:80:00:00:80:D1:00:00:00:80:D2:40:00:00:80:CD:40:00:00:80:D1:80:00:00:80:CF:00:00:00:80:CF:40:00:00:80:CE:40:00:00:80:CC:80:00:00:80:D0:40:00:00:80:CF:40:00:00:80:D3:40:00:00:80:CC:80:00:00:80:CE:C0:00:00:80:CC:C0:00:00:80:C3:40:00:00:80:CF:80:00:00:80:D1:80:00:00:80:D1:40:00:00:80:CF:C0:89:B0:40:00:FF:FF:00:00:00:AB:10:45:46]
createSpiroLiveGraph~[8441472, 8442048, 8436096, 8442176, 8442304, 8441984, 8441088, 8441920, 8441792, 8442432, 8441280, 8441664, 8441216, 8441664, 8441088, 8441856, 8441536, 8441344, 8440768, 8442304]
spirodata~[53:48:DA:00:C8:05:9F:00:00:80:CE:80:00:00:80:D0:C0:00:00:80:B9:80:00:00:80:D1:40:00:00:80:D1:C0:00:00:80:D0:80:00:00:80:CD:00:00:00:80:D0:40:00:00:80:CF:C0:00:00:80:D2:40:00:00:80:CD:C0:00:00:80:CF:40:00:00:80:CD:80:00:00:80:CF:40:00:00:80:CD:00:00:00:80:D0:00:00:00:80:CE:C0:00:00:80:CE:00:00:00:80:CB:C0:00:00:80:D1:C0:89:AC:00:00:FF:FF:00:00:00:AB:10:45:46]
createSpiroLiveGraph~[8441280, 8441728, 8441728, 8442176, 8442304, 8441664, 8441216, 8437760, 8441856, 8434304, 8439296, 8442176, 8441280, 8441216, 8441216, 8441344, 8441408, 8441472, 8441536, 8441280]
spirodata~[53:48:DA:00:C8:05:A0:00:00:80:CD:C0:00:00:80:CF:80:00:00:80:CF:80:00:00:80:D1:40:00:00:80:D1:C0:00:00:80:CF:40:00:00:80:CD:80:00:00:80:C0:00:00:00:80:D0:00:00:00:80:B2:80:00:00:80:C6:00:00:00:80:D1:40:00:00:80:CD:C0:00:00:80:CD:80:00:00:80:CD:80:00:00:80:CE:00:00:00:80:CE:40:00:00:80:CE:80:00:00:80:CE:C0:00:00:80:CD:C0:89:B8:80:00:FF:FF:00:00:00:AB:10:45:46]
createSpiroLiveGraph~[8441920, 8436032, 8439744, 8441408, 8441984, 8440640, 8441856, 8442368, 8442176, 8441920, 8442368, 8441600, 8440768, 8441408, 8441728, 8441600, 8441088, 8441536, 8441664, 8442176]
spirodata~[53:48:DA:00:C8:05:A1:00:00:80:D0:40:00:00:80:B9:40:00:00:80:C7:C0:00:00:80:CE:40:00:00:80:D0:80:00:00:80:CB:40:00:00:80:D0:00:00:00:80:D2:00:00:00:80:D1:40:00:00:80:D0:40:00:00:80:D2:00:00:00:80:CF:00:00:00:80:CB:C0:00:00:80:CE:40:00:00:80:CF:80:00:00:80:CF:00:00:00:80:CD:00:00:00:80:CE:C0:00:00:80:CF:40:00:00:80:D1:40:89:C3:C0:00:FF:FF:00:00:00:AB:10:45:46]
createSpiroLiveGraph~[8441984, 8442112, 8441920, 8441216, 8441600, 8440768, 8441664, 8440896, 8442368, 8441024, 8441216, 8441408, 8442176, 8441408, 8441664, 8441024, 8440512, 8440704, 8441536, 8441472]
spirodata~[53:48:DA:00:C8:05:A2:00:00:80:D0:80:00:00:80:D1:00:00:00:80:D0:40:00:00:80:CD:80:00:00:80:CF:00:00:00:80:CB:C0:00:00:80:CF:40:00:00:80:CC:40:00:00:80:D2:00:00:00:80:CC:C0:00:00:80:CD:80:00:00:80:CE:40:00:00:80:D1:40:00:00:80:CE:40:00:00:80:CF:40:00:00:80:CC:C0:00:00:80:CA:C0:00:00:80:CB:80:00:00:80:CE:C0:00:00:80:CE:80:89:B9:80:00:FF:FF:00:00:00:AB:10:45:46]
createSpiroLiveGraph~[8433472, 8441600, 8441984, 8442688, 8441536, 8441024, 8441152, 8441408, 8441216, 8439552, 8441728, 8441792, 8441536, 8441344, 8441152, 8441792, 8441088, 8442176, 8441024, 8441152]
spirodata~[53:48:DA:00:C8:05:A3:00:00:80:AF:40:00:00:80:CF:00:00:00:80:D0:80:00:00:80:D3:40:00:00:80:CE:C0:00:00:80:CC:C0:00:00:80:CD:40:00:00:80:CE:40:00:00:80:CD:80:00:00:80:C7:00:00:00:80:CF:80:00:00:80:CF:C0:00:00:80:CE:C0:00:00:80:CE:00:00:00:80:CD:40:00:00:80:CF:C0:00:00:80:CD:00:00:00:80:D1:40:00:00:80:CC:C0:00:00:80:CD:40:89:B1:40:00:FF:FF:00:00:00:AB:10:45:46]
createSpiroLiveGraph~[8441408, 8442176, 8441792, 8442368, 8441728, 8441408, 8441216, 8442048, 8441472, 8441984, 8441024, 8441600, 8441344, 8439232, 8441792, 8441920, 8441664, 8440512, 8433024, 8440256]
spirodata~[53:48:DA:00:C8:05:A4:00:00:80:CE:40:00:00:80:D1:40:00:00:80:CF:C0:00:00:80:D2:00:00:00:80:CF:80:00:00:80:CE:40:00:00:80:CD:80:00:00:80:D0:C0:00:00:80:CE:80:00:00:80:D0:80:00:00:80:CC:C0:00:00:80:CF:00:00:00:80:CE:00:00:00:80:C5:C0:00:00:80:CF:C0:00:00:80:D0:40:00:00:80:CF:40:00:00:80:CA:C0:00:00:80:AD:80:00:00:80:C9:C0:89:B2:40:00:FF:FF:00:00:00:AB:10:45:46]
createSpiroLiveGraph~[8441600, 8429312, 8424768, 8432384, 8440768, 8440384, 8441920, 8435136, 8435264, 8432256, 8439936, 8442496, 8441472, 8441792, 8425536, 8430656, 8441280, 8440256, 8441536, 8433344]
spirodata~[53:48:DA:00:C8:05:A5:00:00:80:CF:00:00:00:80:9F:00:00:00:80:8D:40:00:00:80:AB:00:00:00:80:CB:C0:00:00:80:CA:40:00:00:80:D0:40:00:00:80:B5:C0:00:00:80:B6:40:00:00:80:AA:80:00:00:80:C8:80:00:00:80:D2:80:00:00:80:CE:80:00:00:80:CF:C0:00:00:80:90:40:00:00:80:A4:40:00:00:80:CD:C0:00:00:80:C9:C0:00:00:80:CE:C0:00:00:80:AE:C0:89:A1:C0:00:FF:FF:00:00:00:AB:10:45:46]
createSpiroLiveGraph~[8432640, 8440640, 8441472, 8441344, 8433856, 8435264, 8430976, 8440960, 8441088, 8439296, 8434688, 8441472, 8441856, 8441984, 8441856, 8441728, 8441216, 8441600, 8441152, 8429056]
spirodata~[53:48:DA:00:C8:05:A6:00:00:80:AC:00:00:00:80:CB:40:00:00:80:CE:80:00:00:80:CE:00:00:00:80:B0:C0:00:00:80:B6:40:00:00:80:A5:80:00:00:80:CC:80:00:00:80:CD:00:00:00:80:C6:00:00:00:80:B4:00:00:00:80:CE:80:00:00:80:D0:00:00:00:80:D0:80:00:00:80:D0:00:00:00:80:CF:80:00:00:80:CD:80:00:00:80:CF:00:00:00:80:CD:40:00:00:80:9E:00:89:B1:40:00:FF:FF:00:00:00:AB:10:45:46]
createSpiroLiveGraph~[8440448, 8441088, 8441280, 8441536, 8442432, 8441344, 8441536, 8442112, 8442304, 8441664, 8441600, 8441408, 8440448, 8440576, 8441664, 8440960, 8441408, 8440832, 8441920, 8441536]
spirodata~[53:48:DA:00:C8:05:A7:00:00:80:CA:80:00:00:80:CD:00:00:00:80:CD:C0:00:00:80:CE:C0:00:00:80:D2:40:00:00:80:CE:00:00:00:80:CE:C0:00:00:80:D1:00:00:00:80:D1:C0:00:00:80:CF:40:00:00:80:CF:00:00:00:80:CE:40:00:00:80:CA:80:00:00:80:CB:00:00:00:80:CF:40:00:00:80:CC:80:00:00:80:CE:40:00:00:80:CC:00:00:00:80:D0:40:00:00:80:CE:C0:89:C8:00:00:FF:FF:00:00:00:AB:10:45:46]
createSpiroLiveGraph~[8441920, 8440896, 8441664, 8441984, 8438912, 8441280, 8441216, 8442624, 8441920, 8441792, 8440960, 8441664, 8441728, 8441408, 8441152, 8441792, 8442432, 8440704, 8433152, 8441600]
spirodata~[53:48:DA:00:C8:05:A8:00:00:80:D0:40:00:00:80:CC:40:00:00:80:CF:40:00:00:80:D0:80:00:00:80:C4:80:00:00:80:CD:C0:00:00:80:CD:80:00:00:80:D3:00:00:00:80:D0:40:00:00:80:CF:C0:00:00:80:CC:80:00:00:80:CF:40:00:00:80:CF:80:00:00:80:CE:40:00:00:80:CD:40:00:00:80:CF:C0:00:00:80:D2:40:00:00:80:CB:80:00:00:80:AE:00:00:00:80:CF:00:89:AC:00:00:FF:FF:00:00:00:AB:10:45:46]
createSpiroLiveGraph~[8441216, 8441216, 8442048, 8441792, 8440960, 8440768, 8442048, 8441920, 8438720, 8440000, 8441152, 8441408, 8441664, 8440832, 8441408, 8441664, 8442112, 8442176, 8441472, 8441664]
spirodata~[53:48:DA:00:C8:05:A9:00:00:80:CD:80:00:00:80:CD:80:00:00:80:D0:C0:00:00:80:CF:C0:00:00:80:CC:80:00:00:80:CB:C0:00:00:80:D0:C0:00:00:80:D0:40:00:00:80:C3:C0:00:00:80:C8:C0:00:00:80:CD:40:00:00:80:CE:40:00:00:80:CF:40:00:00:80:CC:00:00:00:80:CE:40:00:00:80:CF:40:00:00:80:D1:00:00:00:80:D1:40:00:00:80:CE:80:00:00:80:CF:40:89:C8:00:00:FF:FF:00:00:00:AB:10:45:46]
createSpiroLiveGraph~[8441856, 8441728, 8441152, 8441024, 8441024, 8442304, 8441600, 8442112, 8441280, 8441536, 8440192, 8441792, 8439872, 8442688, 8441088, 8440576, 8440384, 8433152, 8441664, 8439680]
spirodata~[53:48:DA:00:C8:05:AA:00:00:80:D0:00:00:00:80:CF:80:00:00:80:CD:40:00:00:80:CC:C0:00:00:80:CC:C0:00:00:80:D1:C0:00:00:80:CF:00:00:00:80:D1:00:00:00:80:CD:C0:00:00:80:CE:C0:00:00:80:C9:80:00:00:80:CF:C0:00:00:80:C8:40:00:00:80:D3:40:00:00:80:CD:00:00:00:80:CB:00:00:00:80:CA:40:00:00:80:AE:00:00:00:80:CF:40:00:00:80:C7:80:89:CA:00:00:FF:FF:00:00:00:AB:10:45:46]
createSpiroLiveGraph~[8441408, 8441280, 8441728, 8440960, 8441600, 8440960, 8441664, 8440896, 8441536, 8438400, 8441408, 8440832, 8440832, 8441088, 8441024, 8440768, 8439744, 8440192, 8441728, 8441280]
spirodata~[53:48:DA:00:C8:05:AB:00:00:80:CE:40:00:00:80:CD:C0:00:00:80:CF:80:00:00:80:CC:80:00:00:80:CF:00:00:00:80:CC:80:00:00:80:CF:40:00:00:80:CC:40:00:00:80:CE:C0:00:00:80:C2:80:00:00:80:CE:40:00:00:80:CC:00:00:00:80:CC:00:00:00:80:CD:00:00:00:80:CC:C0:00:00:80:CB:C0:00:00:80:C7:C0:00:00:80:C9:80:00:00:80:CF:80:00:00:80:CD:C0:89:C2:C0:00:FF:FF:00:00:00:AB:10:45:46]
createSpiroLiveGraph~[8423744, 8440192, 8440704, 8441088, 8441664, 8441344, 8441408, 8439808, 8441856, 8441280, 8441472, 8441984, 8441408, 8441856, 8441216, 8440960, 8436736, 8440576, 8441408, 8441408]
spirodata~[53:48:DA:00:C8:05:AC:00:00:80:89:40:00:00:80:C9:80:00:00:80:CB:80:00:00:80:CD:00:00:00:80:CF:40:00:00:80:CE:00:00:00:80:CE:40:00:00:80:C8:00:00:00:80:D0:00:00:00:80:CD:C0:00:00:80:CE:80:00:00:80:D0:80:00:00:80:CE:40:00:00:80:D0:00:00:00:80:CD:80:00:00:80:CC:80:00:00:80:BC:00:00:00:80:CB:00:00:00:80:CE:40:00:00:80:CE:40:89:B6:80:00:FF:FF:00:00:00:AB:10:45:46]
createSpiroLiveGraph~[8441600, 8441280, 8441536, 8441728, 8436800, 8441024, 8442752, 8442176, 8440064, 8441984, 8441344, 8424384, 8425344, 8438464, 8441024, 8440576, 8441728, 8441088, 8441856, 8441664]
spirodata~[53:48:DA:00:C8:05:AD:00:00:80:CF:00:00:00:80:CD:C0:00:00:80:CE:C0:00:00:80:CF:80:00:00:80:BC:40:00:00:80:CC:C0:00:00:80:D3:80:00:00:80:D1:40:00:00:80:C9:00:00:00:80:D0:80:00:00:80:CE:00:00:00:80:8B:C0:00:00:80:8F:80:00:00:80:C2:C0:00:00:80:CC:C0:00:00:80:CB:00:00:00:80:CF:80:00:00:80:CD:00:00:00:80:D0:00:00:00:80:CF:40:89:C6:00:00:FF:FF:00:00:00:AB:10:45:46]
createSpiroLiveGraph~[8441600, 8441600, 8441280, 8439040, 8435840, 8442624, 8442048, 8440192, 8441216, 8441408, 8441152, 8441280, 8441664, 8441408, 8441408, 8427712, 8431744, 8429632, 8425856, 8429248]
spirodata~[53:48:DA:00:C8:05:AE:00:00:80:CF:00:00:00:80:CF:00:00:00:80:CD:C0:00:00:80:C5:00:00:00:80:B8:80:00:00:80:D3:00:00:00:80:D0:C0:00:00:80:C9:80:00:00:80:CD:80:00:00:80:CE:40:00:00:80:CD:40:00:00:80:CD:C0:00:00:80:CF:40:00:00:80:CE:40:00:00:80:CE:40:00:00:80:98:C0:00:00:80:A8:80:00:00:80:A0:40:00:00:80:91:80:00:00:80:9E:C0:89:C0:C0:00:FF:FF:00:00:00:AB:10:45:46]
createSpiroLiveGraph~[8431552, 8425024, 8424256, 8424128, 8423616, 8423936, 8439680, 8440000, 8441344, 8440064, 8442368, 8441088, 8441792, 8442432, 8437696, 8440640, 8441536, 8426368, 8436032, 8427456]
spirodata~[53:48:DA:00:C8:05:AF:00:00:80:A7:C0:00:00:80:8E:40:00:00:80:8B:40:00:00:80:8A:C0:00:00:80:88:C0:00:00:80:8A:00:00:00:80:C7:80:00:00:80:C8:C0:00:00:80:CE:00:00:00:80:C9:00:00:00:80:D2:00:00:00:80:CD:00:00:00:80:CF:C0:00:00:80:D2:40:00:00:80:BF:C0:00:00:80:CB:40:00:00:80:CE:C0:00:00:80:93:80:00:00:80:B9:40:00:00:80:97:C0:89:BB:80:00:FF:FF:00:00:00:AB:10:45:46]
createSpiroLiveGraph~[8433536, 8442112, 8440256, 8440384, 8441408, 8441280, 8442048, 8441216, 8441728, 8441408, 8433344, 8432832, 8429952, 8425856, 8423680, 8423808, 8433088, 8424640, 8424640, 8440256]
spirodata~[53:48:DA:00:C8:05:B0:00:00:80:AF:80:00:00:80:D1:00:00:00:80:C9:C0:00:00:80:CA:40:00:00:80:CE:40:00:00:80:CD:C0:00:00:80:D0:C0:00:00:80:CD:80:00:00:80:CF:80:00:00:80:CE:40:00:00:80:AE:C0:00:00:80:AC:C0:00:00:80:A1:80:00:00:80:91:80:00:00:80:89:00:00:00:80:89:80:00:00:80:AD:C0:00:00:80:8C:C0:00:00:80:8C:C0:00:00:80:C9:C0:89:BA:80:00:FF:FF:00:00:00:AB:10:45:46]
createSpiroLiveGraph~[8423936, 8426560, 8425344, 8441664, 8426176, 8423296, 8424320, 8440256, 8436480, 8440704, 8427840, 8425792, 8428544, 8425344, 8439488, 8440576, 8431680, 8423552, 8432640, 8439104]
spirodata~[53:48:DA:00:C8:05:B1:00:00:80:8A:00:00:00:80:94:40:00:00:80:8F:80:00:00:80:CF:40:00:00:80:92:C0:00:00:80:87:80:00:00:80:8B:80:00:00:80:C9:C0:00:00:80:BB:00:00:00:80:CB:80:00:00:80:99:40:00:00:80:91:40:00:00:80:9C:00:00:00:80:8F:80:00:00:80:C6:C0:00:00:80:CB:00:00:00:80:A8:40:00:00:80:88:80:00:00:80:AC:00:00:00:80:C5:40:89:C9:00:00:FF:FF:00:00:00:AB:10:45:46]
createSpiroLiveGraph~[8441152, 8440512, 8441856, 8442112, 8441536, 8441088, 8441600, 8441344, 8441280, 8441408, 8441216, 8441984, 8441472, 8441088, 8438720, 8440128, 8441280, 8441536, 8440960, 8441024]
spirodata~[53:48:DA:00:C8:05:B2:00:00:80:CD:40:00:00:80:CA:C0:00:00:80:D0:00:00:00:80:D1:00:00:00:80:CE:C0:00:00:80:CD:00:00:00:80:CF:00:00:00:80:CE:00:00:00:80:CD:C0:00:00:80:CE:40:00:00:80:CD:80:00:00:80:D0:80:00:00:80:CE:80:00:00:80:CD:00:00:00:80:C3:C0:00:00:80:C9:40:00:00:80:CD:C0:00:00:80:CE:C0:00:00:80:CC:80:00:00:80:CC:C0:89:BD:C0:00:FF:FF:00:00:00:AB:10:45:46]
createSpiroLiveGraph~[8431808, 8441920, 8441920, 8441536, 8441536, 8442496, 8441728, 8441152, 8441536, 8441728, 8441536, 8440960, 8438912, 8441216, 8441344, 8440896, 8440704, 8441536, 8441152, 8441792]
spirodata~[53:48:DA:00:C8:05:B3:00:00:80:A8:C0:00:00:80:D0:40:00:00:80:D0:40:00:00:80:CE:C0:00:00:80:CE:C0:00:00:80:D2:80:00:00:80:CF:80:00:00:80:CD:40:00:00:80:CE:C0:00:00:80:CF:80:00:00:80:CE:C0:00:00:80:CC:80:00:00:80:C4:80:00:00:80:CD:80:00:00:80:CE:00:00:00:80:CC:40:00:00:80:CB:80:00:00:80:CE:C0:00:00:80:CD:40:00:00:80:CF:C0:89:C1:C0:00:FF:FF:00:00:00:AB:10:45:46]
createSpiroLiveGraph~[8442048, 8442624, 8439680, 8436160, 8440192, 8441344, 8441664, 8440256, 8441920, 8441536, 8441344, 8440704, 8441024, 8441728, 8441600, 8441664, 8441344, 8441216, 8423552, 8441280]
spirodata~[53:48:DA:00:C8:05:B4:00:00:80:D0:C0:00:00:80:D3:00:00:00:80:C7:80:00:00:80:B9:C0:00:00:80:C9:80:00:00:80:CE:00:00:00:80:CF:40:00:00:80:C9:C0:00:00:80:D0:40:00:00:80:CE:C0:00:00:80:CE:00:00:00:80:CB:80:00:00:80:CC:C0:00:00:80:CF:80:00:00:80:CF:00:00:00:80:CF:40:00:00:80:CE:00:00:00:80:CD:80:00:00:80:88:80:00:00:80:CD:C0:89:C2:C0:00:FF:FF:00:00:00:AB:10:45:46]
createSpiroLiveGraph~[8440896, 8441920, 8441600, 8441280, 8440832, 8441792, 8439488, 8441600, 8442240, 8441088, 8441472, 8437248, 8424896, 8440448, 8441216, 8441152, 8441152, 8441664, 8441728, 8441280]
spirodata~[53:48:DA:00:C8:05:B5:00:00:80:CC:40:00:00:80:D0:40:00:00:80:CF:00:00:00:80:CD:C0:00:00:80:CC:00:00:00:80:CF:C0:00:00:80:C6:C0:00:00:80:CF:00:00:00:80:D1:80:00:00:80:CD:00:00:00:80:CE:80:00:00:80:BE:00:00:00:80:8D:C0:00:00:80:CA:80:00:00:80:CD:80:00:00:80:CD:40:00:00:80:CD:40:00:00:80:CF:40:00:00:80:CF:80:00:00:80:CD:C0:89:C9:00:00:FF:FF:00:00:00:AB:10:45:46]
createSpiroLiveGraph~[8440640, 8441728, 8440832, 8441600, 8441728, 8441472, 8438720, 8440000, 8441920, 8441344, 8429440, 8434944, 8433152, 8437696, 8441472, 8441728, 8441152, 8441088, 8441856, 8441536]
spirodata~[53:48:DA:00:C8:05:B6:00:00:80:CB:40:00:00:80:CF:80:00:00:80:CC:00:00:00:80:CF:00:00:00:80:CF:80:00:00:80:CE:80:00:00:80:C3:C0:00:00:80:C8:C0:00:00:80:D0:40:00:00:80:CE:00:00:00:80:9F:80:00:00:80:B5:00:00:00:80:AE:00:00:00:80:BF:C0:00:00:80:CE:80:00:00:80:CF:80:00:00:80:CD:40:00:00:80:CD:00:00:00:80:D0:00:00:00:80:CE:C0:89:E4:00:00:FF:FF:00:00:00:AB:10:45:46]
createSpiroLiveGraph~[8440768, 8441472, 8441344, 8442304, 8442112, 8440704, 8441344, 8440896, 8441536, 8441536, 8436416, 8441280, 8441536, 8441920, 8431360, 8439936, 8441728, 8441216, 8441408, 8441664]
spirodata~[53:48:DA:00:C8:05:B7:00:00:80:CB:C0:00:00:80:CE:80:00:00:80:CE:00:00:00:80:D1:C0:00:00:80:D1:00:00:00:80:CB:80:00:00:80:CE:00:00:00:80:CC:40:00:00:80:CE:C0:00:00:80:CE:C0:00:00:80:BA:C0:00:00:80:CD:C0:00:00:80:CE:C0:00:00:80:D0:40:00:00:80:A7:00:00:00:80:C8:80:00:00:80:CF:80:00:00:80:CD:80:00:00:80:CE:40:00:00:80:CF:40:89:D3:80:00:FF:FF:00:00:00:AB:10:45:46]
createSpiroLiveGraph~[8441280, 8441792, 8442048, 8441600, 8441792, 8441728, 8441216, 8441152, 8442624, 8442496, 8441536, 8441728, 8442304, 8440896, 8441728, 8441728, 8441344, 8441280, 8439552, 8441728]
spirodata~[53:48:DA:00:C8:05:B8:00:00:80:CD:C0:00:00:80:CF:C0:00:00:80:D0:C0:00:00:80:CF:00:00:00:80:CF:C0:00:00:80:CF:80:00:00:80:CD:80:00:00:80:CD:40:00:00:80:D3:00:00:00:80:D2:80:00:00:80:CE:C0:00:00:80:CF:80:00:00:80:D1:C0:00:00:80:CC:40:00:00:80:CF:80:00:00:80:CF:80:00:00:80:CE:00:00:00:80:CD:C0:00:00:80:C7:00:00:00:80:CF:80:89:9D:80:00:FF:FF:00:00:00:AB:10:45:46]
createSpiroLiveGraph~[8441856, 8442496, 8442112, 8441344, 8441600, 8441600, 8441664, 8441152, 8442176, 8433600, 8441920, 8442368, 8441856, 8441856, 8442304, 8441280, 8442304, 8441600, 8441408, 8440768]
spirodata~[53:48:DA:00:C8:05:B9:00:00:80:D0:00:00:00:80:D2:80:00:00:80:D1:00:00:00:80:CE:00:00:00:80:CF:00:00:00:80:CF:00:00:00:80:CF:40:00:00:80:CD:40:00:00:80:D1:40:00:00:80:AF:C0:00:00:80:D0:40:00:00:80:D2:00:00:00:80:D0:00:00:00:80:D0:00:00:00:80:D1:C0:00:00:80:CD:C0:00:00:80:D1:C0:00:00:80:CF:00:00:00:80:CE:40:00:00:80:CB:C0:89:BF:C0:00:FF:FF:00:00:00:AB:10:45:46]
createSpiroLiveGraph~[8442432, 8439168, 8437312, 8442688, 8441728, 8441408, 8441600, 8441792, 8441856, 8442176, 8441600, 8440448, 8441664, 8441344, 8441792, 8441088, 8441216, 8441472, 8440448, 8441280]
spirodata~[53:48:DA:00:C8:05:BA:00:00:80:D2:40:00:00:80:C5:80:00:00:80:BE:40:00:00:80:D3:40:00:00:80:CF:80:00:00:80:CE:40:00:00:80:CF:00:00:00:80:CF:C0:00:00:80:D0:00:00:00:80:D1:40:00:00:80:CF:00:00:00:80:CA:80:00:00:80:CF:40:00:00:80:CE:00:00:00:80:CF:C0:00:00:80:CD:00:00:00:80:CD:80:00:00:80:CE:80:00:00:80:CA:80:00:00:80:CD:C0:89:C1:C0:00:FF:FF:00:00:00:AB:10:45:46]
createSpiroLiveGraph~[8441536, 8441088, 8441344, 8441920, 8441984, 8441664, 8440832, 8441472, 8433408, 8441472, 8441984, 8441792, 8441856, 8442560, 8441600, 8441664, 8441536, 8442240, 8441984, 8441920]
spirodata~[53:48:DA:00:C8:05:BB:00:00:80:CE:C0:00:00:80:CD:00:00:00:80:CE:00:00:00:80:D0:40:00:00:80:D0:80:00:00:80:CF:40:00:00:80:CC:00:00:00:80:CE:80:00:00:80:AF:00:00:00:80:CE:80:00:00:80:D0:80:00:00:80:CF:C0:00:00:80:D0:00:00:00:80:D2:C0:00:00:80:CF:00:00:00:80:CF:40:00:00:80:CE:C0:00:00:80:D1:80:00:00:80:D0:80:00:00:80:D0:40:89:CB:00:00:FF:FF:00:00:00:AB:10:45:46]
createSpiroLiveGraph~[8441344, 8441536, 8441216, 8441344, 8441472, 8441664, 8441344, 8442304, 8442176, 8441280, 8441344, 8441280, 8440704, 8441408, 8441920, 8441280, 8441664, 8440704, 8441472, 8441600]
spirodata~[53:48:DA:00:C8:05:BC:00:00:80:CE:00:00:00:80:CE:C0:00:00:80:CD:80:00:00:80:CE:00:00:00:80:CE:80:00:00:80:CF:40:00:00:80:CE:00:00:00:80:D1:C0:00:00:80:D1:40:00:00:80:CD:C0:00:00:80:CE:00:00:00:80:CD:C0:00:00:80:CB:80:00:00:80:CE:40:00:00:80:D0:40:00:00:80:CD:C0:00:00:80:CF:40:00:00:80:CB:80:00:00:80:CE:80:00:00:80:CF:00:89:C6:00:00:FF:FF:00:00:00:AB:10:45:46]
createSpiroLiveGraph~[8441600, 8439680, 8440640, 8441344, 8440704, 8441536, 8441152, 8434944, 8440640, 8441728, 8440960, 8441792, 8441664, 8440768, 8441216, 8441664, 8440704, 8441664, 8442048, 8441984]
spirodata~[53:48:DA:00:C8:05:BD:00:00:80:CF:00:00:00:80:C7:80:00:00:80:CB:40:00:00:80:CE:00:00:00:80:CB:80:00:00:80:CE:C0:00:00:80:CD:40:00:00:80:B5:00:00:00:80:CB:40:00:00:80:CF:80:00:00:80:CC:80:00:00:80:CF:C0:00:00:80:CF:40:00:00:80:CB:C0:00:00:80:CD:80:00:00:80:CF:40:00:00:80:CB:80:00:00:80:CF:40:00:00:80:D0:C0:00:00:80:D0:80:89:C1:C0:00:FF:FF:00:00:00:AB:10:45:46]
createSpiroLiveGraph~[8441408, 8442432, 8441408, 8441664, 8442048, 8441472, 8441856, 8441856, 8441920, 8440960, 8441984, 8441344, 8442240, 8441408, 8441792, 8441536, 8441152, 8440768, 8442304, 8441408]
spirodata~[53:48:DA:00:C8:05:BE:00:00:80:CE:40:00:00:80:D2:40:00:00:80:CE:40:00:00:80:CF:40:00:00:80:D0:C0:00:00:80:CE:80:00:00:80:D0:00:00:00:80:D0:00:00:00:80:D0:40:00:00:80:CC:80:00:00:80:D0:80:00:00:80:CE:00:00:00:80:D1:80:00:00:80:CE:40:00:00:80:CF:C0:00:00:80:CE:C0:00:00:80:CD:40:00:00:80:CB:C0:00:00:80:D1:C0:00:00:80:CE:40:89:C7:00:00:FF:FF:00:00:00:AB:10:45:46]
createSpiroLiveGraph~[8442048, 8441408, 8441280, 8440320, 8441792, 8441344, 8436288, 8441856, 8441664, 8440000, 8441536, 8442368, 8441792, 8441536, 8441920, 8442048, 8441472, 8441408, 8441280, 8441664]
spirodata~[53:48:DA:00:C8:05:BF:00:00:80:D0:C0:00:00:80:CE:40:00:00:80:CD:C0:00:00:80:CA:00:00:00:80:CF:C0:00:00:80:CE:00:00:00:80:BA:40:00:00:80:D0:00:00:00:80:CF:40:00:00:80:C8:C0:00:00:80:CE:C0:00:00:80:D2:00:00:00:80:CF:C0:00:00:80:CE:C0:00:00:80:D0:40:00:00:80:D0:C0:00:00:80:CE:80:00:00:80:CE:40:00:00:80:CD:C0:00:00:80:CF:40:89:B2:40:00:FF:FF:00:00:00:AB:10:45:46]
createSpiroLiveGraph~[8440256, 8438272, 8442560, 8441408, 8442240, 8441856, 8440640, 8441664, 8442112, 8441920, 8441792, 8440896, 8441728, 8441216, 8440896, 8441856, 8441600, 8442176, 8441280, 8441280]
spirodata~[53:48:DA:00:C8:05:C0:00:00:80:C9:C0:00:00:80:C2:00:00:00:80:D2:C0:00:00:80:CE:40:00:00:80:D1:80:00:00:80:D0:00:00:00:80:CB:40:00:00:80:CF:40:00:00:80:D1:00:00:00:80:D0:40:00:00:80:CF:C0:00:00:80:CC:40:00:00:80:CF:80:00:00:80:CD:80:00:00:80:CC:40:00:00:80:D0:00:00:00:80:CF:00:00:00:80:D1:40:00:00:80:CD:C0:00:00:80:CD:C0:89:BF:C0:00:FF:FF:00:00:00:AB:10:45:46]
createSpiroLiveGraph~[8442304, 8442624, 8441728, 8441536, 8440832, 8437440, 8441088, 8441856, 8440576, 8441664, 8441536, 8441408, 8442560, 8441280, 8440832, 8441472, 8441344, 8441792, 8441472, 8442048]
spirodata~[53:48:DA:00:C8:05:C1:00:00:80:D1:C0:00:00:80:D3:00:00:00:80:CF:80:00:00:80:CE:C0:00:00:80:CC:00:00:00:80:BE:C0:00:00:80:CD:00:00:00:80:D0:00:00:00:80:CB:00:00:00:80:CF:40:00:00:80:CE:C0:00:00:80:CE:40:00:00:80:D2:C0:00:00:80:CD:C0:00:00:80:CC:00:00:00:80:CE:80:00:00:80:CE:00:00:00:80:CF:C0:00:00:80:CE:80:00:00:80:D0:C0:89:E3:00:00:FF:FF:00:00:00:AB:10:45:46]
createSpiroLiveGraph~[8441152, 8442112, 8441472, 8441920, 8441024, 8441600, 8442112, 8441728, 8441984, 8440192, 8441920, 8441408, 8441024, 8441728, 8441856, 8440256, 8441472, 8441536, 8442176, 8441856]
spirodata~[53:48:DA:00:C8:05:C2:00:00:80:CD:40:00:00:80:D1:00:00:00:80:CE:80:00:00:80:D0:40:00:00:80:CC:C0:00:00:80:CF:00:00:00:80:D1:00:00:00:80:CF:80:00:00:80:D0:80:00:00:80:C9:80:00:00:80:D0:40:00:00:80:CE:40:00:00:80:CC:C0:00:00:80:CF:80:00:00:80:D0:00:00:00:80:C9:C0:00:00:80:CE:80:00:00:80:CE:C0:00:00:80:D1:40:00:00:80:D0:00:89:B6:80:00:FF:FF:00:00:00:AB:10:45:46]
createSpiroLiveGraph~[8441280, 8441472, 8440960, 8441536, 8434816, 8441536, 8442176, 8441600, 8441600, 8441344, 8442048, 8441792, 8441984, 8442048, 8440960, 8441344, 8441152, 8442304, 8441472, 8441408]
spirodata~[53:48:DA:00:C8:05:C3:00:00:80:CD:C0:00:00:80:CE:80:00:00:80:CC:80:00:00:80:CE:C0:00:00:80:B4:80:00:00:80:CE:C0:00:00:80:D1:40:00:00:80:CF:00:00:00:80:CF:00:00:00:80:CE:00:00:00:80:D0:C0:00:00:80:CF:C0:00:00:80:D0:80:00:00:80:D0:C0:00:00:80:CC:80:00:00:80:CE:00:00:00:80:CD:40:00:00:80:D1:C0:00:00:80:CE:80:00:00:80:CE:40:89:B4:40:00:FF:FF:00:00:00:AB:10:45:46]
createSpiroLiveGraph~[8441472, 8440704, 8442688, 8441088, 8441408, 8441920, 8441024, 8441664, 8441664, 8440704, 8440704, 8441664, 8441216, 8441600, 8441152, 8440640, 8441664, 8442368, 8441600, 8441600]
spirodata~[53:48:DA:00:C8:05:C4:00:00:80:CE:80:00:00:80:CB:80:00:00:80:D3:40:00:00:80:CD:00:00:00:80:CE:40:00:00:80:D0:40:00:00:80:CC:C0:00:00:80:CF:40:00:00:80:CF:40:00:00:80:CB:80:00:00:80:CB:80:00:00:80:CF:40:00:00:80:CD:80:00:00:80:CF:00:00:00:80:CD:40:00:00:80:CB:40:00:00:80:CF:40:00:00:80:D2:00:00:00:80:CF:00:00:00:80:CF:00:89:DB:C0:00:FF:FF:00:00:00:AB:10:45:46]
[53:48:DA:00:C8:05:05:00:00:80:D1:00:00:00:80:CC:40:00:00:80:CD:00:00:00:80:D3:40:00:00:80:CD:C0:00:00:80:CE:40:00:00:80:CE:C0:00:00:80:CC:00:00:00:80:D2:00:00:00:80:CF:40:00:00:80:CF:80:00:00:80:D1:00:00:00:80:CD:00:00:00:80:D0:40:00:00:80:D2:40:00:00:80:D1:00:00:00:80:D0:40:00:00:80:CB:80:00:00:80:D2:40:00:00:80:CF:80:8A:B2:40:00:FF:FF:00:00:00:AB:10:45:46]
[53:48:DA:00:C8:05:06:00:00:80:CD:C0:00:00:80:CD:80:00:00:80:D0:00:00:00:80:CE:00:00:00:80:CF:80:00:00:80:CF:80:00:00:80:CE:40:00:00:80:CF:40:00:00:80:D2:40:00:00:80:D0:00:00:00:80:D1:00:00:00:80:CF:00:00:00:80:CD:00:00:00:80:CF:00:00:00:80:CE:80:00:00:80:CE:40:00:00:80:D2:00:00:00:80:D0:80:00:00:80:CE:40:00:00:80:CE:40:8A:AA:00:00:FF:FF:00:00:00:AB:10:45:46]
[53:48:DA:00:C8:05:07:00:00:80:CF:C0:00:00:80:CE:80:00:00:80:D0:40:00:00:80:CE:80:00:00:80:CF:40:00:00:80:CD:80:00:00:80:C9:40:00:00:80:D2:80:00:00:80:D0:C0:00:00:80:CD:40:00:00:80:D0:40:00:00:80:CE:80:00:00:80:D2:00:00:00:80:D1:00:00:00:80:D2:00:00:00:80:CE:00:00:00:80:CE:C0:00:00:80:CD:00:00:00:80:D1:40:00:00:80:B0:40:8A:BC:80:00:FF:FF:00:00:00:AB:10:45:46]
[53:48:DA:00:C8:05:08:00:00:80:D1:80:00:00:80:D2:00:00:00:80:CD:40:00:00:80:CF:40:00:00:80:D0:00:00:00:80:CF:C0:00:00:80:CF:40:00:00:80:D1:C0:00:00:80:CE:40:00:00:80:CC:40:00:00:80:D0:80:00:00:80:D0:80:00:00:80:D1:00:00:00:80:BB:40:00:00:80:9D:C0:00:00:80:AC:80:00:00:80:C5:40:00:00:80:CE:00:00:00:80:D1:C0:00:00:80:99:00:8A:D5:80:00:FF:FF:00:00:00:AB:10:45:46]
[53:48:DA:00:C8:05:09:00:00:80:B3:40:00:00:80:C5:40:00:00:80:CA:40:00:00:80:CD:40:00:00:80:D2:40:00:00:80:A1:00:00:00:80:B6:80:00:00:80:CD:80:00:00:80:CD:C0:00:00:80:D1:00:00:00:80:BB:40:00:00:80:B8:80:00:00:80:A9:C0:00:00:80:CA:40:00:00:80:D2:00:00:00:80:D2:80:00:00:80:D2:00:00:00:80:A6:80:00:00:80:B3:40:00:00:80:CB:C0:8A:C9:00:00:FF:FF:00:00:00:AB:10:45:46]
[53:48:DA:00:C8:05:0A:00:00:80:D3:40:00:00:80:C7:80:00:00:80:B1:C0:00:00:80:B8:80:00:00:80:CA:40:00:00:80:CF:40:00:00:80:CA:80:00:00:80:CC:80:00:00:80:CF:C0:00:00:80:CE:40:00:00:80:D0:80:00:00:80:D3:C0:00:00:80:CD:40:00:00:80:CE:C0:00:00:80:CE:40:00:00:80:D0:40:00:00:80:D2:80:00:00:80:D2:00:00:00:80:CE:C0:00:00:80:D1:40:8A:D5:80:00:FF:FF:00:00:00:AB:10:45:46]
[53:48:DA:00:C8:05:0B:00:00:80:CF:40:00:00:80:D3:40:00:00:80:D2:C0:00:00:80:D0:40:00:00:80:CD:00:00:00:80:D1:80:00:00:80:C9:80:00:00:80:D1:80:00:00:80:CF:80:00:00:80:D0:00:00:00:80:D0:40:00:00:80:CF:80:00:00:80:CE:C0:00:00:80:D2:80:00:00:80:D1:40:00:00:80:D0:40:00:00:80:D0:00:00:00:80:CA:80:00:00:80:D2:80:00:00:80:D3:C0:8A:BA:80:00:FF:FF:00:00:00:AB:10:45:46]
[53:48:DA:00:C8:05:0C:00:00:80:D0:C0:00:00:80:D4:40:00:00:80:CE:C0:00:00:80:CE:C0:00:00:80:D1:80:00:00:80:D2:80:00:00:80:D2:40:00:00:80:D2:00:00:00:80:D2:40:00:00:80:D2:40:00:00:80:D2:40:00:00:80:CD:00:00:00:80:CD:C0:00:00:80:D2:C0:00:00:80:D3:40:00:00:80:CF:80:00:00:80:CD:00:00:00:80:D1:00:00:00:80:CE:C0:00:00:80:CE:00:8A:DA:C0:00:FF:FF:00:00:00:AB:10:45:46]
[53:48:DA:00:C8:05:0D:00:00:80:D0:40:00:00:80:D2:00:00:00:80:D3:C0:00:00:80:D0:00:00:00:80:CD:80:00:00:80:D3:40:00:00:80:D1:00:00:00:80:CF:C0:00:00:80:CE:00:00:00:80:D1:C0:00:00:80:CF:80:00:00:80:CE:00:00:00:80:CB:80:00:00:80:D0:80:00:00:80:CE:C0:00:00:80:D2:80:00:00:80:D2:C0:00:00:80:D0:00:00:00:80:CE:C0:00:00:80:D2:00:8A:DB:C0:00:FF:FF:00:00:00:AB:10:45:46]
[53:48:DA:00:C8:05:0E:00:00:80:D0:00:00:00:80:D0:80:00:00:80:D1:C0:00:00:80:CE:40:00:00:80:D2:C0:00:00:80:D2:80:00:00:80:D0:80:00:00:80:D0:80:00:00:80:D1:40:00:00:80:CE:00:00:00:80:D1:80:00:00:80:CF:00:00:00:80:CF:40:00:00:80:D3:40:00:00:80:CF:80:00:00:80:D3:40:00:00:80:CF:80:00:00:80:CE:80:00:00:80:D2:80:00:00:80:CD:80:8A:D6:80:00:FF:FF:00:00:00:AB:10:45:46]
[53:48:DA:00:C8:05:0F:00:00:80:CF:80:00:00:80:CF:80:00:00:80:CE:00:00:00:80:D1:C0:00:00:80:D1:80:00:00:80:D0:C0:00:00:80:D2:40:00:00:80:CC:40:00:00:80:D0:80:00:00:80:CF:C0:00:00:80:D4:C0:00:00:80:D0:40:00:00:80:D1:40:00:00:80:CF:C0:00:00:80:D0:40:00:00:80:D8:00:00:00:80:D3:00:00:00:80:D1:40:00:00:80:D1:40:00:00:80:CE:C0:8A:CF:40:00:FF:FF:00:00:00:AB:10:45:46]
[53:48:DA:00:C8:05:10:00:00:80:D1:80:00:00:80:D0:C0:00:00:80:D0:40:00:00:80:D1:00:00:00:80:D2:80:00:00:80:D4:80:00:00:80:D0:00:00:00:80:D4:80:00:00:80:CE:C0:00:00:80:D2:40:00:00:80:CF:80:00:00:80:C6:C0:00:00:80:D0:00:00:00:80:D0:40:00:00:80:D2:40:00:00:80:D2:80:00:00:80:D1:00:00:00:80:D3:00:00:00:80:CF:40:00:00:80:D2:C0:8A:D8:80:00:FF:FF:00:00:00:AB:10:45:46]
[53:48:DA:00:C8:05:11:00:00:80:D1:40:00:00:80:D0:00:00:00:80:D1:80:00:00:80:D0:C0:00:00:80:D1:00:00:00:80:CE:C0:00:00:80:D1:00:00:00:80:D0:00:00:00:80:D0:40:00:00:80:CC:C0:00:00:80:C3:00:00:00:80:C4:40:00:00:80:C4:00:00:00:80:BA:00:00:00:80:BD:80:00:00:80:A9:80:00:00:80:A2:00:00:00:80:8D:80:00:00:80:79:40:00:00:80:24:40:8A:CB:00:00:FF:FF:00:00:00:AB:10:45:46]
[53:48:DA:00:C8:05:12:00:00:7F:C8:80:00:00:7F:98:C0:00:00:7F:4D:40:00:00:7E:ED:80:00:00:7E:A3:40:00:00:7E:4C:C0:00:00:7D:EE:80:00:00:7D:99:00:00:00:7D:2C:00:00:00:7D:3C:C0:00:00:7C:A2:C0:00:00:7C:71:00:00:00:7C:2E:40:00:00:7B:D6:40:00:00:7B:9D:80:00:00:7B:A8:C0:00:00:7B:9A:00:00:00:7B:46:00:00:00:7B:4F:40:00:00:7B:4A:80:8A:CA:00:00:FF:FF:00:00:00:AB:10:45:46]
[53:48:DA:00:C8:05:13:00:00:7A:DA:80:00:00:7A:F6:C0:00:00:7A:E6:40:00:00:7A:D4:00:00:00:7B:01:00:00:00:7B:03:00:00:00:7A:CD:40:00:00:7B:01:80:00:00:7A:F8:00:00:00:7B:0F:40:00:00:7A:E8:00:00:00:7A:CD:C0:00:00:7A:AB:80:00:00:7A:67:C0:00:00:7A:A5:40:00:00:7A:71:80:00:00:7A:81:40:00:00:7A:3A:C0:00:00:7A:77:80:00:00:7A:54:00:8A:DB:C0:00:FF:FF:00:00:00:AB:10:45:46]
[53:48:DA:00:C8:05:14:00:00:7A:7F:80:00:00:7A:A3:80:00:00:7A:51:40:00:00:7A:91:C0:00:00:7A:79:40:00:00:7A:C8:40:00:00:7A:99:80:00:00:7A:AE:00:00:00:7B:2D:80:00:00:7B:08:40:00:00:7B:0E:C0:00:00:7B:45:C0:00:00:7B:4D:C0:00:00:7B:55:C0:00:00:7B:9C:40:00:00:7B:C5:40:00:00:7B:8E:40:00:00:7B:B3:40:00:00:7B:F8:40:00:00:7B:C6:C0:8A:D5:80:00:FF:FF:00:00:00:AB:10:45:46]
[53:48:DA:00:C8:05:15:00:00:7C:50:40:00:00:7C:12:40:00:00:7C:22:C0:00:00:7C:4B:40:00:00:7C:05:40:00:00:7C:09:40:00:00:7C:07:C0:00:00:7B:B2:40:00:00:7B:96:C0:00:00:7B:9F:00:00:00:7B:A6:C0:00:00:7B:B0:C0:00:00:7B:A8:80:00:00:7B:D0:80:00:00:7B:F1:80:00:00:7B:E8:40:00:00:7B:FC:00:00:00:7C:1A:00:00:00:7C:5E:00:00:00:7C:2B:40:8A:D6:80:00:FF:FF:00:00:00:AB:10:45:46]
[53:48:DA:00:C8:05:16:00:00:7C:4D:80:00:00:7C:52:80:00:00:7C:60:C0:00:00:7C:1E:80:00:00:7C:54:40:00:00:7C:5B:C0:00:00:7C:77:40:00:00:7C:C9:00:00:00:7C:CD:80:00:00:7D:27:00:00:00:7D:A7:C0:00:00:7E:11:C0:00:00:7E:8E:00:00:00:7F:6A:40:00:00:80:38:00:00:00:81:59:C0:00:00:82:67:80:00:00:84:D7:00:00:00:88:C7:80:00:00:8D:72:C0:8A:C6:00:00:FF:FF:00:00:00:AB:10:45:46]
[53:48:DA:00:C8:05:17:00:00:97:9F:C0:00:00:92:7E:80:00:00:96:C2:00:00:00:90:5C:C0:00:00:8D:C9:00:00:00:8B:A6:80:00:00:8D:49:80:00:00:8D:30:80:00:00:8C:C7:40:00:00:8D:2B:40:00:00:88:AE:00:00:00:89:AA:40:00:00:8B:A3:C0:00:00:8A:DD:80:00:00:88:83:80:00:00:89:04:80:00:00:88:90:00:00:00:87:05:00:00:00:87:8E:40:00:00:87:97:00:8A:E1:00:00:FF:FF:00:00:00:AB:10:45:46]
[53:48:DA:00:C8:05:18:00:00:88:03:40:00:00:86:59:40:00:00:87:8A:80:00:00:87:A3:C0:00:00:87:0F:40:00:00:86:96:80:00:00:86:83:00:00:00:87:3D:00:00:00:86:9E:80:00:00:86:EC:C0:00:00:85:05:C0:00:00:86:95:80:00:00:86:4B:00:00:00:84:EC:C0:00:00:86:1E:00:00:00:85:FB:80:00:00:85:1C:C0:00:00:85:B3:00:00:00:85:9F:C0:00:00:85:66:80:8A:E6:00:00:FF:FF:00:00:00:AB:10:45:46]
[53:48:DA:00:C8:05:19:00:00:84:E9:C0:00:00:84:4D:80:00:00:84:A5:00:00:00:83:F3:00:00:00:83:F1:C0:00:00:83:C9:00:00:00:84:35:40:00:00:83:7A:40:00:00:83:96:80:00:00:83:83:80:00:00:83:22:80:00:00:82:D7:C0:00:00:82:71:80:00:00:82:AC:00:00:00:82:5E:C0:00:00:82:A3:40:00:00:82:1A:80:00:00:81:EF:00:00:00:82:2A:C0:00:00:82:51:40:8A:C1:C0:00:FF:FF:00:00:00:AB:10:45:46]
[53:48:DA:00:C8:05:1A:00:00:81:A1:40:00:00:81:A6:40:00:00:81:B0:00:00:00:81:6C:C0:00:00:81:70:40:00:00:81:62:40:00:00:81:49:00:00:00:81:5E:C0:00:00:81:4D:C0:00:00:81:48:80:00:00:81:28:40:00:00:81:16:80:00:00:81:1B:C0:00:00:81:21:40:00:00:81:09:C0:00:00:80:FE:80:00:00:81:02:40:00:00:80:F7:80:00:00:80:FC:80:00:00:80:FE:40:8A:CA:00:00:FF:FF:00:00:00:AB:10:45:46]
[53:48:DA:00:C8:05:1B:00:00:80:EC:C0:00:00:80:E7:80:00:00:80:DF:C0:00:00:80:E2:00:00:00:80:E3:00:00:00:80:D9:00:00:00:80:E0:80:00:00:80:DC:40:00:00:80:E1:C0:00:00:80:E0:40:00:00:80:E5:40:00:00:80:E4:40:00:00:80:E6:40:00:00:80:E9:40:00:00:80:EF:00:00:00:80:F3:80:00:00:80:EF:80:00:00:80:EA:00:00:00:80:E9:40:00:00:80:E5:80:8A:D9:80:00:FF:FF:00:00:00:AB:10:45:46]
[53:48:DA:00:C8:05:1C:00:00:80:E6:40:00:00:80:EC:00:00:00:80:E9:80:00:00:80:ED:C0:00:00:80:F1:C0:00:00:80:E7:40:00:00:80:E8:C0:00:00:80:EE:80:00:00:80:E9:00:00:00:80:EA:80:00:00:80:E0:80:00:00:80:DE:C0:00:00:80:E5:00:00:00:80:E1:00:00:00:80:DD:40:00:00:80:DB:C0:00:00:80:D9:80:00:00:80:DF:00:00:00:80:D8:C0:00:00:80:D7:40:8A:D1:40:00:FF:FF:00:00:00:AB:10:45:46]
[53:48:DA:00:C8:05:1D:00:00:80:D5:C0:00:00:80:D3:40:00:00:80:D1:40:00:00:80:D2:00:00:00:80:D1:00:00:00:80:CB:C0:00:00:80:D0:40:00:00:80:CF:C0:00:00:80:CB:C0:00:00:80:CA:00:00:00:80:CA:80:00:00:80:CB:00:00:00:80:CD:80:00:00:80:C5:C0:00:00:80:C9:80:00:00:80:C5:C0:00:00:80:CA:00:00:00:80:C6:00:00:00:80:CE:40:00:00:80:C8:40:8A:DB:C0:00:FF:FF:00:00:00:AB:10:45:46]
[53:48:DA:00:C8:05:1E:00:00:80:C6:00:00:00:80:C2:40:00:00:80:C6:00:00:00:80:C2:80:00:00:80:C4:80:00:00:80:BD:C0:00:00:80:BD:40:00:00:80:A4:80:00:00:80:B8:80:00:00:80:B6:C0:00:00:80:B7:C0:00:00:80:B2:00:00:00:80:AF:00:00:00:80:B3:40:00:00:80:AE:C0:00:00:80:B0:00:00:00:80:B0:00:00:00:80:A5:00:00:00:80:A4:00:00:00:80:A8:00:8A:E3:00:00:FF:FF:00:00:00:AB:10:45:46]
[53:48:DA:00:C8:05:1F:00:00:80:A1:00:00:00:80:A1:80:00:00:80:9E:80:00:00:80:9D:40:00:00:80:75:C0:00:00:80:98:80:00:00:80:92:80:00:00:80:92:C0:00:00:80:92:40:00:00:80:90:80:00:00:80:8D:40:00:00:80:89:40:00:00:80:8B:C0:00:00:80:87:80:00:00:80:7B:C0:00:00:80:89:80:00:00:80:8D:00:00:00:80:8E:80:00:00:80:87:80:00:00:80:92:00:8A:D5:80:00:FF:FF:00:00:00:AB:10:45:46]
[53:48:DA:00:C8:05:20:00:00:80:92:C0:00:00:80:99:80:00:00:80:94:00:00:00:80:9D:C0:00:00:80:A7:C0:00:00:80:9A:40:00:00:80:6D:80:00:00:80:AA:C0:00:00:80:A1:C0:00:00:80:B1:00:00:00:80:B0:C0:00:00:80:B7:40:00:00:80:BF:80:00:00:80:B1:C0:00:00:80:D0:80:00:00:80:BA:40:00:00:80:CA:00:00:00:80:DA:40:00:00:80:DB:40:00:00:80:CB:40:8A:C2:C0:00:FF:FF:00:00:00:AB:10:45:46]
[53:48:DA:00:C8:05:21:00:00:80:C7:80:00:00:80:CD:C0:00:00:80:D2:40:00:00:80:D8:40:00:00:80:B7:00:00:00:80:D1:80:00:00:80:D1:40:00:00:80:CC:00:00:00:80:D1:40:00:00:80:C0:40:00:00:80:C4:40:00:00:80:C7:40:00:00:80:CB:00:00:00:80:D1:C0:00:00:80:DA:C0:00:00:80:D8:80:00:00:80:D9:00:00:00:80:CD:40:00:00:80:D5:40:00:00:80:D5:80:8A:E2:00:00:FF:FF:00:00:00:AB:10:45:46]
[53:48:DA:00:C8:05:22:00:00:80:D5:C0:00:00:80:D2:00:00:00:80:D2:00:00:00:80:D3:00:00:00:80:D2:80:00:00:80:2F:00:00:00:80:D4:40:00:00:80:D3:40:00:00:80:C9:80:00:00:80:D0:40:00:00:80:D1:80:00:00:80:D0:00:00:00:80:CF:40:00:00:80:CE:C0:00:00:80:D0:40:00:00:80:D0:40:00:00:80:CD:C0:00:00:80:CE:00:00:00:80:D1:00:00:00:80:D1:00:8A:E9:40:00:FF:FF:00:00:00:AB:10:45:46]
[53:48:DA:00:C8:05:23:00:00:80:CE:40:00:00:80:CB:C0:00:00:80:CC:40:00:00:80:CF:40:00:00:80:CE:80:00:00:80:D0:C0:00:00:80:D0:80:00:00:80:D0:00:00:00:80:CF:00:00:00:80:D1:00:00:00:80:D1:40:00:00:80:D2:80:00:00:80:D2:00:00:00:80:D0:80:00:00:80:D1:00:00:00:80:D0:80:00:00:80:D0:40:00:00:80:D2:80:00:00:80:D2:C0:00:00:80:D1:C0:8A:DC:C0:00:FF:FF:00:00:00:AB:10:45:46]
[53:48:DA:00:C8:05:24:00:00:80:D2:00:00:00:80:D0:40:00:00:80:CF:C0:00:00:80:D1:80:00:00:80:6C:40:00:00:80:D1:40:00:00:80:D2:40:00:00:80:D2:00:00:00:80:C8:00:00:00:80:CF:C0:00:00:80:D0:40:00:00:80:D4:40:00:00:80:D2:80:00:00:80:D0:C0:00:00:80:D5:C0:00:00:80:D1:40:00:00:80:C5:C0:00:00:80:D0:C0:00:00:80:D6:40:00:00:80:D0:00:8A:E2:00:00:FF:FF:00:00:00:AB:10:45:46]
[53:48:DA:00:C8:05:25:00:00:80:D0:40:00:00:80:D3:00:00:00:80:D1:40:00:00:80:D0:80:00:00:80:D3:40:00:00:80:D3:80:00:00:80:CF:80:00:00:80:D3:C0:00:00:80:D4:00:00:00:80:D1:40:00:00:80:D3:00:00:00:80:CE:80:00:00:80:D0:80:00:00:80:D1:C0:00:00:80:D2:80:00:00:80:D2:00:00:00:80:D0:80:00:00:80:D3:C0:00:00:80:D1:C0:00:00:80:D3:C0:8A:F1:80:00:FF:FF:00:00:00:AB:10:45:46]
[53:48:DA:00:C8:05:26:00:00:80:D0:40:00:00:80:C5:00:00:00:80:D7:00:00:00:80:6A:00:00:00:80:D4:00:00:00:80:D2:C0:00:00:80:D5:80:00:00:80:D1:00:00:00:80:D1:80:00:00:80:D5:40:00:00:80:D0:00:00:00:80:D0:00:00:00:80:D1:40:00:00:80:D2:40:00:00:80:D6:00:00:00:80:D0:C0:00:00:80:CE:00:00:00:80:D1:40:00:00:80:D1:40:00:00:80:CF:C0:8A:E1:00:00:FF:FF:00:00:00:AB:10:45:46]
[53:48:DA:00:C8:05:27:00:00:80:CF:C0:00:00:80:D0:80:00:00:80:D2:C0:00:00:80:C1:00:00:00:80:D1:40:00:00:80:D4:00:00:00:80:D1:C0:00:00:80:D2:40:00:00:80:D0:40:00:00:80:CF:00:00:00:80:CF:40:00:00:80:D4:80:00:00:80:D0:00:00:00:80:D2:C0:00:00:80:D2:C0:00:00:80:D2:C0:00:00:80:D2:80:00:00:80:D3:00:00:00:80:D4:40:00:00:80:D1:40:8A:E4:00:00:FF:FF:00:00:00:AB:10:45:46]
[53:48:DA:00:C8:05:28:00:00:80:CF:C0:00:00:80:C5:00:00:00:80:12:40:00:00:80:D1:00:00:00:80:CE:C0:00:00:80:D1:40:00:00:80:CF:C0:00:00:80:C9:00:00:00:80:D4:40:00:00:80:D3:C0:00:00:80:D3:80:00:00:80:D3:40:00:00:80:D0:C0:00:00:80:D5:C0:00:00:80:D3:40:00:00:80:D1:40:00:00:80:D3:80:00:00:80:CF:80:00:00:80:D4:40:00:00:80:D7:00:8A:E8:40:00:FF:FF:00:00:00:AB:10:45:46]
[53:48:DA:00:C8:05:29:00:00:80:D4:00:00:00:80:D2:00:00:00:80:D3:40:00:00:80:D1:80:00:00:80:CD:00:00:00:80:D2:C0:00:00:80:D2:40:00:00:80:D0:C0:00:00:80:D7:C0:00:00:80:CF:C0:00:00:80:CE:00:00:00:80:CE:40:00:00:80:D0:80:00:00:80:D2:80:00:00:80:D1:C0:00:00:80:D3:00:00:00:80:D1:40:00:00:80:D2:80:00:00:80:D2:80:00:00:80:D2:00:8A:D9:80:00:FF:FF:00:00:00:AB:10:45:46]
[53:48:DA:00:C8:05:2A:00:00:80:D2:40:00:00:80:65:C0:00:00:80:D3:C0:00:00:80:D2:00:00:00:80:D2:80:00:00:80:D1:80:00:00:80:C9:80:00:00:80:D2:80:00:00:80:D1:40:00:00:80:D5:00:00:00:80:D0:00:00:00:80:D0:40:00:00:80:D3:40:00:00:80:D3:40:00:00:80:D2:C0:00:00:80:C5:40:00:00:80:D0:80:00:00:80:D1:C0:00:00:80:D5:80:00:00:80:D0:80:8A:E7:00:00:FF:FF:00:00:00:AB:10:45:46]
[53:48:DA:00:C8:05:2B:00:00:80:D0:C0:00:00:80:D3:40:00:00:80:D1:00:00:00:80:D4:40:00:00:80:D4:00:00:00:80:D2:00:00:00:80:D3:80:00:00:80:D2:00:00:00:80:D3:C0:00:00:80:CF:00:00:00:80:D1:40:00:00:80:D0:C0:00:00:80:D0:40:00:00:80:D0:40:00:00:80:D4:80:00:00:80:D3:80:00:00:80:D2:00:00:00:80:D1:00:00:00:80:D1:40:00:00:80:C8:00:8A:E3:00:00:FF:FF:00:00:00:AB:10:45:46]
[53:48:DA:00:C8:05:2C:00:00:80:7F:80:00:00:80:D3:00:00:00:80:D3:80:00:00:80:D1:00:00:00:80:D2:40:00:00:80:D1:00:00:00:80:D6:40:00:00:80:D0:00:00:00:80:CA:C0:00:00:80:D1:C0:00:00:80:D4:40:00:00:80:CD:C0:00:00:80:D3:C0:00:00:80:D3:C0:00:00:80:D0:00:00:00:80:D3:C0:00:00:80:D1:80:00:00:80:D2:80:00:00:80:CF:C0:00:00:80:CF:40:8A:DE:C0:00:FF:FF:00:00:00:AB:10:45:46]
[53:48:DA:00:C8:05:2D:00:00:80:D1:80:00:00:80:D1:00:00:00:80:AF:C0:00:00:80:D1:C0:00:00:80:D1:00:00:00:80:D3:40:00:00:80:D3:00:00:00:80:D1:80:00:00:80:CE:40:00:00:80:D0:00:00:00:80:D5:40:00:00:80:D0:00:00:00:80:D0:80:00:00:80:D2:00:00:00:80:D3:00:00:00:80:D0:40:00:00:80:D3:40:00:00:80:D2:80:00:00:80:B9:80:00:00:80:CF:C0:8A:DB:C0:00:FF:FF:00:00:00:AB:10:45:46]
[53:48:DA:00:C8:05:2E:00:00:80:CF:40:00:00:80:CF:40:00:00:80:D2:00:00:00:80:D3:C0:00:00:80:D5:00:00:00:80:D3:40:00:00:80:C9:C0:00:00:80:D2:C0:00:00:80:D3:80:00:00:80:D3:00:00:00:80:D2:40:00:00:80:D2:00:00:00:80:D3:00:00:00:80:CD:C0:00:00:80:D0:C0:00:00:80:D3:40:00:00:80:D2:80:00:00:80:D2:80:00:00:80:D5:40:00:00:80:CF:80:8A:D8:80:00:FF:FF:00:00:00:AB:10:45:46]
[53:48:DA:00:C8:05:2F:00:00:80:CF:80:00:00:80:D2:C0:00:00:80:D2:80:00:00:80:D0:00:00:00:80:D1:C0:00:00:80:D2:80:00:00:80:D1:40:00:00:80:CF:80:00:00:80:D0:00:00:00:80:D1:00:00:00:80:BD:40:00:00:80:D2:40:00:00:80:D0:80:00:00:80:CF:40:00:00:80:D4:40:00:00:80:D0:40:00:00:80:D4:00:00:00:80:D3:80:00:00:80:D6:00:00:00:80:52:80:8A:E8:40:00:FF:FF:00:00:00:AB:10:45:46]
[53:48:DA:00:C8:05:30:00:00:80:D1:C0:00:00:80:CE:80:00:00:80:D5:00:00:00:80:D3:00:00:00:80:D0:80:00:00:80:D1:C0:00:00:80:D1:40:00:00:80:C4:00:00:00:80:D2:C0:00:00:80:D0:C0:00:00:80:D0:40:00:00:80:CF:00:00:00:80:D3:80:00:00:80:D0:80:00:00:80:C8:40:00:00:80:CE:80:00:00:80:CF:C0:00:00:80:D1:C0:00:00:80:D2:40:00:00:80:D1:80:8A:E9:40:00:FF:FF:00:00:00:AB:10:45:46]
[53:48:DA:00:C8:05:05:00:00:80:D4:80:00:00:80:D2:00:00:00:80:D0:C0:00:00:80:D0:80:00:00:80:D1:40:00:00:80:D0:C0:00:00:80:D1:40:00:00:80:D0:80:00:00:80:D0:00:00:00:80:D3:C0:00:00:80:D0:00:00:00:80:D3:C0:00:00:80:CF:40:00:00:80:D0:80:00:00:80:D0:00:00:00:80:D3:C0:00:00:80:CF:00:00:00:80:D1:80:00:00:80:D1:00:00:00:80:D1:00:8B:0D:80:00:FF:FF:00:00:00:AB:10:45:46]
[53:48:DA:00:C8:05:06:00:00:80:D0:80:00:00:80:D2:40:00:00:80:D3:40:00:00:80:C8:40:00:00:80:D1:40:00:00:80:D1:00:00:00:80:D2:00:00:00:80:D3:00:00:00:80:D0:00:00:00:80:CF:C0:00:00:80:CF:40:00:00:80:D0:00:00:00:80:CD:C0:00:00:80:CF:80:00:00:80:D1:80:00:00:80:D2:00:00:00:80:D3:40:00:00:80:CF:C0:00:00:80:CE:40:00:00:80:D4:80:8A:F8:C0:00:FF:FF:00:00:00:AB:10:45:46]
[53:48:DA:00:C8:05:07:00:00:80:CF:00:00:00:80:D4:80:00:00:80:D2:40:00:00:80:D0:80:00:00:80:D2:C0:00:00:80:D0:00:00:00:80:D2:00:00:00:80:D0:40:00:00:80:D1:C0:00:00:80:CD:40:00:00:80:D0:40:00:00:80:D0:40:00:00:80:D1:00:00:00:80:D5:40:00:00:80:D2:40:00:00:80:D0:00:00:00:80:CF:40:00:00:80:CC:40:00:00:80:D2:40:00:00:80:87:C0:8B:0C:80:00:FF:FF:00:00:00:AB:10:45:46]
[53:48:DA:00:C8:05:08:00:00:80:CC:00:00:00:80:D2:40:00:00:80:CE:00:00:00:80:D1:C0:00:00:80:D3:C0:00:00:80:CF:C0:00:00:80:CF:80:00:00:80:D1:C0:00:00:80:D3:40:00:00:80:D1:C0:00:00:80:D1:40:00:00:80:D0:80:00:00:80:CD:40:00:00:80:D2:80:00:00:80:D2:40:00:00:80:CD:80:00:00:80:CE:40:00:00:80:D4:00:00:00:80:D0:40:00:00:80:D0:00:8B:14:C0:00:FF:FF:00:00:00:AB:10:45:46]
[53:48:DA:00:C8:05:09:00:00:80:D2:C0:00:00:80:D1:80:00:00:80:D0:80:00:00:80:D2:C0:00:00:80:D2:C0:00:00:80:D2:80:00:00:80:D0:40:00:00:80:CF:00:00:00:80:D5:C0:00:00:80:D0:00:00:00:80:D1:C0:00:00:80:CD:80:00:00:80:CD:80:00:00:80:CC:00:00:00:80:CE:40:00:00:80:D0:40:00:00:80:D1:80:00:00:80:D0:40:00:00:80:90:40:00:00:80:D4:40:8B:15:C0:00:FF:FF:00:00:00:AB:10:45:46]
[53:48:DA:00:C8:05:0A:00:00:80:D3:00:00:00:80:D4:80:00:00:80:D0:00:00:00:80:CC:80:00:00:80:CF:40:00:00:80:D2:40:00:00:80:D1:40:00:00:80:D1:00:00:00:80:D1:80:00:00:80:CD:00:00:00:80:D1:40:00:00:80:D2:C0:00:00:80:CF:C0:00:00:80:D4:40:00:00:80:CE:40:00:00:80:CE:40:00:00:80:D2:40:00:00:80:D5:00:00:00:80:D2:C0:00:00:80:D1:C0:8B:17:C0:00:FF:FF:00:00:00:AB:10:45:46]
[53:48:DA:00:C8:05:0B:00:00:80:CE:00:00:00:80:D4:40:00:00:80:D0:40:00:00:80:D6:00:00:00:80:D0:C0:00:00:80:CF:80:00:00:80:CE:C0:00:00:80:D0:C0:00:00:80:CF:80:00:00:80:D0:00:00:00:80:D2:40:00:00:80:D2:80:00:00:80:D0:40:00:00:80:D3:80:00:00:80:CE:80:00:00:80:D4:C0:00:00:80:CF:00:00:00:80:A3:80:00:00:80:D2:40:00:00:80:D1:00:8B:2B:80:00:FF:FF:00:00:00:AB:10:45:46]
[53:48:DA:00:C8:05:0C:00:00:80:D0:80:00:00:80:CF:40:00:00:80:D2:40:00:00:80:CE:40:00:00:80:D2:80:00:00:80:CD:C0:00:00:80:D0:40:00:00:80:D4:C0:00:00:80:D0:C0:00:00:80:D3:40:00:00:80:D0:80:00:00:80:CE:C0:00:00:80:D2:C0:00:00:80:CE:C0:00:00:80:D2:C0:00:00:80:D0:80:00:00:80:CF:00:00:00:80:D1:40:00:00:80:D3:00:00:00:80:D3:C0:8B:1D:00:00:FF:FF:00:00:00:AB:10:45:46]
[53:48:DA:00:C8:05:0D:00:00:80:D0:80:00:00:80:D2:80:00:00:80:D2:C0:00:00:80:D2:00:00:00:80:D0:40:00:00:80:D4:00:00:00:80:D0:00:00:00:80:D2:00:00:00:80:D1:40:00:00:80:D0:C0:00:00:80:CF:40:00:00:80:D1:00:00:00:80:CC:C0:00:00:80:D2:80:00:00:80:D2:40:00:00:80:CF:00:00:00:80:CD:40:00:00:80:D1:00:00:00:80:CF:C0:00:00:80:D1:40:8B:0C:80:00:FF:FF:00:00:00:AB:10:45:46]
[53:48:DA:00:C8:05:0E:00:00:80:CE:C0:00:00:80:D3:40:00:00:80:C9:80:00:00:80:D0:80:00:00:80:D2:00:00:00:80:D5:C0:00:00:80:D1:C0:00:00:80:D2:C0:00:00:80:CE:C0:00:00:80:CF:C0:00:00:80:D6:00:00:00:80:CF:40:00:00:80:D3:40:00:00:80:CF:40:00:00:80:D4:40:00:00:80:D6:40:00:00:80:D0:00:00:00:80:D5:40:00:00:80:D3:80:00:00:80:CF:40:8B:27:80:00:FF:FF:00:00:00:AB:10:45:46]
[53:48:DA:00:C8:05:0F:00:00:80:D1:80:00:00:80:D0:40:00:00:80:CE:80:00:00:80:D1:80:00:00:80:D0:00:00:00:80:CF:80:00:00:80:CD:C0:00:00:80:D0:80:00:00:80:CF:C0:00:00:80:D3:80:00:00:80:D2:00:00:00:80:D1:40:00:00:80:D1:C0:00:00:80:CF:40:00:00:80:D0:00:00:00:80:CE:80:00:00:80:CE:C0:00:00:80:CF:40:00:00:80:D3:00:00:00:80:D1:80:8B:3A:00:00:FF:FF:00:00:00:AB:10:45:46]
[53:48:DA:00:C8:05:10:00:00:80:D1:40:00:00:80:CD:80:00:00:80:D2:00:00:00:80:D5:40:00:00:80:D1:C0:00:00:80:D2:80:00:00:80:CD:80:00:00:80:D2:80:00:00:80:D1:40:00:00:80:CC:00:00:00:80:CF:00:00:00:80:CE:C0:00:00:80:D2:00:00:00:80:D0:C0:00:00:80:D2:40:00:00:80:D0:00:00:00:80:D0:80:00:00:80:D1:00:00:00:80:D1:00:00:00:80:D1:00:8B:28:80:00:FF:FF:00:00:00:AB:10:45:46]
[53:48:DA:00:C8:05:11:00:00:80:D3:C0:00:00:80:D0:40:00:00:80:CF:C0:00:00:80:CD:80:00:00:80:D4:00:00:00:80:D4:00:00:00:80:D0:C0:00:00:80:CF:00:00:00:80:D4:40:00:00:80:D4:00:00:00:80:CF:40:00:00:80:D4:C0:00:00:80:D2:00:00:00:80:D3:80:00:00:80:D1:C0:00:00:80:D2:40:00:00:80:D1:80:00:00:80:D4:00:00:00:80:D1:C0:00:00:80:D2:00:8B:0D:80:00:FF:FF:00:00:00:AB:10:45:46]
[53:48:DA:00:C8:05:12:00:00:80:D0:C0:00:00:80:D3:80:00:00:80:D4:C0:00:00:80:D1:40:00:00:80:D2:00:00:00:80:CD:40:00:00:80:CF:C0:00:00:80:D2:80:00:00:80:D4:40:00:00:80:D3:80:00:00:80:CE:80:00:00:80:CF:C0:00:00:80:D2:40:00:00:80:CB:80:00:00:80:D0:80:00:00:80:D1:80:00:00:80:C6:40:00:00:80:D0:00:00:00:80:CF:80:00:00:80:D2:00:8B:1D:00:00:FF:FF:00:00:00:AB:10:45:46]
[53:48:DA:00:C8:05:13:00:00:80:D1:C0:00:00:80:D3:80:00:00:80:D0:00:00:00:80:D2:C0:00:00:80:D2:40:00:00:80:CF:00:00:00:80:D2:40:00:00:80:CE:C0:00:00:80:D0:40:00:00:80:D3:40:00:00:80:D2:80:00:00:80:CE:40:00:00:80:D1:00:00:00:80:D0:C0:00:00:80:D2:40:00:00:80:D3:C0:00:00:80:D1:80:00:00:80:D2:40:00:00:80:D3:C0:00:00:80:D0:C0:8B:24:40:00:FF:FF:00:00:00:AB:10:45:46]
[53:48:DA:00:C8:05:14:00:00:80:D1:00:00:00:80:D4:00:00:00:80:D2:00:00:00:80:D2:40:00:00:80:D0:C0:00:00:80:D3:C0:00:00:80:D0:40:00:00:80:D2:80:00:00:80:D3:80:00:00:80:D3:C0:00:00:80:CE:00:00:00:80:D0:C0:00:00:80:BE:80:00:00:80:D1:C0:00:00:80:D1:40:00:00:80:D2:C0:00:00:80:CE:00:00:00:80:D1:00:00:00:80:CF:40:00:00:80:D1:00:8B:27:80:00:FF:FF:00:00:00:AB:10:45:46]
[53:48:DA:00:C8:05:15:00:00:80:D0:C0:00:00:80:D3:80:00:00:80:D1:C0:00:00:80:BD:40:00:00:80:CF:C0:00:00:80:D3:C0:00:00:80:CF:40:00:00:80:D2:80:00:00:80:D0:80:00:00:80:D2:80:00:00:80:D0:80:00:00:80:D3:00:00:00:80:D1:00:00:00:80:D0:00:00:00:80:D4:00:00:00:80:D1:80:00:00:80:D1:40:00:00:80:D2:00:00:00:80:D1:00:00:00:80:D2:C0:8B:16:C0:00:FF:FF:00:00:00:AB:10:45:46]
[53:48:DA:00:C8:05:16:00:00:80:D2:80:00:00:80:D2:C0:00:00:80:D1:00:00:00:80:CE:C0:00:00:80:CD:40:00:00:80:D2:80:00:00:80:D1:80:00:00:80:CE:80:00:00:80:D6:40:00:00:80:D1:C0:00:00:80:D0:80:00:00:80:B6:80:00:00:80:CE:40:00:00:80:D1:40:00:00:80:D3:80:00:00:80:D4:80:00:00:80:D2:80:00:00:80:CF:40:00:00:80:CF:80:00:00:80:D0:80:8B:11:80:00:FF:FF:00:00:00:AB:10:45:46]
[53:48:DA:00:C8:05:17:00:00:80:D3:00:00:00:80:D4:C0:00:00:80:D2:00:00:00:80:D2:40:00:00:80:D2:40:00:00:80:D2:00:00:00:80:D2:80:00:00:80:D1:00:00:00:80:D2:00:00:00:80:D1:40:00:00:80:D0:00:00:00:80:CE:00:00:00:80:D4:00:00:00:80:D2:C0:00:00:80:D0:80:00:00:80:D3:40:00:00:80:D1:00:00:00:80:D2:40:00:00:80:D0:00:00:00:80:D3:C0:8B:29:80:00:FF:FF:00:00:00:AB:10:45:46]
[53:48:DA:00:C8:05:18:00:00:80:D1:00:00:00:80:D5:00:00:00:80:D2:00:00:00:80:D1:00:00:00:80:D0:C0:00:00:80:D1:80:00:00:80:CC:00:00:00:80:D2:40:00:00:80:D1:80:00:00:80:D0:00:00:00:80:A0:80:00:00:80:D0:80:00:00:80:D2:C0:00:00:80:D1:40:00:00:80:D2:C0:00:00:80:CB:C0:00:00:80:CF:40:00:00:80:D1:80:00:00:80:D1:80:00:00:80:CE:C0:8B:25:40:00:FF:FF:00:00:00:AB:10:45:46]
[53:48:DA:00:C8:05:19:00:00:80:CF:C0:00:00:80:D1:C0:00:00:80:CE:80:00:00:80:D1:C0:00:00:80:CE:C0:00:00:80:D0:C0:00:00:80:D0:80:00:00:80:D3:40:00:00:80:CF:C0:00:00:80:D3:80:00:00:80:D2:C0:00:00:80:D0:40:00:00:80:D3:C0:00:00:80:D5:00:00:00:80:D3:40:00:00:80:CD:40:00:00:80:D0:C0:00:00:80:CE:80:00:00:80:D2:00:00:00:80:CC:80:8B:1C:00:00:FF:FF:00:00:00:AB:10:45:46]
[53:48:DA:00:C8:05:1A:00:00:80:D4:00:00:00:80:CE:40:00:00:80:D1:80:00:00:80:D4:80:00:00:80:D2:00:00:00:80:D1:00:00:00:80:CF:80:00:00:80:D4:80:00:00:80:D0:40:00:00:80:8E:00:00:00:80:D0:40:00:00:80:D1:00:00:00:80:D2:40:00:00:80:D0:40:00:00:80:D4:C0:00:00:80:CF:00:00:00:80:D3:40:00:00:80:D0:40:00:00:80:D2:80:00:00:80:D3:C0:8B:16:C0:00:FF:FF:00:00:00:AB:10:45:46]
[53:48:DA:00:C8:05:1B:00:00:80:D3:C0:00:00:80:D4:80:00:00:80:CE:00:00:00:80:D4:00:00:00:80:D5:00:00:00:80:D2:40:00:00:80:D1:40:00:00:80:CE:40:00:00:80:D5:80:00:00:80:CE:80:00:00:80:D2:C0:00:00:80:D0:C0:00:00:80:D2:00:00:00:80:D3:80:00:00:80:D2:C0:00:00:80:D4:00:00:00:80:CF:40:00:00:80:CF:C0:00:00:80:D4:C0:00:00:80:D1:C0:8B:11:80:00:FF:FF:00:00:00:AB:10:45:46]
[53:48:DA:00:C8:05:1C:00:00:80:D0:80:00:00:80:D4:00:00:00:80:D2:40:00:00:80:D2:40:00:00:80:CE:40:00:00:80:D0:40:00:00:80:CF:00:00:00:80:D2:40:00:00:80:94:00:00:00:80:D1:80:00:00:80:D2:00:00:00:80:D0:00:00:00:80:D2:C0:00:00:80:D0:40:00:00:80:D3:00:00:00:80:D1:C0:00:00:80:CF:40:00:00:80:D1:C0:00:00:80:D2:40:00:00:80:D3:40:8B:2A:80:00:FF:FF:00:00:00:AB:10:45:46]
[53:48:DA:00:C8:05:1D:00:00:80:D0:80:00:00:80:D1:40:00:00:80:D8:00:00:00:80:CD:C0:00:00:80:D3:40:00:00:80:D1:80:00:00:80:D1:C0:00:00:80:D0:40:00:00:80:D1:80:00:00:80:D3:00:00:00:80:CE:00:00:00:80:D4:00:00:00:80:D1:00:00:00:80:D2:00:00:00:80:D3:00:00:00:80:D1:80:00:00:80:CD:80:00:00:80:D0:80:00:00:80:D2:40:00:00:80:D3:C0:8B:20:40:00:FF:FF:00:00:00:AB:10:45:46]
[53:48:DA:00:C8:05:1E:00:00:80:CE:00:00:00:80:D0:C0:00:00:80:CF:C0:00:00:80:D1:80:00:00:80:CB:80:00:00:80:D0:C0:00:00:80:D0:C0:00:00:80:A2:80:00:00:80:D1:40:00:00:80:CF:80:00:00:80:D3:00:00:00:80:D3:C0:00:00:80:D0:40:00:00:80:D2:80:00:00:80:CC:40:00:00:80:D2:C0:00:00:80:D2:C0:00:00:80:D0:C0:00:00:80:D5:00:00:00:80:D0:80:8B:36:00:00:FF:FF:00:00:00:AB:10:45:46]
[53:48:DA:00:C8:05:1F:00:00:80:D1:C0:00:00:80:D0:80:00:00:80:D1:C0:00:00:80:D2:80:00:00:80:D1:00:00:00:80:CE:40:00:00:80:D0:C0:00:00:80:D0:C0:00:00:80:CF:00:00:00:80:D2:00:00:00:80:C8:00:00:00:80:D4:40:00:00:80:D0:C0:00:00:80:CF:C0:00:00:80:CF:40:00:00:80:D1:00:00:00:80:D0:C0:00:00:80:D3:00:00:00:80:D0:C0:00:00:80:CE:40:8B:2E:C0:00:FF:FF:00:00:00:AB:10:45:46]
[53:48:DA:00:C8:05:20:00:00:80:CF:80:00:00:80:D1:40:00:00:80:CC:C0:00:00:80:D0:40:00:00:80:D2:40:00:00:80:D4:80:00:00:80:AA:00:00:00:80:D3:80:00:00:80:D2:40:00:00:80:D2:C0:00:00:80:D2:C0:00:00:80:D2:00:00:00:80:D2:00:00:00:80:D1:80:00:00:80:D0:C0:00:00:80:CF:80:00:00:80:CE:40:00:00:80:D4:00:00:00:80:D1:00:00:00:80:D5:C0:8B:40:40:00:FF:FF:00:00:00:AB:10:45:46]
[53:48:DA:00:C8:05:21:00:00:80:D0:00:00:00:80:CD:00:00:00:80:D2:C0:00:00:80:CD:80:00:00:80:D2:00:00:00:80:D5:40:00:00:80:D1:00:00:00:80:D2:40:00:00:80:D0:80:00:00:80:D0:C0:00:00:80:CF:C0:00:00:80:CD:80:00:00:80:D2:00:00:00:80:CF:80:00:00:80:D4:80:00:00:80:D1:40:00:00:80:D3:80:00:00:80:CE:40:00:00:80:D0:00:00:00:80:CF:00:8B:3D:40:00:FF:FF:00:00:00:AB:10:45:46]
[53:48:DA:00:C8:05:22:00:00:80:D1:40:00:00:80:CF:40:00:00:80:CF:C0:00:00:80:D2:C0:00:00:80:D0:80:00:00:80:AF:80:00:00:80:CE:00:00:00:80:CF:80:00:00:80:D1:00:00:00:80:D1:C0:00:00:80:CD:C0:00:00:80:D1:00:00:00:80:CE:40:00:00:80:CC:00:00:00:80:D3:40:00:00:80:CE:80:00:00:80:CE:40:00:00:80:CF:40:00:00:80:D1:00:00:00:80:D1:40:8B:27:80:00:FF:FF:00:00:00:AB:10:45:46]
[53:48:DA:00:C8:05:23:00:00:80:D3:00:00:00:80:CF:80:00:00:80:D3:C0:00:00:80:D3:00:00:00:80:D2:80:00:00:80:D3:00:00:00:80:D4:80:00:00:80:D0:40:00:00:80:CF:00:00:00:80:CE:C0:00:00:80:D5:40:00:00:80:D3:80:00:00:80:D1:40:00:00:80:D3:00:00:00:80:D3:00:00:00:80:D0:80:00:00:80:D3:40:00:00:80:D3:C0:00:00:80:D1:00:00:00:80:D0:00:8B:31:C0:00:FF:FF:00:00:00:AB:10:45:46]
[53:48:DA:00:C8:05:24:00:00:80:CC:80:00:00:80:D3:80:00:00:80:CE:80:00:00:80:D5:40:00:00:80:A5:C0:00:00:80:D0:C0:00:00:80:CE:00:00:00:80:D0:80:00:00:80:CE:C0:00:00:80:CF:80:00:00:80:D0:40:00:00:80:CE:80:00:00:80:CE:00:00:00:80:CA:00:00:00:80:D2:80:00:00:80:CF:C0:00:00:80:D1:C0:00:00:80:D4:00:00:00:80:CF:40:00:00:80:D3:80:8B:2B:80:00:FF:FF:00:00:00:AB:10:45:46]
[53:48:DA:00:C8:05:25:00:00:80:D1:40:00:00:80:D0:80:00:00:80:CE:C0:00:00:80:D4:40:00:00:80:D1:C0:00:00:80:D5:00:00:00:80:CC:80:00:00:80:CA:40:00:00:80:D3:80:00:00:80:D1:40:00:00:80:D2:C0:00:00:80:CC:40:00:00:80:D5:00:00:00:80:D1:40:00:00:80:D2:00:00:00:80:D0:00:00:00:80:D3:C0:00:00:80:CB:40:00:00:80:D0:C0:00:00:80:D2:C0:8B:26:40:00:FF:FF:00:00:00:AB:10:45:46]
[53:48:DA:00:C8:05:26:00:00:80:CF:80:00:00:80:D0:C0:00:00:80:D2:C0:00:00:80:93:40:00:00:80:D2:00:00:00:80:D3:00:00:00:80:CF:00:00:00:80:D6:40:00:00:80:D1:C0:00:00:80:D4:00:00:00:80:CC:C0:00:00:80:CE:40:00:00:80:D1:40:00:00:80:D0:00:00:00:80:D1:80:00:00:80:D2:80:00:00:80:CF:00:00:00:80:D3:40:00:00:80:D2:40:00:00:80:D2:40:8B:2B:80:00:FF:FF:00:00:00:AB:10:45:46]
[53:48:DA:00:C8:05:27:00:00:80:CC:40:00:00:80:D4:00:00:00:80:D1:40:00:00:80:D3:00:00:00:80:CC:C0:00:00:80:CE:C0:00:00:80:CF:40:00:00:80:D2:C0:00:00:80:D0:00:00:00:80:D2:80:00:00:80:D3:00:00:00:80:D5:80:00:00:80:CF:40:00:00:80:D2:80:00:00:80:CE:00:00:00:80:CD:00:00:00:80:D4:00:00:00:80:D3:40:00:00:80:CF:C0:00:00:80:D2:C0:8B:32:C0:00:FF:FF:00:00:00:AB:10:45:46]
[53:48:DA:00:C8:05:28:00:00:80:D3:C0:00:00:80:D2:C0:00:00:80:99:C0:00:00:80:D0:80:00:00:80:C4:40:00:00:80:D3:C0:00:00:80:D0:C0:00:00:80:D2:40:00:00:80:D2:40:00:00:80:D2:40:00:00:80:D2:40:00:00:80:CD:80:00:00:80:CF:80:00:00:80:D2:C0:00:00:80:D4:C0:00:00:80:CE:00:00:00:80:CF:00:00:00:80:D3:C0:00:00:80:D1:80:00:00:80:D4:C0:8B:1F:00:00:FF:FF:00:00:00:AB:10:45:46]
[53:48:DA:00:C8:05:29:00:00:80:D2:80:00:00:80:CC:C0:00:00:80:D0:C0:00:00:80:CF:80:00:00:80:D2:40:00:00:80:D3:80:00:00:80:CF:C0:00:00:80:CF:80:00:00:80:CE:40:00:00:80:D0:C0:00:00:80:CF:80:00:00:80:D1:40:00:00:80:D4:00:00:00:80:D3:80:00:00:80:CF:00:00:00:80:CF:80:00:00:80:D1:00:00:00:80:D2:00:00:00:80:D4:40:00:00:80:D1:C0:8B:3B:00:00:FF:FF:00:00:00:AB:10:45:46]
[53:48:DA:00:C8:05:2A:00:00:80:D4:00:00:00:80:AD:00:00:00:80:CF:C0:00:00:80:D2:80:00:00:80:CE:C0:00:00:80:D4:00:00:00:80:D2:80:00:00:80:D1:C0:00:00:80:CF:40:00:00:80:D1:80:00:00:80:D5:80:00:00:80:D6:C0:00:00:80:CA:40:00:00:80:D3:40:00:00:80:D0:C0:00:00:80:D1:00:00:00:80:D4:40:00:00:80:D3:80:00:00:80:CC:80:00:00:80:D2:00:8B:27:80:00:FF:FF:00:00:00:AB:10:45:46]
[53:48:DA:00:C8:05:2B:00:00:80:D5:80:00:00:80:CF:40:00:00:80:CD:40:00:00:80:D3:00:00:00:80:D1:80:00:00:80:CD:40:00:00:80:D0:80:00:00:80:D1:C0:00:00:80:D1:80:00:00:80:D3:80:00:00:80:D1:40:00:00:80:D0:C0:00:00:80:CF:40:00:00:80:D1:40:00:00:80:D0:C0:00:00:80:CF:C0:00:00:80:CA:80:00:00:80:D2:C0:00:00:80:CF:00:00:00:80:D3:40:8B:3E:40:00:FF:FF:00:00:00:AB:10:45:46]
[53:48:DA:00:C8:05:2C:00:00:80:B1:40:00:00:80:D3:40:00:00:80:D0:C0:00:00:80:CF:80:00:00:80:D3:00:00:00:80:D0:00:00:00:80:D1:C0:00:00:80:D2:80:00:00:80:D2:40:00:00:80:CF:00:00:00:80:CE:80:00:00:80:D1:C0:00:00:80:CE:40:00:00:80:D4:80:00:00:80:D4:80:00:00:80:D1:80:00:00:80:D4:80:00:00:80:D0:00:00:00:80:D0:40:00:00:80:D3:40:8B:3B:00:00:FF:FF:00:00:00:AB:10:45:46]
[53:48:DA:00:C8:05:2D:00:00:80:D2:80:00:00:80:CD:40:00:00:80:D1:C0:00:00:80:D1:40:00:00:80:D3:40:00:00:80:D0:40:00:00:80:D1:00:00:00:80:D1:C0:00:00:80:D2:00:00:00:80:D0:00:00:00:80:D3:40:00:00:80:D1:00:00:00:80:D2:00:00:00:80:D1:00:00:00:80:D3:40:00:00:80:D5:00:00:00:80:D3:40:00:00:80:D2:80:00:00:80:D0:00:00:00:80:D0:C0:8B:54:00:00:FF:FF:00:00:00:AB:10:45:46]
[53:48:DA:00:C8:05:2E:00:00:80:D2:40:00:00:80:D2:C0:00:00:80:D0:00:00:00:80:BE:40:00:00:80:CF:C0:00:00:80:D2:80:00:00:80:CD:C0:00:00:80:D2:80:00:00:80:CF:80:00:00:80:D2:80:00:00:80:D3:00:00:00:80:D0:00:00:00:80:D0:00:00:00:80:D2:80:00:00:80:CF:C0:00:00:80:D3:00:00:00:80:D1:00:00:00:80:D0:00:00:00:80:D0:C0:00:00:80:D1:40:8B:38:00:00:FF:FF:00:00:00:AB:10:45:46]
[53:48:DA:00:C8:05:2F:00:00:80:D2:C0:00:00:80:D0:80:00:00:80:D1:C0:00:00:80:D6:80:00:00:80:D1:80:00:00:80:D4:00:00:00:80:CF:80:00:00:80:C6:40:00:00:80:CE:00:00:00:80:D2:00:00:00:80:D1:80:00:00:80:D0:00:00:00:80:D1:00:00:00:80:CD:80:00:00:80:D2:80:00:00:80:D1:80:00:00:80:D2:00:00:00:80:D3:00:00:00:80:D4:40:00:00:80:D1:40:8B:3D:40:00:FF:FF:00:00:00:AB:10:45:46]
[53:48:DA:00:C8:05:30:00:00:80:D4:00:00:00:80:D4:C0:00:00:80:D5:80:00:00:80:D4:80:00:00:80:D3:C0:00:00:80:CF:C0:00:00:80:D2:C0:00:00:80:D1:80:00:00:80:CF:80:00:00:80:CF:80:00:00:80:D1:00:00:00:80:CD:C0:00:00:80:D3:00:00:00:80:D1:00:00:00:80:D0:80:00:00:80:D2:00:00:00:80:D0:C0:00:00:80:D4:80:00:00:80:D0:C0:00:00:80:CF:80:8B:29:80:00:FF:FF:00:00:00:AB:10:45:46]
[53:48:DA:00:C8:05:31:00:00:80:CF:40:00:00:80:D4:00:00:00:80:D2:00:00:00:80:D3:00:00:00:80:D3:C0:00:00:80:D6:40:00:00:80:D1:C0:00:00:80:CF:80:00:00:80:D3:40:00:00:80:D2:80:00:00:80:D2:C0:00:00:80:CF:00:00:00:80:D2:00:00:00:80:D0:00:00:00:80:D5:C0:00:00:80:C4:80:00:00:80:CF:40:00:00:80:D4:00:00:00:80:D1:80:00:00:80:CF:C0:8B:29:80:00:FF:FF:00:00:00:AB:10:45:46]
[53:48:DA:00:C8:05:32:00:00:80:CF:40:00:00:80:D0:C0:00:00:80:CF:40:00:00:80:D3:40:00:00:80:CF:C0:00:00:80:D3:C0:00:00:80:D1:C0:00:00:80:D2:00:00:00:80:D4:00:00:00:80:CF:80:00:00:80:D3:40:00:00:80:D0:00:00:00:80:D3:00:00:00:80:D0:C0:00:00:80:D3:40:00:00:80:D1:40:00:00:80:D1:80:00:00:80:C7:C0:00:00:80:CE:C0:00:00:80:C9:80:8B:37:00:00:FF:FF:00:00:00:AB:10:45:46]
[53:48:DA:00:C8:05:33:00:00:80:CF:80:00:00:80:D2:00:00:00:80:D3:40:00:00:80:D1:80:00:00:80:D3:40:00:00:80:CF:40:00:00:80:D3:80:00:00:80:D0:00:00:00:80:D1:C0:00:00:80:CE:C0:00:00:80:D8:00:00:00:80:D2:C0:00:00:80:CF:80:00:00:80:D2:80:00:00:80:D2:00:00:00:80:D0:C0:00:00:80:CF:00:00:00:80:D1:00:00:00:80:D1:00:00:00:80:D2:00:8B:29:80:00:FF:FF:00:00:00:AB:10:45:46]
[53:48:DA:00:C8:05:34:00:00:80:D2:C0:00:00:80:D0:C0:00:00:80:C8:C0:00:00:80:D2:00:00:00:80:D5:80:00:00:80:D4:00:00:00:80:D1:C0:00:00:80:D4:80:00:00:80:D3:00:00:00:80:D2:00:00:00:80:D4:40:00:00:80:CC:40:00:00:80:D2:80:00:00:80:D1:C0:00:00:80:D4:40:00:00:80:D2:40:00:00:80:C5:C0:00:00:80:D3:00:00:00:80:D3:80:00:00:80:D0:00:8B:40:40:00:FF:FF:00:00:00:AB:10:45:46]
[53:48:DA:00:C8:05:35:00:00:80:D0:40:00:00:80:D0:C0:00:00:80:D1:40:00:00:80:D4:80:00:00:80:CA:40:00:00:80:D0:80:00:00:80:C6:C0:00:00:80:D4:80:00:00:80:D1:40:00:00:80:D2:40:00:00:80:D3:80:00:00:80:D0:40:00:00:80:CE:80:00:00:80:CB:80:00:00:80:D2:00:00:00:80:CF:40:00:00:80:D2:C0:00:00:80:CF:40:00:00:80:CE:80:00:00:80:D1:40:8B:33:C0:00:FF:FF:00:00:00:AB:10:45:46]
[53:48:DA:00:C8:05:36:00:00:80:D1:40:00:00:80:D1:00:00:00:80:D0:80:00:00:80:D1:00:00:00:80:D0:40:00:00:80:D0:00:00:00:80:CF:40:00:00:80:D1:80:00:00:80:D2:40:00:00:80:D0:00:00:00:80:C8:00:00:00:80:D1:C0:00:00:80:D1:80:00:00:80:D1:C0:00:00:80:D0:40:00:00:80:BF:C0:00:00:80:CD:80:00:00:80:D2:40:00:00:80:D0:C0:00:00:80:D2:C0:8B:2E:C0:00:FF:FF:00:00:00:AB:10:45:46]
[53:48:DA:00:C8:05:37:00:00:80:D3:40:00:00:80:D0:00:00:00:80:D0:80:00:00:80:D1:00:00:00:80:D1:00:00:00:80:D1:40:00:00:80:D1:00:00:00:80:D0:40:00:00:80:D1:00:00:00:80:D0:C0:00:00:80:D2:00:00:00:80:D3:40:00:00:80:D2:80:00:00:80:D2:00:00:00:80:C3:00:00:00:80:D0:00:00:00:80:D2:C0:00:00:80:D2:00:00:00:80:CD:C0:00:00:80:CB:00:8B:47:80:00:FF:FF:00:00:00:AB:10:45:46]
[53:48:DA:00:C8:05:38:00:00:80:D3:40:00:00:80:CF:80:00:00:80:D0:00:00:00:80:CE:C0:00:00:80:D1:40:00:00:80:CF:C0:00:00:80:D0:00:00:00:80:D1:00:00:00:80:D3:80:00:00:80:CD:80:00:00:80:CF:C0:00:00:80:CD:40:00:00:80:D2:00:00:00:80:D4:00:00:00:80:B2:C0:00:00:80:D2:40:00:00:80:CE:C0:00:00:80:D0:40:00:00:80:C6:80:00:00:80:D1:80:8B:5F:80:00:FF:FF:00:00:00:AB:10:45:46]
[53:48:DA:00:C8:05:39:00:00:80:CE:40:00:00:80:CF:80:00:00:80:D0:80:00:00:80:D3:40:00:00:80:D2:40:00:00:80:D0:C0:00:00:80:D3:40:00:00:80:D0:00:00:00:80:CF:40:00:00:80:CD:80:00:00:80:D1:40:00:00:80:D0:80:00:00:80:D1:C0:00:00:80:CF:C0:00:00:80:CF:00:00:00:80:D0:C0:00:00:80:D0:40:00:00:80:D0:00:00:00:80:D0:C0:00:00:80:CE:C0:8B:5C:40:00:FF:FF:00:00:00:AB:10:45:46]
[53:48:DA:00:C8:05:3A:00:00:80:D0:80:00:00:80:CD:00:00:00:80:D0:80:00:00:80:D3:00:00:00:80:D3:80:00:00:80:CD:C0:00:00:80:CE:00:00:00:80:D1:C0:00:00:80:CF:C0:00:00:80:D0:40:00:00:80:D1:80:00:00:80:D0:00:00:00:80:D1:80:00:00:80:A3:40:00:00:80:D1:80:00:00:80:D0:80:00:00:80:D1:C0:00:00:80:D2:80:00:00:80:D1:40:00:00:80:D5:80:8B:30:C0:00:FF:FF:00:00:00:AB:10:45:46]
[53:48:DA:00:C8:05:3B:00:00:80:D0:00:00:00:80:D2:00:00:00:80:D0:40:00:00:80:D0:C0:00:00:80:CD:40:00:00:80:C3:40:00:00:80:CE:00:00:00:80:D0:00:00:00:80:D2:40:00:00:80:D1:80:00:00:80:D0:80:00:00:80:D2:00:00:00:80:D3:80:00:00:80:D1:00:00:00:80:D3:C0:00:00:80:D2:80:00:00:80:D0:C0:00:00:80:D0:80:00:00:80:D1:00:00:00:80:D0:C0:8B:43:80:00:FF:FF:00:00:00:AB:10:45:46]
[53:48:DA:00:C8:05:3C:00:00:80:D2:C0:00:00:80:D4:00:00:00:80:CF:C0:00:00:80:D1:C0:00:00:80:CC:C0:00:00:80:D3:C0:00:00:80:D3:00:00:00:80:D2:80:00:00:80:D2:80:00:00:80:C8:00:00:00:80:D1:00:00:00:80:D2:40:00:00:80:A3:C0:00:00:80:D2:00:00:00:80:D1:80:00:00:80:D2:00:00:00:80:D1:40:00:00:80:CC:C0:00:00:80:D3:40:00:00:80:D0:40:8B:2A:80:00:FF:FF:00:00:00:AB:10:45:46]
[53:48:DA:00:C8:05:3D:00:00:80:D3:80:00:00:80:D3:00:00:00:80:D4:40:00:00:80:D0:40:00:00:80:D1:C0:00:00:80:D0:80:00:00:80:D2:80:00:00:80:CD:00:00:00:80:D2:40:00:00:80:D1:80:00:00:80:D1:40:00:00:80:D2:40:00:00:80:D0:C0:00:00:80:D0:80:00:00:80:D3:C0:00:00:80:CF:80:00:00:80:D2:40:00:00:80:D2:00:00:00:80:D2:C0:00:00:80:D5:00:8B:39:00:00:FF:FF:00:00:00:AB:10:45:46]
[53:48:DA:00:C8:05:3E:00:00:80:D0:40:00:00:80:CE:00:00:00:80:D1:40:00:00:80:D2:80:00:00:80:D2:80:00:00:80:D3:80:00:00:80:D3:00:00:00:80:CE:C0:00:00:80:CF:00:00:00:80:D3:00:00:00:80:D0:00:00:00:80:AC:80:00:00:80:D2:80:00:00:80:CE:80:00:00:80:D0:00:00:00:80:CF:00:00:00:80:D0:00:00:00:80:CA:40:00:00:80:CF:C0:00:00:80:D0:C0:8B:53:00:00:FF:FF:00:00:00:AB:10:45:46]
[53:48:DA:00:C8:05:3F:00:00:80:CF:80:00:00:80:CD:80:00:00:80:D0:40:00:00:80:D4:C0:00:00:80:CF:C0:00:00:80:CF:40:00:00:80:D0:C0:00:00:80:D0:40:00:00:80:CE:40:00:00:80:D4:00:00:00:80:D3:40:00:00:80:D1:40:00:00:80:D2:00:00:00:80:CF:C0:00:00:80:D1:C0:00:00:80:D2:00:00:00:80:D4:40:00:00:80:D3:40:00:00:80:D3:80:00:00:80:D0:C0:8B:3C:40:00:FF:FF:00:00:00:AB:10:45:46]
[53:48:DA:00:C8:05:40:00:00:80:CA:40:00:00:80:D1:80:00:00:80:D0:C0:00:00:80:D0:C0:00:00:80:D0:40:00:00:80:D2:40:00:00:80:CE:80:00:00:80:D1:00:00:00:80:CF:40:00:00:80:D0:80:00:00:80:B0:C0:00:00:80:D1:80:00:00:80:D1:40:00:00:80:D2:40:00:00:80:D0:80:00:00:80:D3:40:00:00:80:D0:80:00:00:80:D1:C0:00:00:80:CF:C0:00:00:80:D2:40:8B:3B:00:00:FF:FF:00:00:00:AB:10:45:46]
[53:48:DA:00:C8:05:41:00:00:80:D3:80:00:00:80:D1:80:00:00:80:D4:40:00:00:80:D0:C0:00:00:80:C3:40:00:00:80:D2:80:00:00:80:D1:40:00:00:80:D3:80:00:00:80:D2:00:00:00:80:CF:80:00:00:80:D4:80:00:00:80:D1:40:00:00:80:CF:C0:00:00:80:D0:00:00:00:80:D1:40:00:00:80:D1:00:00:00:80:D2:40:00:00:80:D0:C0:00:00:80:D2:00:00:00:80:D4:00:8B:2D:80:00:FF:FF:00:00:00:AB:10:45:46]
[53:48:DA:00:C8:05:42:00:00:80:D2:C0:00:00:80:CF:C0:00:00:80:CE:00:00:00:80:D1:C0:00:00:80:D3:00:00:00:80:D3:40:00:00:80:D0:80:00:00:80:D3:C0:00:00:80:C7:80:00:00:80:B6:40:00:00:80:CF:00:00:00:80:CE:C0:00:00:80:D0:40:00:00:80:D2:40:00:00:80:D0:C0:00:00:80:D0:00:00:00:80:CD:C0:00:00:80:CF:40:00:00:80:CE:40:00:00:80:D2:40:8B:46:80:00:FF:FF:00:00:00:AB:10:45:46]
[53:48:DA:00:C8:05:43:00:00:80:D5:80:00:00:80:D3:80:00:00:80:D4:80:00:00:80:D2:40:00:00:80:D1:C0:00:00:80:CD:80:00:00:80:D3:80:00:00:80:D1:00:00:00:80:D4:00:00:00:80:D3:00:00:00:80:D1:00:00:00:80:D4:00:00:00:80:CE:00:00:00:80:CC:80:00:00:80:CE:00:00:00:80:D3:80:00:00:80:D2:80:00:00:80:CE:40:00:00:80:CB:80:00:00:80:CF:C0:8B:4A:C0:00:FF:FF:00:00:00:AB:10:45:46]
[53:48:DA:00:C8:05:44:00:00:80:D2:C0:00:00:80:D3:00:00:00:80:D2:00:00:00:80:D2:80:00:00:80:D1:40:00:00:80:CE:00:00:00:80:CE:40:00:00:80:D1:00:00:00:80:B1:C0:00:00:80:CE:80:00:00:80:D3:80:00:00:80:D4:C0:00:00:80:D0:40:00:00:80:D2:00:00:00:80:D1:40:00:00:80:CF:40:00:00:80:C4:C0:00:00:80:D1:00:00:00:80:CF:40:00:00:80:D3:40:8B:3F:40:00:FF:FF:00:00:00:AB:10:45:46]
[53:48:DA:00:C8:05:45:00:00:80:D4:80:00:00:80:D4:40:00:00:80:D1:80:00:00:80:D3:00:00:00:80:D0:C0:00:00:80:D0:C0:00:00:80:D1:40:00:00:80:D2:00:00:00:80:CF:00:00:00:80:D0:40:00:00:80:D4:40:00:00:80:D3:00:00:00:80:D1:80:00:00:80:D0:40:00:00:80:D4:80:00:00:80:D0:00:00:00:80:CF:00:00:00:80:CC:C0:00:00:80:D3:C0:00:00:80:D2:C0:8B:45:80:00:FF:FF:00:00:00:AB:10:45:46]
[53:48:DA:00:C8:05:46:00:00:80:D2:80:00:00:80:CE:80:00:00:80:D1:C0:00:00:80:CF:80:00:00:80:D4:40:00:00:80:D3:40:00:00:80:D4:80:00:00:80:A2:40:00:00:80:D0:C0:00:00:80:D4:80:00:00:80:D6:00:00:00:80:D0:80:00:00:80:D2:40:00:00:80:D3:00:00:00:80:D1:80:00:00:80:D3:80:00:00:80:D1:80:00:00:80:D2:40:00:00:80:D2:80:00:00:80:D2:80:8B:4C:C0:00:FF:FF:00:00:00:AB:10:45:46]
[53:48:DA:00:C8:05:47:00:00:80:D0:C0:00:00:80:D3:80:00:00:80:D5:40:00:00:80:CE:C0:00:00:80:D0:80:00:00:80:D4:00:00:00:80:D3:00:00:00:80:CF:C0:00:00:80:D2:C0:00:00:80:D3:00:00:00:80:D3:00:00:00:80:D2:80:00:00:80:D3:40:00:00:80:D3:00:00:00:80:CF:C0:00:00:80:D0:80:00:00:80:D2:00:00:00:80:D0:80:00:00:80:D1:00:00:00:80:D3:C0:8B:45:80:00:FF:FF:00:00:00:AB:10:45:46]
[53:48:DA:00:C8:05:48:00:00:80:D1:40:00:00:80:D1:00:00:00:80:D2:40:00:00:80:D2:80:00:00:80:D1:00:00:00:80:CF:C0:00:00:80:A5:C0:00:00:80:C5:80:00:00:80:CC:C0:00:00:80:D6:40:00:00:80:D1:00:00:00:80:D2:00:00:00:80:D3:80:00:00:80:D2:40:00:00:80:CF:C0:00:00:80:D2:40:00:00:80:D0:C0:00:00:80:D2:80:00:00:80:D4:80:00:00:80:D5:40:8B:32:C0:00:FF:FF:00:00:00:AB:10:45:46]
[53:48:DA:00:C8:05:49:00:00:80:D1:C0:00:00:80:D4:00:00:00:80:CF:80:00:00:80:D2:C0:00:00:80:D0:C0:00:00:80:CF:C0:00:00:80:D2:80:00:00:80:D1:00:00:00:80:D4:80:00:00:80:D0:40:00:00:80:D0:80:00:00:80:CC:80:00:00:80:D1:00:00:00:80:CF:80:00:00:80:D1:C0:00:00:80:D2:40:00:00:80:D3:80:00:00:80:D0:C0:00:00:80:D0:40:00:00:80:D0:40:8B:2D:80:00:FF:FF:00:00:00:AB:10:45:46]
[53:48:DA:00:C8:05:4A:00:00:80:D0:00:00:00:80:D5:80:00:00:80:D3:C0:00:00:80:D0:80:00:00:80:D4:00:00:00:80:AC:C0:00:00:80:D0:00:00:00:80:CE:80:00:00:80:D3:00:00:00:80:D3:C0:00:00:80:CF:C0:00:00:80:D1:00:00:00:80:CF:80:00:00:80:D0:80:00:00:80:D1:80:00:00:80:BE:00:00:00:80:CF:40:00:00:80:D1:00:00:00:80:D3:80:00:00:80:CF:80:8B:28:80:00:FF:FF:00:00:00:AB:10:45:46]
[53:48:DA:00:C8:05:4B:00:00:80:D3:40:00:00:80:CE:40:00:00:80:D3:40:00:00:80:D4:40:00:00:80:D4:C0:00:00:80:D4:C0:00:00:80:D1:80:00:00:80:D0:C0:00:00:80:D2:00:00:00:80:D1:C0:00:00:80:D3:C0:00:00:80:D1:40:00:00:80:CF:C0:00:00:80:D2:00:00:00:80:D3:00:00:00:80:D2:00:00:00:80:D1:00:00:00:80:D3:40:00:00:80:D0:80:00:00:80:C5:C0:8B:33:C0:00:FF:FF:00:00:00:AB:10:45:46]
[53:48:DA:00:C8:05:4C:00:00:80:D0:80:00:00:80:D2:C0:00:00:80:D2:40:00:00:80:D3:00:00:00:80:C0:00:00:00:80:D1:00:00:00:80:D0:40:00:00:80:CE:00:00:00:80:D1:C0:00:00:80:CE:C0:00:00:80:D2:40:00:00:80:CF:00:00:00:80:D0:40:00:00:80:D0:40:00:00:80:CF:80:00:00:80:D2:40:00:00:80:CE:C0:00:00:80:CF:00:00:00:80:D4:80:00:00:80:CD:00:8B:33:C0:00:FF:FF:00:00:00:AB:10:45:46]
[53:48:DA:00:C8:05:4D:00:00:80:D1:00:00:00:80:D1:00:00:00:80:CC:80:00:00:80:CF:80:00:00:80:D0:00:00:00:80:D0:C0:00:00:80:D1:C0:00:00:80:D2:80:00:00:80:D0:40:00:00:80:D1:80:00:00:80:CE:C0:00:00:80:CF:00:00:00:80:D1:80:00:00:80:CF:00:00:00:80:D1:80:00:00:80:D1:40:00:00:80:D0:C0:00:00:80:D2:C0:00:00:80:D4:00:00:00:80:D1:40:8B:3A:00:00:FF:FF:00:00:00:AB:10:45:46]
[53:48:DA:00:C8:05:4E:00:00:80:D2:40:00:00:80:D2:40:00:00:80:CE:C0:00:00:80:D0:80:00:00:80:D1:40:00:00:80:D4:40:00:00:80:B9:00:00:00:80:CD:40:00:00:80:D1:00:00:00:80:D2:C0:00:00:80:CE:40:00:00:80:D1:40:00:00:80:D1:00:00:00:80:D0:40:00:00:80:C6:00:00:00:80:D0:00:00:00:80:D1:40:00:00:80:D1:40:00:00:80:D7:40:00:00:80:CF:C0:8B:38:00:00:FF:FF:00:00:00:AB:10:45:46]
[53:48:DA:00:C8:05:4F:00:00:80:CF:C0:00:00:80:CD:C0:00:00:80:D1:40:00:00:80:D3:40:00:00:80:D1:80:00:00:80:D1:00:00:00:80:C8:C0:00:00:80:D0:40:00:00:80:CF:C0:00:00:80:CC:80:00:00:80:C7:40:00:00:80:CF:00:00:00:80:CF:80:00:00:80:CE:00:00:00:80:CE:C0:00:00:80:D3:C0:00:00:80:D0:80:00:00:80:D1:80:00:00:80:CF:C0:00:00:80:D1:00:8B:43:80:00:FF:FF:00:00:00:AB:10:45:46]
[53:48:DA:00:C8:05:50:00:00:80:CE:C0:00:00:80:D2:C0:00:00:80:D1:40:00:00:80:D3:40:00:00:80:CF:80:00:00:80:D2:C0:00:00:80:D1:80:00:00:80:D1:C0:00:00:80:D0:00:00:00:80:CA:80:00:00:80:D3:00:00:00:80:D0:00:00:00:80:D3:80:00:00:80:D0:40:00:00:80:B1:80:00:00:80:D2:00:00:00:80:CF:80:00:00:80:D1:80:00:00:80:D3:00:00:00:80:D1:C0:8B:4C:C0:00:FF:FF:00:00:00:AB:10:45:46]
[53:48:DA:00:C8:05:51:00:00:80:D1:C0:00:00:80:CD:C0:00:00:80:CF:C0:00:00:80:D0:00:00:00:80:D0:C0:00:00:80:D3:80:00:00:80:CF:00:00:00:80:CC:C0:00:00:80:D0:40:00:00:80:CF:00:00:00:80:D0:80:00:00:80:D0:40:00:00:80:D2:80:00:00:80:D0:40:00:00:80:D2:00:00:00:80:D2:80:00:00:80:CF:C0:00:00:80:D2:80:00:00:80:BD:00:00:00:80:D0:40:8B:39:00:00:FF:FF:00:00:00:AB:10:45:46]
[53:48:DA:00:C8:05:52:00:00:80:D1:00:00:00:80:D2:00:00:00:80:CF:80:00:00:80:D2:80:00:00:80:D2:C0:00:00:80:D2:80:00:00:80:D0:40:00:00:80:D2:40:00:00:80:D2:00:00:00:80:D3:80:00:00:80:CF:C0:00:00:80:D5:80:00:00:80:D1:40:00:00:80:D3:C0:00:00:80:D0:80:00:00:80:D0:80:00:00:80:D1:C0:00:00:80:D2:80:00:00:80:CD:00:00:00:80:D6:40:8B:39:00:00:FF:FF:00:00:00:AB:10:45:46]
[53:48:DA:00:C8:05:53:00:00:80:CA:00:00:00:80:C4:C0:00:00:80:D0:40:00:00:80:D1:C0:00:00:80:D1:00:00:00:80:D4:00:00:00:80:D2:00:00:00:80:D2:00:00:00:80:CF:C0:00:00:80:CE:40:00:00:80:D1:80:00:00:80:D1:40:00:00:80:D3:00:00:00:80:D3:C0:00:00:80:D3:C0:00:00:80:D1:80:00:00:80:CF:80:00:00:80:D0:40:00:00:80:D0:80:00:00:80:D4:00:8B:11:80:00:FF:FF:00:00:00:AB:10:45:46]
[53:48:DA:00:C8:05:54:00:00:80:D2:00:00:00:80:D4:40:00:00:80:D1:40:00:00:80:D1:00:00:00:80:D1:C0:00:00:80:B3:C0:00:00:80:D3:C0:00:00:80:CF:40:00:00:80:CD:80:00:00:80:D1:00:00:00:80:D0:40:00:00:80:D4:80:00:00:80:D2:40:00:00:80:D1:C0:00:00:80:CF:00:00:00:80:D3:40:00:00:80:D0:C0:00:00:80:D1:80:00:00:80:D8:40:00:00:80:D0:40:8B:22:40:00:FF:FF:00:00:00:AB:10:45:46]
[53:48:DA:00:C8:05:55:00:00:80:CE:00:00:00:80:D1:80:00:00:80:D3:40:00:00:80:CF:80:00:00:80:D3:00:00:00:80:D4:C0:00:00:80:CF:40:00:00:80:D1:80:00:00:80:D4:00:00:00:80:C0:40:00:00:80:D2:80:00:00:80:D3:80:00:00:80:D2:80:00:00:80:D2:00:00:00:80:D0:C0:00:00:80:CF:C0:00:00:80:D4:40:00:00:80:CF:40:00:00:80:D1:00:00:00:80:CF:80:8B:35:00:00:FF:FF:00:00:00:AB:10:45:46]
[53:48:DA:00:C8:05:56:00:00:80:D5:40:00:00:80:D4:40:00:00:80:D2:80:00:00:80:D2:80:00:00:80:D4:00:00:00:80:D2:80:00:00:80:D5:80:00:00:80:D0:00:00:00:80:D2:00:00:00:80:D1:00:00:00:80:D4:C0:00:00:80:D4:00:00:00:80:D1:40:00:00:80:CB:00:00:00:80:D2:40:00:00:80:D4:40:00:00:80:D1:00:00:00:80:D3:00:00:00:80:D0:C0:00:00:80:BC:C0:8B:24:40:00:FF:FF:00:00:00:AB:10:45:46]
[53:48:DA:00:C8:05:57:00:00:80:D4:00:00:00:80:D3:00:00:00:80:D1:C0:00:00:80:D0:00:00:00:80:D0:80:00:00:80:D1:C0:00:00:80:D6:00:00:00:80:D6:40:00:00:80:D2:00:00:00:80:D6:40:00:00:80:D5:00:00:00:80:D2:40:00:00:80:D1:00:00:00:80:D1:C0:00:00:80:D0:80:00:00:80:D2:80:00:00:80:D3:00:00:00:80:BC:40:00:00:80:D1:C0:00:00:80:CA:C0:8B:3E:40:00:FF:FF:00:00:00:AB:10:45:46]
[53:48:DA:00:C8:05:58:00:00:80:CE:00:00:00:80:D2:C0:00:00:80:D1:C0:00:00:80:CC:80:00:00:80:D4:80:00:00:80:D0:C0:00:00:80:D2:C0:00:00:80:D0:80:00:00:80:D0:80:00:00:80:CF:C0:00:00:80:D1:00:00:00:80:D1:80:00:00:80:D0:C0:00:00:80:D0:C0:00:00:80:D2:C0:00:00:80:D0:80:00:00:80:D4:40:00:00:80:D4:80:00:00:80:B6:80:00:00:80:CE:00:8B:49:80:00:FF:FF:00:00:00:AB:10:45:46]
[53:48:DA:00:C8:05:05:00:00:80:D2:00:00:00:80:D3:00:00:00:80:BB:40:00:00:80:78:C0:00:00:80:C3:00:00:00:80:56:C0:00:00:80:1F:40:00:00:80:99:40:00:00:80:11:C0:00:00:80:CE:C0:00:00:80:CE:40:00:00:80:CF:C0:00:00:80:CE:C0:00:00:80:CB:40:00:00:80:D0:00:00:00:80:CE:C0:00:00:80:D0:40:00:00:80:CB:00:00:00:80:CE:00:00:00:80:CD:40:88:7B:80:00:FF:FF:00:00:00:AB:10:45:46]
[53:48:DA:00:C8:05:06:00:00:80:CF:00:00:00:80:D1:00:00:00:80:52:40:00:00:80:D0:00:00:00:80:B6:40:00:00:80:CE:00:00:00:80:CE:00:00:00:80:D1:80:00:00:80:D0:80:00:00:80:CE:80:00:00:80:CD:80:00:00:80:CE:40:00:00:80:CD:80:00:00:80:CF:40:00:00:80:CD:C0:00:00:80:CA:C0:00:00:80:CE:C0:00:00:80:D0:40:00:00:80:CF:00:00:00:80:CD:80:88:73:40:00:FF:FF:00:00:00:AB:10:45:46]
[53:48:DA:00:C8:05:07:00:00:80:CE:00:00:00:80:D2:80:00:00:80:CE:C0:00:00:80:CC:40:00:00:80:D0:80:00:00:80:CC:C0:00:00:80:B6:C0:00:00:80:B8:00:00:00:80:C8:80:00:00:80:CC:80:00:00:80:CE:80:00:00:80:CD:00:00:00:80:CF:40:00:00:80:CB:80:00:00:80:D0:C0:00:00:80:CC:80:00:00:80:CD:C0:00:00:80:CF:40:00:00:80:CE:40:00:00:80:CA:40:88:72:40:00:FF:FF:00:00:00:AB:10:45:46]
[53:48:DA:00:C8:05:08:00:00:80:D0:00:00:00:80:15:00:00:00:80:D1:80:00:00:80:D2:40:00:00:80:CF:00:00:00:80:CE:40:00:00:80:D1:00:00:00:80:D1:40:00:00:80:CF:40:00:00:80:D1:80:00:00:80:D0:80:00:00:80:D2:00:00:00:80:CD:00:00:00:80:D1:80:00:00:80:CF:40:00:00:80:D0:80:00:00:80:CE:00:00:00:80:D0:80:00:00:80:D0:80:00:00:80:CD:80:88:7A:80:00:FF:FF:00:00:00:AB:10:45:46]
[53:48:DA:00:C8:05:09:00:00:80:D3:00:00:00:80:CD:C0:00:00:80:D0:C0:00:00:80:CD:C0:00:00:80:CC:C0:00:00:80:CF:C0:00:00:80:CD:40:00:00:80:CC:40:00:00:80:D0:80:00:00:80:D0:40:00:00:80:BB:40:00:00:80:CF:00:00:00:80:CD:00:00:00:80:CF:00:00:00:80:CD:80:00:00:80:D0:C0:00:00:80:CF:00:00:00:80:CF:C0:00:00:80:CE:80:00:00:80:CD:40:88:9A:C0:00:FF:FF:00:00:00:AB:10:45:46]
[53:48:DA:00:C8:05:0A:00:00:80:11:80:00:00:80:D1:00:00:00:80:CF:40:00:00:80:CC:C0:00:00:80:D1:80:00:00:80:CB:80:00:00:80:D0:40:00:00:80:D1:40:00:00:80:CE:00:00:00:80:CC:C0:00:00:80:CC:40:00:00:80:CD:40:00:00:80:D0:00:00:00:80:D1:00:00:00:80:CF:40:00:00:80:BD:C0:00:00:80:CF:00:00:00:80:CE:C0:00:00:80:CC:40:00:00:80:CD:C0:88:77:80:00:FF:FF:00:00:00:AB:10:45:46]
[53:48:DA:00:C8:05:0B:00:00:80:CE:40:00:00:80:CF:C0:00:00:80:D1:40:00:00:80:CF:00:00:00:80:CD:00:00:00:80:CD:40:00:00:80:D3:40:00:00:80:CE:00:00:00:80:CF:80:00:00:80:CF:80:00:00:80:CE:00:00:00:80:D0:80:00:00:80:CD:C0:00:00:80:D1:00:00:00:80:CC:80:00:00:80:CF:40:00:00:80:CD:40:00:00:80:CF:40:00:00:80:C6:40:00:00:80:D0:80:88:6E:40:00:FF:FF:00:00:00:AB:10:45:46]
[53:48:DA:00:C8:05:0C:00:00:80:CF:C0:00:00:80:CE:40:00:00:80:CC:C0:00:00:80:CE:40:00:00:80:CE:80:00:00:80:CC:C0:00:00:80:CD:80:00:00:80:CF:C0:00:00:80:CF:C0:00:00:80:CE:C0:00:00:80:CF:40:00:00:80:D1:80:00:00:80:CE:C0:00:00:80:CE:00:00:00:80:CE:00:00:00:80:D3:C0:00:00:80:D0:80:00:00:80:D3:C0:00:00:80:CE:80:00:00:80:D0:40:88:90:40:00:FF:FF:00:00:00:AB:10:45:46]
[53:48:DA:00:C8:05:0D:00:00:80:CF:C0:00:00:80:D2:80:00:00:80:D2:80:00:00:80:D1:80:00:00:80:CE:80:00:00:80:CE:40:00:00:80:CC:C0:00:00:80:CA:C0:00:00:80:CC:40:00:00:80:CF:40:00:00:80:CF:00:00:00:80:CE:C0:00:00:80:CE:C0:00:00:80:C9:80:00:00:80:D1:00:00:00:80:CF:40:00:00:80:CE:40:00:00:80:CE:80:00:00:80:C6:00:00:00:80:4B:00:88:73:40:00:FF:FF:00:00:00:AB:10:45:46]
[53:48:DA:00:C8:05:0E:00:00:80:D2:80:00:00:80:D4:00:00:00:80:CE:C0:00:00:80:CF:80:00:00:80:CF:80:00:00:80:CE:C0:00:00:80:CE:40:00:00:80:CF:C0:00:00:80:CF:80:00:00:80:BE:80:00:00:80:CD:C0:00:00:80:CE:C0:00:00:80:D1:00:00:00:80:CC:40:00:00:80:CF:00:00:00:80:D0:40:00:00:80:CE:C0:00:00:80:C7:00:00:00:80:D4:C0:00:00:80:C5:C0:88:87:00:00:FF:FF:00:00:00:AB:10:45:46]
[53:48:DA:00:C8:05:0F:00:00:80:CC:C0:00:00:80:D0:00:00:00:80:CE:C0:00:00:80:CF:00:00:00:80:D1:00:00:00:80:D3:80:00:00:80:D1:40:00:00:80:D4:C0:00:00:80:CE:00:00:00:80:D3:C0:00:00:80:D0:40:00:00:80:CE:C0:00:00:80:D1:C0:00:00:80:CF:80:00:00:80:CD:C0:00:00:80:CF:80:00:00:80:D3:40:00:00:80:CF:40:00:00:80:AE:00:00:00:80:CB:C0:88:80:C0:00:FF:FF:00:00:00:AB:10:45:46]
[53:48:DA:00:C8:05:10:00:00:80:C9:80:00:00:80:CD:C0:00:00:80:CE:00:00:00:80:D0:C0:00:00:80:CA:80:00:00:80:C7:C0:00:00:80:C8:80:00:00:80:CE:40:00:00:80:D0:80:00:00:80:D1:00:00:00:80:D0:40:00:00:80:D1:C0:00:00:80:D2:80:00:00:80:D1:80:00:00:80:CF:80:00:00:80:CF:C0:00:00:80:CA:80:00:00:80:CF:00:00:00:80:D1:80:00:00:80:D0:40:88:8C:40:00:FF:FF:00:00:00:AB:10:45:46]
[53:48:DA:00:C8:05:11:00:00:80:D0:C0:00:00:80:D2:40:00:00:80:CC:C0:00:00:80:CF:40:00:00:80:C8:80:00:00:80:D1:80:00:00:80:CE:00:00:00:80:CD:80:00:00:80:D1:40:00:00:80:CF:C0:00:00:80:CE:40:00:00:80:CD:00:00:00:80:CC:C0:00:00:80:CE:00:00:00:80:D0:80:00:00:80:D0:80:00:00:80:CE:00:00:00:80:A6:00:00:00:80:CE:00:00:00:80:CC:00:88:8F:40:00:FF:FF:00:00:00:AB:10:45:46]
[53:48:DA:00:C8:05:12:00:00:80:CF:80:00:00:80:D1:80:00:00:80:D2:80:00:00:80:CB:00:00:00:80:CC:80:00:00:80:CF:C0:00:00:80:CE:C0:00:00:80:CC:40:00:00:80:CD:C0:00:00:80:D2:80:00:00:80:CC:C0:00:00:80:CC:C0:00:00:80:CF:C0:00:00:80:CB:C0:00:00:80:CB:80:00:00:80:CC:80:00:00:80:CE:C0:00:00:80:CE:80:00:00:80:CD:C0:00:00:80:D0:00:88:8D:40:00:FF:FF:00:00:00:AB:10:45:46]
[53:48:DA:00:C8:05:13:00:00:80:D1:C0:00:00:80:D3:80:00:00:80:D1:80:00:00:80:D0:C0:00:00:80:CD:40:00:00:80:CE:40:00:00:80:CC:00:00:00:80:CD:C0:00:00:80:CE:00:00:00:80:D0:C0:00:00:80:CD:40:00:00:80:CD:40:00:00:80:CF:00:00:00:80:CE:40:00:00:80:CE:00:00:00:80:CE:00:00:00:80:AB:80:00:00:80:CE:00:00:00:80:CF:00:00:00:80:D0:80:88:7E:C0:00:FF:FF:00:00:00:AB:10:45:46]
[53:48:DA:00:C8:05:14:00:00:80:CE:80:00:00:80:CF:80:00:00:80:D1:00:00:00:80:C9:80:00:00:80:C7:C0:00:00:80:CD:80:00:00:80:CD:00:00:00:80:D0:00:00:00:80:CE:80:00:00:80:CD:40:00:00:80:CC:C0:00:00:80:CE:40:00:00:80:CB:80:00:00:80:CD:00:00:00:80:CF:C0:00:00:80:CD:00:00:00:80:C7:80:00:00:80:CD:C0:00:00:80:D0:00:00:00:80:CC:C0:88:8B:40:00:FF:FF:00:00:00:AB:10:45:46]
[53:48:DA:00:C8:05:15:00:00:80:CE:00:00:00:80:D0:00:00:00:80:CD:80:00:00:80:D1:40:00:00:80:CC:00:00:00:80:D1:C0:00:00:80:CE:40:00:00:80:CF:80:00:00:80:CC:80:00:00:80:D0:80:00:00:80:CC:C0:00:00:80:CE:40:00:00:80:CB:C0:00:00:80:CE:C0:00:00:80:CF:80:00:00:80:A6:80:00:00:80:CC:80:00:00:80:CF:00:00:00:80:CD:00:00:00:80:CF:C0:88:8C:40:00:FF:FF:00:00:00:AB:10:45:46]
[53:48:DA:00:C8:05:16:00:00:80:CD:C0:00:00:80:CE:80:00:00:80:CE:C0:00:00:80:CD:40:00:00:80:D1:C0:00:00:80:D3:80:00:00:80:CD:C0:00:00:80:CF:C0:00:00:80:D0:00:00:00:80:D2:00:00:00:80:D4:C0:00:00:80:CE:80:00:00:80:D1:C0:00:00:80:D0:40:00:00:80:D3:40:00:00:80:D1:80:00:00:80:CE:40:00:00:80:C6:80:00:00:80:C9:C0:00:00:80:CE:C0:88:81:C0:00:FF:FF:00:00:00:AB:10:45:46]
[53:48:DA:00:C8:05:17:00:00:80:D0:00:00:00:80:CF:40:00:00:80:CF:00:00:00:80:C5:40:00:00:80:D0:40:00:00:80:CE:40:00:00:80:CC:00:00:00:80:CC:00:00:00:80:CF:80:00:00:80:D1:00:00:00:80:CF:80:00:00:80:CF:00:00:00:80:CD:80:00:00:80:CE:C0:00:00:80:81:80:00:00:80:D0:40:00:00:80:D0:00:00:00:80:CF:00:00:00:80:D0:00:00:00:80:D0:00:88:89:00:00:FF:FF:00:00:00:AB:10:45:46]
[53:48:DA:00:C8:05:18:00:00:80:CF:40:00:00:80:CE:80:00:00:80:CE:40:00:00:80:CD:C0:00:00:80:CD:00:00:00:80:D0:00:00:00:80:CD:80:00:00:80:D0:40:00:00:80:C8:40:00:00:80:D0:40:00:00:80:D0:00:00:00:80:CF:40:00:00:80:CE:40:00:00:80:CF:C0:00:00:80:CE:80:00:00:80:CD:80:00:00:80:CF:00:00:00:80:CE:80:00:00:80:CE:40:00:00:80:CF:80:88:85:00:00:FF:FF:00:00:00:AB:10:45:46]
[53:48:DA:00:C8:05:19:00:00:80:CE:40:00:00:80:CD:C0:00:00:80:D0:40:00:00:80:CC:80:00:00:80:D0:C0:00:00:80:D0:80:00:00:80:CB:00:00:00:80:D1:00:00:00:80:D2:80:00:00:80:CF:80:00:00:80:D1:80:00:00:80:C9:C0:00:00:80:D1:C0:00:00:80:0D:80:00:00:80:CD:40:00:00:80:CE:C0:00:00:80:D1:40:00:00:80:D4:80:00:00:80:D4:C0:00:00:80:D2:00:88:88:00:00:FF:FF:00:00:00:AB:10:45:46]
[53:48:DA:00:C8:05:1A:00:00:80:D2:00:00:00:80:CF:C0:00:00:80:D2:40:00:00:80:D1:C0:00:00:80:D0:00:00:00:80:AA:40:00:00:80:D0:40:00:00:80:CF:00:00:00:80:CE:00:00:00:80:D1:C0:00:00:80:CF:80:00:00:80:CC:C0:00:00:80:CD:80:00:00:80:CE:80:00:00:80:CD:40:00:00:80:D1:80:00:00:80:A7:80:00:00:80:CC:40:00:00:80:D0:C0:00:00:80:CF:C0:88:87:00:00:FF:FF:00:00:00:AB:10:45:46]
[53:48:DA:00:C8:05:1B:00:00:80:CF:00:00:00:80:D1:00:00:00:80:CF:C0:00:00:80:CD:00:00:00:80:CE:80:00:00:80:D1:C0:00:00:80:CE:80:00:00:80:D1:00:00:00:80:CD:00:00:00:80:CE:C0:00:00:80:D2:00:00:00:80:CF:00:00:00:80:08:80:00:00:80:D1:80:00:00:80:CF:40:00:00:80:CA:80:00:00:80:D0:80:00:00:80:CE:00:00:00:80:D0:80:00:00:80:BD:C0:88:8B:40:00:FF:FF:00:00:00:AB:10:45:46]
[53:48:DA:00:C8:05:1C:00:00:80:D2:40:00:00:80:CE:40:00:00:80:C8:40:00:00:80:CD:80:00:00:80:CC:C0:00:00:80:D0:00:00:00:80:CE:00:00:00:80:CD:80:00:00:80:CA:80:00:00:80:CD:40:00:00:80:D0:00:00:00:80:CF:00:00:00:80:CE:00:00:00:80:D0:00:00:00:80:CC:40:00:00:80:D1:80:00:00:80:CB:80:00:00:80:CC:40:00:00:80:CD:00:00:00:80:CE:00:88:79:80:00:FF:FF:00:00:00:AB:10:45:46]
[53:48:DA:00:C8:05:1D:00:00:80:CE:C0:00:00:80:CE:C0:00:00:80:BF:80:00:00:80:D0:00:00:00:80:CF:C0:00:00:80:D1:80:00:00:80:CE:80:00:00:80:D1:00:00:00:80:CE:80:00:00:80:CE:40:00:00:80:CE:80:00:00:80:6E:00:00:00:80:D3:40:00:00:80:D2:40:00:00:80:CF:00:00:00:80:CE:80:00:00:80:CF:C0:00:00:80:D1:40:00:00:80:CF:80:00:00:80:D0:C0:88:75:80:00:FF:FF:00:00:00:AB:10:45:46]
[53:48:DA:00:C8:05:1E:00:00:80:D1:00:00:00:80:CF:C0:00:00:80:D0:40:00:00:80:D0:40:00:00:80:CE:80:00:00:80:CE:80:00:00:80:CE:80:00:00:80:CC:C0:00:00:80:D1:80:00:00:80:D0:00:00:00:80:D0:00:00:00:80:CD:C0:00:00:80:D0:40:00:00:80:D0:80:00:00:80:D0:C0:00:00:80:CF:40:00:00:80:CD:00:00:00:80:D1:00:00:00:80:D0:C0:00:00:80:D1:00:88:98:80:00:FF:FF:00:00:00:AB:10:45:46]
[53:48:DA:00:C8:05:1F:00:00:80:D1:40:00:00:80:D1:40:00:00:80:D6:C0:00:00:80:D0:C0:00:00:80:D0:C0:00:00:80:D1:80:00:00:80:CE:80:00:00:80:CE:C0:00:00:80:CF:C0:00:00:80:CF:40:00:00:80:C4:00:00:00:80:D1:C0:00:00:80:D2:80:00:00:80:D4:C0:00:00:80:D0:00:00:00:80:D0:C0:00:00:80:D1:00:00:00:80:CD:C0:00:00:80:D2:40:00:00:80:D0:C0:88:6D:40:00:FF:FF:00:00:00:AB:10:45:46]
[53:48:DA:00:C8:05:20:00:00:80:D1:00:00:00:80:CE:40:00:00:80:CF:00:00:00:80:CF:40:00:00:80:D1:80:00:00:80:CE:40:00:00:80:CE:00:00:00:80:CE:C0:00:00:80:D1:80:00:00:80:D0:C0:00:00:80:D0:00:00:00:80:CF:C0:00:00:80:CE:00:00:00:80:CD:40:00:00:80:CE:C0:00:00:80:D1:40:00:00:80:CC:80:00:00:80:D0:80:00:00:80:D0:80:00:00:80:D0:C0:88:8D:40:00:FF:FF:00:00:00:AB:10:45:46]
[53:48:DA:00:C8:05:21:00:00:80:D0:40:00:00:80:CD:C0:00:00:80:CF:80:00:00:80:CC:C0:00:00:80:CE:40:00:00:80:D1:00:00:00:80:D0:40:00:00:80:CE:80:00:00:80:CF:C0:00:00:80:9E:00:00:00:80:CD:80:00:00:80:D1:40:00:00:80:CF:00:00:00:80:D0:40:00:00:80:D1:C0:00:00:80:CF:00:00:00:80:CE:40:00:00:80:CF:C0:00:00:80:C6:C0:00:00:80:D1:80:88:9C:C0:00:FF:FF:00:00:00:AB:10:45:46]
[53:48:DA:00:C8:05:22:00:00:80:CE:C0:00:00:80:D1:00:00:00:80:D0:00:00:00:80:CE:40:00:00:80:CF:C0:00:00:80:CD:80:00:00:80:D0:C0:00:00:80:D2:00:00:00:80:C0:00:00:00:80:D0:C0:00:00:80:D0:00:00:00:80:CF:40:00:00:80:CF:40:00:00:80:D0:C0:00:00:80:CE:C0:00:00:80:CE:80:00:00:80:D4:00:00:00:80:CE:C0:00:00:80:CE:40:00:00:80:D1:C0:88:8F:40:00:FF:FF:00:00:00:AB:10:45:46]
[53:48:DA:00:C8:05:23:00:00:80:D0:40:00:00:80:C3:40:00:00:80:D0:40:00:00:80:D1:00:00:00:80:CE:00:00:00:80:D2:40:00:00:80:D0:80:00:00:80:CE:80:00:00:80:D0:C0:00:00:80:D2:C0:00:00:80:D1:40:00:00:80:CE:C0:00:00:80:D0:40:00:00:80:CF:C0:00:00:80:CE:40:00:00:80:CE:80:00:00:80:9B:40:00:00:80:D1:C0:00:00:80:CF:C0:00:00:80:D3:80:88:93:80:00:FF:FF:00:00:00:AB:10:45:46]
[53:48:DA:00:C8:05:24:00:00:80:CD:80:00:00:80:D1:C0:00:00:80:D1:00:00:00:80:D0:40:00:00:80:CC:00:00:00:80:CA:00:00:00:80:CE:C0:00:00:80:8D:80:00:00:80:D0:40:00:00:80:CF:80:00:00:80:CD:80:00:00:80:CF:00:00:00:80:D0:00:00:00:80:CF:80:00:00:80:CF:40:00:00:80:CE:C0:00:00:80:D1:C0:00:00:80:CF:C0:00:00:80:CF:C0:00:00:80:CE:80:88:8A:00:00:FF:FF:00:00:00:AB:10:45:46]
[53:48:DA:00:C8:05:25:00:00:80:D1:00:00:00:80:D2:40:00:00:80:CE:00:00:00:80:D0:00:00:00:80:CD:80:00:00:80:CE:80:00:00:80:D1:00:00:00:80:D2:C0:00:00:80:D0:C0:00:00:80:CD:40:00:00:80:D5:C0:00:00:80:CF:40:00:00:80:D3:40:00:00:80:D0:00:00:00:80:CF:C0:00:00:80:CD:80:00:00:80:CE:40:00:00:80:CB:C0:00:00:80:CC:40:00:00:80:CC:00:88:8D:40:00:FF:FF:00:00:00:AB:10:45:46]
[53:48:DA:00:C8:05:26:00:00:80:CD:80:00:00:80:D0:C0:00:00:80:D0:40:00:00:80:CF:40:00:00:80:CD:00:00:00:80:CE:40:00:00:80:79:00:00:00:80:CF:C0:00:00:80:CE:C0:00:00:80:CF:C0:00:00:80:D0:80:00:00:80:D2:00:00:00:80:CF:C0:00:00:80:CB:00:00:00:80:D2:00:00:00:80:CF:80:00:00:80:D0:00:00:00:80:CD:80:00:00:80:CF:00:00:00:80:CE:00:88:96:80:00:FF:FF:00:00:00:AB:10:45:46]
[53:48:DA:00:C8:05:27:00:00:80:CB:C0:00:00:80:CF:40:00:00:80:CF:80:00:00:80:CE:00:00:00:80:D1:C0:00:00:80:D2:80:00:00:80:D3:80:00:00:80:D1:80:00:00:80:D2:40:00:00:80:D0:C0:00:00:80:CD:C0:00:00:80:D0:40:00:00:80:D2:80:00:00:80:D0:00:00:00:80:D2:80:00:00:80:B9:C0:00:00:80:CC:00:00:00:80:C8:40:00:00:80:D0:80:00:00:80:B8:C0:88:7E:C0:00:FF:FF:00:00:00:AB:10:45:46]
[53:48:DA:00:C8:05:28:00:00:80:CD:00:00:00:80:D1:40:00:00:80:C5:80:00:00:80:C8:80:00:00:80:D1:40:00:00:80:0C:00:00:00:80:CC:C0:00:00:80:CD:00:00:00:80:D2:40:00:00:80:D1:C0:00:00:80:D3:00:00:00:80:CF:00:00:00:80:CF:00:00:00:80:D2:40:00:00:80:D0:00:00:00:80:9C:40:00:00:80:B7:40:00:00:80:CF:80:00:00:80:C5:80:00:00:80:D1:40:88:A3:00:00:FF:FF:00:00:00:AB:10:45:46]
[53:48:DA:00:C8:05:29:00:00:80:C7:40:00:00:80:CD:00:00:00:80:CF:C0:00:00:80:D4:00:00:00:80:D1:C0:00:00:80:D2:C0:00:00:80:D1:00:00:00:80:CE:80:00:00:80:D0:80:00:00:80:CE:C0:00:00:80:D1:00:00:00:80:CC:C0:00:00:80:D1:00:00:00:80:CE:40:00:00:80:D0:00:00:00:80:D1:C0:00:00:80:D0:40:00:00:80:CD:80:00:00:80:82:C0:00:00:80:D1:40:88:93:80:00:FF:FF:00:00:00:AB:10:45:46]
[53:48:DA:00:C8:05:2A:00:00:80:D2:40:00:00:80:CF:C0:00:00:80:CF:80:00:00:80:D0:40:00:00:7F:44:C0:00:00:80:CD:C0:00:00:80:CE:C0:00:00:80:CB:80:00:00:80:C4:00:00:00:80:6A:80:00:00:80:78:40:00:00:80:D3:40:00:00:80:80:80:00:00:80:B0:C0:00:00:80:98:80:00:00:80:43:40:00:00:80:74:C0:00:00:80:97:00:00:00:80:50:80:00:00:80:86:00:88:8B:40:00:FF:FF:00:00:00:AB:10:45:46]
[53:48:DA:00:C8:05:2B:00:00:7F:D3:40:00:00:80:60:C0:00:00:80:B1:C0:00:00:80:A9:00:00:00:80:A1:80:00:00:80:CA:00:00:00:80:C0:00:00:00:80:AA:40:00:00:80:CB:C0:00:00:80:D2:40:00:00:80:CD:00:00:00:80:CF:40:00:00:80:CF:C0:00:00:80:D0:80:00:00:80:D1:00:00:00:80:CC:80:00:00:80:CF:00:00:00:80:5E:80:00:00:80:B6:80:00:00:80:BC:00:88:8C:40:00:FF:FF:00:00:00:AB:10:45:46]
[53:48:DA:00:C8:05:2C:00:00:80:C8:00:00:00:80:D4:80:00:00:80:C3:00:00:00:7F:39:00:00:00:80:D2:40:00:00:80:CD:C0:00:00:80:D3:80:00:00:80:CE:80:00:00:80:D2:80:00:00:80:B4:40:00:00:80:D4:00:00:00:80:CF:C0:00:00:80:D1:C0:00:00:80:D2:00:00:00:80:A3:40:00:00:80:B3:40:00:00:80:97:00:00:00:80:C3:C0:00:00:80:AE:80:00:00:80:72:40:88:93:80:00:FF:FF:00:00:00:AB:10:45:46]
[53:48:DA:00:C8:05:2D:00:00:80:D2:00:00:00:80:D1:80:00:00:80:D2:80:00:00:80:CF:C0:00:00:80:91:C0:00:00:80:D2:80:00:00:80:D0:00:00:00:80:CF:00:00:00:80:CF:80:00:00:80:CF:80:00:00:80:D0:00:00:00:80:CE:40:00:00:80:D1:80:00:00:80:CF:C0:00:00:80:D1:80:00:00:80:CF:C0:00:00:80:BB:40:00:00:80:D0:40:00:00:80:CD:C0:00:00:80:C3:C0:88:87:00:00:FF:FF:00:00:00:AB:10:45:46]
[53:48:DA:00:C8:05:2E:00:00:80:C6:80:00:00:80:D2:80:00:00:7F:90:40:00:00:80:B3:00:00:00:80:CD:80:00:00:80:D1:00:00:00:80:D1:40:00:00:80:CD:00:00:00:80:D2:40:00:00:80:D0:00:00:00:80:D0:00:00:00:80:D0:00:00:00:80:BC:00:00:00:80:CF:40:00:00:80:CE:00:00:00:80:D1:80:00:00:80:CE:C0:00:00:80:CE:C0:00:00:80:CE:80:00:00:80:CF:C0:88:82:C0:00:FF:FF:00:00:00:AB:10:45:46]
[53:48:DA:00:C8:05:2F:00:00:80:D0:C0:00:00:80:D0:00:00:00:80:D4:00:00:00:80:CE:40:00:00:80:D2:00:00:00:80:CF:00:00:00:80:CC:C0:00:00:80:CD:00:00:00:80:CF:00:00:00:80:D1:00:00:00:80:A7:C0:00:00:80:D0:C0:00:00:80:CE:80:00:00:80:CF:00:00:00:80:CD:C0:00:00:80:D2:00:00:00:80:CE:80:00:00:80:CF:C0:00:00:80:CF:40:00:00:80:CF:C0:88:80:C0:00:FF:FF:00:00:00:AB:10:45:46]
[53:48:DA:00:C8:05:30:00:00:80:D0:00:00:00:7F:BA:80:00:00:80:D3:80:00:00:80:BF:00:00:00:80:D1:00:00:00:80:D3:40:00:00:80:CF:80:00:00:80:D1:00:00:00:80:CF:80:00:00:80:CF:00:00:00:80:CE:40:00:00:80:CF:40:00:00:80:CE:C0:00:00:80:D0:00:00:00:80:CB:C0:00:00:80:D0:40:00:00:80:D1:00:00:00:80:CE:00:00:00:80:D0:40:00:00:80:D0:40:88:9E:C0:00:FF:FF:00:00:00:AB:10:45:46]
[53:48:DA:00:C8:05:31:00:00:80:CF:00:00:00:80:D2:00:00:00:80:D0:80:00:00:80:D0:80:00:00:80:CF:40:00:00:80:CF:80:00:00:80:D0:40:00:00:80:C6:40:00:00:80:D3:00:00:00:80:D1:40:00:00:80:D0:00:00:00:80:CE:C0:00:00:80:D0:C0:00:00:80:CE:80:00:00:80:CF:40:00:00:80:CE:C0:00:00:80:D0:80:00:00:80:D0:40:00:00:80:D1:00:00:00:80:D4:C0:88:97:80:00:FF:FF:00:00:00:AB:10:45:46]
[53:48:DA:00:C8:05:32:00:00:7F:D7:80:00:00:80:CF:00:00:00:80:CD:40:00:00:80:C7:80:00:00:80:CF:C0:00:00:80:B0:C0:00:00:80:D0:C0:00:00:80:D0:40:00:00:80:CB:C0:00:00:80:CD:00:00:00:80:D1:C0:00:00:80:CA:80:00:00:80:CC:C0:00:00:80:CE:00:00:00:80:D0:80:00:00:80:D0:C0:00:00:80:CF:40:00:00:80:CF:80:00:00:80:D0:80:00:00:80:D4:80:88:94:80:00:FF:FF:00:00:00:AB:10:45:46]
[53:48:DA:00:C8:05:33:00:00:80:D2:80:00:00:80:D2:80:00:00:80:D0:00:00:00:80:D0:80:00:00:80:CC:40:00:00:80:D1:80:00:00:80:CE:C0:00:00:80:D0:80:00:00:80:CE:C0:00:00:80:D2:00:00:00:80:CF:80:00:00:80:CF:C0:00:00:80:D0:40:00:00:80:CE:00:00:00:80:D0:40:00:00:80:C8:80:00:00:80:D2:40:00:00:80:D1:00:00:00:80:CF:40:00:00:80:CC:40:88:99:C0:00:FF:FF:00:00:00:AB:10:45:46]
[53:48:DA:00:C8:05:34:00:00:80:CC:80:00:00:80:CF:00:00:00:80:CF:C0:00:00:80:D1:00:00:00:80:D1:80:00:00:80:D2:80:00:00:80:D0:80:00:00:80:D0:00:00:00:80:CF:00:00:00:80:CD:40:00:00:80:CE:00:00:00:80:CD:80:00:00:80:CF:80:00:00:80:D0:00:00:00:80:CF:40:00:00:80:D2:40:00:00:80:CE:80:00:00:80:D0:80:00:00:80:CF:C0:00:00:80:BD:80:88:92:80:00:FF:FF:00:00:00:AB:10:45:46]
[53:48:DA:00:C8:05:35:00:00:80:CD:00:00:00:80:D2:80:00:00:80:CF:00:00:00:80:CE:40:00:00:80:CF:40:00:00:80:D1:40:00:00:80:CD:C0:00:00:80:D3:80:00:00:80:D2:40:00:00:80:D1:C0:00:00:80:D2:40:00:00:80:D0:C0:00:00:80:D2:40:00:00:80:CE:40:00:00:80:D2:C0:00:00:80:CF:00:00:00:80:CD:40:00:00:80:D1:80:00:00:80:D2:40:00:00:7F:A5:C0:88:9C:C0:00:FF:FF:00:00:00:AB:10:45:46]
[53:48:DA:00:C8:05:36:00:00:80:D1:80:00:00:80:CD:00:00:00:80:C3:00:00:00:80:D1:C0:00:00:80:D1:40:00:00:80:CE:80:00:00:80:D0:C0:00:00:80:CD:C0:00:00:80:CF:C0:00:00:80:D0:00:00:00:80:CD:80:00:00:80:D1:40:00:00:80:D1:C0:00:00:80:CE:40:00:00:80:CE:00:00:00:80:CE:00:00:00:80:D0:00:00:00:80:A4:C0:00:00:80:D1:40:00:00:80:CE:40:88:82:C0:00:FF:FF:00:00:00:AB:10:45:46]
[53:48:DA:00:C8:05:37:00:00:80:CE:00:00:00:80:D0:80:00:00:80:D0:80:00:00:80:CF:C0:00:00:80:D3:00:00:00:80:CE:C0:00:00:80:C7:00:00:00:80:D0:C0:00:00:80:D0:00:00:00:80:D1:00:00:00:80:D1:C0:00:00:80:CF:00:00:00:80:CD:80:00:00:80:CF:C0:00:00:80:D0:80:00:00:80:D1:C0:00:00:80:D1:00:00:00:80:CE:40:00:00:7F:47:00:00:00:80:D0:00:88:93:80:00:FF:FF:00:00:00:AB:10:45:46]
[53:48:DA:00:C8:05:38:00:00:80:CE:80:00:00:80:CF:40:00:00:80:CE:00:00:00:80:CC:80:00:00:80:D3:40:00:00:80:D1:80:00:00:80:D0:00:00:00:80:D1:C0:00:00:80:CF:C0:00:00:80:CF:40:00:00:80:C7:40:00:00:80:CB:C0:00:00:80:CD:40:00:00:80:D0:00:00:00:80:D3:00:00:00:80:CF:40:00:00:80:CF:40:00:00:80:D0:00:00:00:80:D1:40:00:00:80:D0:80:88:A3:00:00:FF:FF:00:00:00:AB:10:45:46]
[53:48:DA:00:C8:05:39:00:00:80:D2:00:00:00:80:CE:80:00:00:80:D1:80:00:00:80:D3:40:00:00:80:CC:C0:00:00:80:CC:80:00:00:80:CE:C0:00:00:80:D0:40:00:00:80:CD:00:00:00:80:D2:00:00:00:80:D1:40:00:00:80:CD:40:00:00:80:D0:40:00:00:80:CE:C0:00:00:80:C7:40:00:00:80:D3:C0:00:00:80:CE:80:00:00:7F:9D:80:00:00:80:D0:80:00:00:80:D3:C0:88:A1:00:00:FF:FF:00:00:00:AB:10:45:46]
[53:48:DA:00:C8:05:3A:00:00:80:D0:40:00:00:80:CF:C0:00:00:80:CF:40:00:00:80:CE:C0:00:00:80:CC:C0:00:00:80:D3:00:00:00:80:CE:00:00:00:80:D3:40:00:00:80:D0:C0:00:00:80:D1:80:00:00:80:D2:40:00:00:80:D3:40:00:00:80:D3:00:00:00:80:CB:40:00:00:80:D0:80:00:00:80:CF:80:00:00:80:D0:C0:00:00:80:D2:C0:00:00:80:BB:40:00:00:80:D4:00:88:8C:40:00:FF:FF:00:00:00:AB:10:45:46]
[53:48:DA:00:C8:05:3B:00:00:80:CF:80:00:00:80:D2:00:00:00:80:CC:80:00:00:80:D0:40:00:00:80:CE:40:00:00:80:CD:C0:00:00:80:CF:C0:00:00:80:CE:00:00:00:80:CF:40:00:00:80:CB:80:00:00:80:D0:80:00:00:80:CD:C0:00:00:80:CF:80:00:00:80:CE:80:00:00:80:D0:40:00:00:80:CE:C0:00:00:7F:D7:40:00:00:80:CC:80:00:00:80:CB:00:00:00:80:D0:00:88:8C:40:00:FF:FF:00:00:00:AB:10:45:46]
[53:48:DA:00:C8:05:3C:00:00:80:D0:00:00:00:80:BF:00:00:00:80:CE:40:00:00:80:D0:00:00:00:80:CE:C0:00:00:80:CF:C0:00:00:80:CE:80:00:00:80:CF:C0:00:00:80:CE:C0:00:00:80:AF:40:00:00:80:CB:80:00:00:80:CE:00:00:00:80:CD:00:00:00:80:D0:40:00:00:80:D1:80:00:00:80:CD:C0:00:00:80:CE:40:00:00:80:CE:00:00:00:80:D0:80:00:00:80:D2:00:88:A4:00:00:FF:FF:00:00:00:AB:10:45:46]
[53:48:DA:00:C8:05:3D:00:00:80:D0:C0:00:00:80:D0:00:00:00:80:88:80:00:00:80:CD:40:00:00:80:CE:C0:00:00:80:C3:80:00:00:80:AA:00:00:00:80:D2:40:00:00:80:CF:00:00:00:80:CE:00:00:00:80:CF:00:00:00:80:D0:40:00:00:80:CE:C0:00:00:80:85:C0:00:00:80:CF:40:00:00:80:12:80:00:00:80:B6:C0:00:00:80:92:80:00:00:80:BE:40:00:00:80:CC:80:88:A5:00:00:FF:FF:00:00:00:AB:10:45:46]
[53:48:DA:00:C8:05:3E:00:00:80:97:00:00:00:80:AA:00:00:00:80:94:40:00:00:80:78:40:00:00:80:D1:80:00:00:80:CE:00:00:00:80:82:00:00:00:80:9B:C0:00:00:80:88:00:00:00:80:9F:00:00:00:80:C6:C0:00:00:80:CF:80:00:00:80:B7:40:00:00:80:95:C0:00:00:80:83:C0:00:00:80:5B:80:00:00:80:CF:C0:00:00:80:D1:00:00:00:80:D0:40:00:00:80:A5:80:88:B4:80:00:FF:FF:00:00:00:AB:10:45:46]
[53:48:DA:00:C8:05:3F:00:00:80:93:40:00:00:80:CC:00:00:00:80:C9:C0:00:00:80:CF:00:00:00:80:CF:C0:00:00:80:CE:00:00:00:80:CD:40:00:00:80:CF:C0:00:00:80:C5:C0:00:00:80:D1:40:00:00:80:D0:00:00:00:80:CE:C0:00:00:80:AC:00:00:00:80:BC:80:00:00:80:B2:C0:00:00:80:C9:80:00:00:80:1D:80:00:00:80:21:C0:00:00:80:05:C0:00:00:80:CE:40:88:86:00:00:FF:FF:00:00:00:AB:10:45:46]
[53:48:DA:00:C8:05:40:00:00:80:CD:80:00:00:80:CE:40:00:00:80:D2:C0:00:00:80:CE:40:00:00:80:CD:40:00:00:80:D0:40:00:00:80:D0:00:00:00:80:CF:80:00:00:80:CF:40:00:00:80:CB:80:00:00:80:CF:C0:00:00:80:D0:00:00:00:80:CF:40:00:00:80:CE:00:00:00:80:B3:40:00:00:80:D2:80:00:00:80:CB:80:00:00:80:B9:C0:00:00:80:D3:40:00:00:80:D0:80:88:A4:00:00:FF:FF:00:00:00:AB:10:45:46]
[53:48:DA:00:C8:05:41:00:00:80:D0:80:00:00:80:CF:00:00:00:80:CB:C0:00:00:80:D2:40:00:00:80:D1:80:00:00:80:D3:00:00:00:80:D0:80:00:00:80:D0:40:00:00:80:CD:80:00:00:80:D2:00:00:00:80:D0:80:00:00:80:D1:80:00:00:80:D3:C0:00:00:80:CD:00:00:00:80:D2:00:00:00:80:D0:80:00:00:80:CD:40:00:00:80:CF:C0:00:00:80:CF:00:00:00:80:CE:80:88:9C:C0:00:FF:FF:00:00:00:AB:10:45:46]
[53:48:DA:00:C8:05:42:00:00:80:BF:00:00:00:80:C8:C0:00:00:80:CC:00:00:00:80:CF:00:00:00:80:D1:40:00:00:80:D1:00:00:00:80:D0:00:00:00:80:CF:00:00:00:80:CE:00:00:00:80:D3:00:00:00:80:D3:40:00:00:80:D1:80:00:00:80:C0:C0:00:00:80:CF:40:00:00:80:BF:C0:00:00:80:CD:40:00:00:80:CF:C0:00:00:80:CD:80:00:00:80:CE:80:00:00:80:CF:C0:88:A4:00:00:FF:FF:00:00:00:AB:10:45:46]
[53:48:DA:00:C8:05:43:00:00:80:CE:00:00:00:80:D0:00:00:00:80:CF:40:00:00:80:CC:80:00:00:80:C5:80:00:00:80:CD:80:00:00:80:D0:00:00:00:80:D2:00:00:00:80:CF:C0:00:00:80:D1:40:00:00:80:D0:80:00:00:80:D1:00:00:00:80:D1:80:00:00:80:D2:C0:00:00:80:9A:00:00:00:80:BE:40:00:00:80:CD:00:00:00:80:CF:C0:00:00:80:CE:00:00:00:80:D4:80:88:89:00:00:FF:FF:00:00:00:AB:10:45:46]
[53:48:DA:00:C8:05:44:00:00:80:C4:40:00:00:80:D2:C0:00:00:80:CF:80:00:00:80:D0:40:00:00:80:CE:00:00:00:80:D2:80:00:00:80:D0:80:00:00:80:CF:00:00:00:80:C9:80:00:00:80:D1:80:00:00:80:D5:C0:00:00:80:A7:40:00:00:80:D1:40:00:00:80:D1:40:00:00:80:D1:80:00:00:80:CF:80:00:00:80:CE:00:00:00:80:CF:40:00:00:80:CB:C0:00:00:80:CF:40:88:95:80:00:FF:FF:00:00:00:AB:10:45:46]
[53:48:DA:00:C8:05:45:00:00:80:CF:80:00:00:80:D0:80:00:00:80:D0:80:00:00:80:D0:40:00:00:80:CF:C0:00:00:80:CE:00:00:00:80:CE:80:00:00:80:CE:80:00:00:80:D2:00:00:00:80:D2:40:00:00:80:CF:C0:00:00:80:D2:80:00:00:80:C9:80:00:00:80:CF:40:00:00:80:CE:C0:00:00:80:CF:40:00:00:80:D4:80:00:00:80:D0:40:00:00:80:CF:80:00:00:80:D0:00:88:94:80:00:FF:FF:00:00:00:AB:10:45:46]
[53:48:DA:00:C8:05:46:00:00:80:CF:C0:00:00:80:D2:C0:00:00:80:CD:40:00:00:80:D1:40:00:00:80:CE:00:00:00:80:CE:C0:00:00:80:CF:C0:00:00:80:CE:80:00:00:80:CE:80:00:00:80:CC:80:00:00:80:4F:C0:00:00:80:CF:40:00:00:80:BB:C0:00:00:80:CF:C0:00:00:80:C1:40:00:00:80:CE:80:00:00:80:BF:80:00:00:80:D2:80:00:00:80:CF:00:00:00:80:D1:40:88:88:00:00:FF:FF:00:00:00:AB:10:45:46]
[53:48:DA:00:C8:05:47:00:00:80:D3:40:00:00:80:CF:C0:00:00:80:BC:80:00:00:80:CD:80:00:00:80:D1:C0:00:00:80:CE:80:00:00:80:D0:40:00:00:80:CE:00:00:00:80:CD:00:00:00:80:CF:00:00:00:80:D0:00:00:00:80:CF:00:00:00:80:B4:40:00:00:80:CF:00:00:00:80:D2:40:00:00:80:CF:80:00:00:80:D0:00:00:00:80:D2:C0:00:00:80:D0:40:00:00:80:D2:40:88:9C:C0:00:FF:FF:00:00:00:AB:10:45:46]
[53:48:DA:00:C8:05:48:00:00:80:CE:40:00:00:80:D3:80:00:00:80:CE:00:00:00:80:CE:00:00:00:80:D0:80:00:00:80:CE:40:00:00:80:CB:00:00:00:80:CB:C0:00:00:80:D0:80:00:00:80:04:C0:00:00:80:D1:80:00:00:80:D1:40:00:00:80:CF:C0:00:00:80:D2:40:00:00:80:CB:00:00:00:80:D0:C0:00:00:80:CF:80:00:00:80:CE:00:00:00:80:CF:80:00:00:80:CF:80:88:A8:40:00:FF:FF:00:00:00:AB:10:45:46]
[53:48:DA:00:C8:05:49:00:00:80:D0:80:00:00:80:D1:00:00:00:80:D3:80:00:00:80:C2:40:00:00:80:D0:40:00:00:80:D0:40:00:00:80:D0:40:00:00:80:D1:00:00:00:80:CF:C0:00:00:80:CC:80:00:00:80:CF:C0:00:00:80:D0:00:00:00:80:D2:00:00:00:80:D0:40:00:00:80:CE:40:00:00:80:D1:80:00:00:80:D0:80:00:00:80:D1:00:00:00:80:CE:C0:00:00:80:B8:80:88:90:40:00:FF:FF:00:00:00:AB:10:45:46]
[53:48:DA:00:C8:05:4A:00:00:80:CD:C0:00:00:80:D1:80:00:00:80:D1:40:00:00:80:CF:C0:00:00:80:CE:40:00:00:80:CD:C0:00:00:80:CD:00:00:00:80:C4:00:00:00:7F:40:C0:00:00:80:B7:80:00:00:80:D1:00:00:00:80:D0:00:00:00:80:BA:40:00:00:80:D2:00:00:00:80:D2:00:00:00:80:CE:C0:00:00:80:CD:40:00:00:80:BC:C0:00:00:80:D1:40:00:00:80:CF:00:88:89:00:00:FF:FF:00:00:00:AB:10:45:46]
[53:48:DA:00:C8:05:4B:00:00:80:CE:40:00:00:80:D3:80:00:00:80:D1:40:00:00:80:D4:C0:00:00:80:BE:40:00:00:80:CC:C0:00:00:80:D1:40:00:00:80:CE:C0:00:00:80:CF:00:00:00:80:D1:40:00:00:80:CD:C0:00:00:80:C7:00:00:00:80:CE:80:00:00:80:CE:C0:00:00:80:D1:00:00:00:80:92:00:00:00:80:C7:00:00:00:80:CF:40:00:00:80:D2:00:00:00:80:CF:80:88:8F:40:00:FF:FF:00:00:00:AB:10:45:46]
[53:48:DA:00:C8:05:4C:00:00:80:CE:40:00:00:80:D3:80:00:00:80:CF:80:00:00:80:D1:C0:00:00:80:CF:C0:00:00:80:D2:80:00:00:80:D0:00:00:00:7F:17:C0:00:00:80:CD:C0:00:00:80:D0:40:00:00:80:D0:00:00:00:80:D2:C0:00:00:80:D3:40:00:00:80:D0:40:00:00:80:D0:80:00:00:80:C9:40:00:00:80:D1:C0:00:00:80:D0:40:00:00:80:CE:40:00:00:80:CD:80:88:AF:40:00:FF:FF:00:00:00:AB:10:45:46]
[53:48:DA:00:C8:05:4D:00:00:80:D0:40:00:00:80:CE:00:00:00:80:CE:40:00:00:80:CE:C0:00:00:80:D0:40:00:00:80:D0:00:00:00:80:CF:C0:00:00:80:D0:40:00:00:80:CC:C0:00:00:80:CE:40:00:00:80:CE:40:00:00:80:D1:00:00:00:80:D1:C0:00:00:80:D2:40:00:00:80:D0:80:00:00:80:CF:C0:00:00:80:CC:C0:00:00:80:D0:C0:00:00:80:CF:80:00:00:80:BB:40:88:B4:80:00:FF:FF:00:00:00:AB:10:45:46]
[53:48:DA:00:C8:05:4E:00:00:80:D1:00:00:00:80:CD:C0:00:00:80:CE:40:00:00:80:CF:40:00:00:80:CF:80:00:00:80:D1:40:00:00:7F:9D:00:00:00:80:CE:00:00:00:80:D0:80:00:00:80:CD:C0:00:00:80:CC:C0:00:00:80:D0:40:00:00:80:D0:00:00:00:80:D1:00:00:00:80:CD:C0:00:00:80:CD:80:00:00:80:D1:00:00:00:80:CC:C0:00:00:80:D1:00:00:00:80:D0:80:88:9D:C0:00:FF:FF:00:00:00:AB:10:45:46]
[53:48:DA:00:C8:05:4F:00:00:80:CE:80:00:00:80:D1:C0:00:00:80:C1:00:00:00:80:CA:40:00:00:80:D0:40:00:00:80:CE:00:00:00:80:CF:00:00:00:80:CB:00:00:00:80:D1:C0:00:00:80:CF:C0:00:00:80:D0:00:00:00:80:D0:80:00:00:80:CE:C0:00:00:80:CD:80:00:00:80:CE:40:00:00:80:CD:C0:00:00:80:CE:C0:00:00:80:AC:C0:00:00:80:CD:C0:00:00:80:CD:40:88:9A:C0:00:FF:FF:00:00:00:AB:10:45:46]
[53:48:DA:00:C8:05:50:00:00:80:CC:40:00:00:80:CE:00:00:00:80:BA:80:00:00:80:CF:C0:00:00:80:B2:C0:00:00:7F:B6:80:00:00:80:C9:80:00:00:80:D2:00:00:00:80:D0:40:00:00:80:CE:40:00:00:80:CF:00:00:00:80:CE:40:00:00:80:D0:C0:00:00:80:C1:40:00:00:80:D1:40:00:00:80:CD:C0:00:00:80:D3:00:00:00:80:D4:00:00:00:80:D1:C0:00:00:80:CF:C0:88:9B:C0:00:FF:FF:00:00:00:AB:10:45:46]
[53:48:DA:00:C8:05:51:00:00:80:CF:C0:00:00:80:D2:00:00:00:80:D0:00:00:00:80:CE:C0:00:00:80:CE:80:00:00:80:CF:00:00:00:80:D0:00:00:00:80:CE:C0:00:00:80:CF:00:00:00:80:CE:80:00:00:80:CC:00:00:00:80:CD:C0:00:00:80:CF:C0:00:00:80:CF:80:00:00:80:CE:80:00:00:80:CF:40:00:00:80:CE:C0:00:00:80:CF:C0:00:00:80:D1:C0:00:00:80:CE:80:88:A2:00:00:FF:FF:00:00:00:AB:10:45:46]
[53:48:DA:00:C8:05:52:00:00:80:CF:80:00:00:80:D3:40:00:00:80:D1:00:00:00:80:D1:00:00:00:7F:F9:00:00:00:80:CE:C0:00:00:80:D0:40:00:00:80:CE:00:00:00:80:CE:C0:00:00:80:D0:80:00:00:80:CD:40:00:00:80:D1:00:00:00:80:D0:40:00:00:80:CD:40:00:00:80:CA:00:00:00:80:CA:C0:00:00:80:CD:40:00:00:80:CF:40:00:00:80:D1:00:00:00:80:CF:80:88:99:C0:00:FF:FF:00:00:00:AB:10:45:46]
[53:48:DA:00:C8:05:53:00:00:80:CE:00:00:00:80:D1:00:00:00:80:CF:C0:00:00:80:CC:C0:00:00:80:CD:40:00:00:80:D0:80:00:00:80:D0:C0:00:00:80:CF:00:00:00:80:D0:40:00:00:80:CD:80:00:00:80:D1:80:00:00:80:CF:00:00:00:80:D0:40:00:00:80:D2:80:00:00:80:CD:80:00:00:80:CF:80:00:00:80:D2:00:00:00:80:D2:00:00:00:80:B9:C0:00:00:80:CF:40:88:A2:00:00:FF:FF:00:00:00:AB:10:45:46]
[53:48:DA:00:C8:05:54:00:00:80:CB:C0:00:00:80:D1:40:00:00:80:D2:00:00:00:80:04:00:00:00:80:D1:40:00:00:80:CD:C0:00:00:80:D0:C0:00:00:80:CC:C0:00:00:80:CF:00:00:00:80:D1:40:00:00:80:D0:00:00:00:80:CF:00:00:00:80:CE:40:00:00:80:D0:C0:00:00:80:D1:40:00:00:80:CE:80:00:00:80:D1:40:00:00:80:CD:C0:00:00:80:D0:80:00:00:80:CE:80:88:8D:40:00:FF:FF:00:00:00:AB:10:45:46]
[53:48:DA:00:C8:05:55:00:00:80:CD:40:00:00:80:BD:40:00:00:80:CA:00:00:00:80:CF:80:00:00:80:CE:40:00:00:80:CC:C0:00:00:80:D1:80:00:00:80:D2:80:00:00:80:CF:C0:00:00:80:CF:80:00:00:80:D4:00:00:00:80:D1:00:00:00:80:D1:40:00:00:80:CE:80:00:00:80:D2:40:00:00:80:D2:00:00:00:80:CF:C0:00:00:80:D2:40:00:00:80:CE:80:00:00:80:CD:40:88:8C:40:00:FF:FF:00:00:00:AB:10:45:46]
[53:48:DA:00:C8:05:56:00:00:80:CD:80:00:00:80:D3:40:00:00:7F:79:40:00:00:80:CE:00:00:00:80:CF:80:00:00:80:C3:C0:00:00:80:D0:00:00:00:80:CD:40:00:00:80:D1:00:00:00:80:CD:80:00:00:80:D0:00:00:00:80:CE:00:00:00:80:D0:C0:00:00:80:CE:00:00:00:80:CF:00:00:00:80:D3:00:00:00:80:CF:00:00:00:80:D0:00:00:00:80:D0:00:00:00:80:CC:C0:88:98:80:00:FF:FF:00:00:00:AB:10:45:46]
[53:48:DA:00:C8:05:57:00:00:80:CF:80:00:00:80:D0:00:00:00:80:D0:80:00:00:80:D0:00:00:00:80:D1:80:00:00:80:D0:00:00:00:80:D0:80:00:00:80:D3:40:00:00:80:D0:C0:00:00:80:C4:00:00:00:80:D1:00:00:00:80:D1:00:00:00:80:D0:C0:00:00:80:CF:00:00:00:80:D0:C0:00:00:80:D2:40:00:00:80:CD:80:00:00:80:CD:40:00:00:80:D1:40:00:00:80:CD:C0:88:8A:00:00:FF:FF:00:00:00:AB:10:45:46]
[53:48:DA:00:C8:05:58:00:00:80:CF:00:00:00:7F:7A:80:00:00:80:D0:40:00:00:80:CC:40:00:00:80:CD:80:00:00:80:D1:80:00:00:80:CE:40:00:00:80:CF:80:00:00:80:D0:C0:00:00:80:CE:40:00:00:80:D1:00:00:00:80:CD:80:00:00:80:D1:00:00:00:80:CC:00:00:00:80:D2:40:00:00:80:D0:C0:00:00:80:CF:80:00:00:80:D2:40:00:00:80:CF:80:00:00:80:D0:00:88:80:C0:00:FF:FF:00:00:00:AB:10:45:46]
[53:48:DA:00:C8:05:59:00:00:80:CE:00:00:00:80:D1:00:00:00:80:CD:80:00:00:80:CD:C0:00:00:80:D2:40:00:00:80:CD:00:00:00:80:D0:80:00:00:80:D1:80:00:00:80:CF:C0:00:00:80:D0:C0:00:00:80:CE:40:00:00:80:CD:80:00:00:80:CE:80:00:00:80:CD:C0:00:00:80:CC:40:00:00:80:CE:40:00:00:80:CD:00:00:00:80:BA:C0:00:00:80:D2:40:00:00:80:D0:C0:88:AC:40:00:FF:FF:00:00:00:AB:10:45:46]
[53:48:DA:00:C8:05:5A:00:00:7F:86:40:00:00:80:CE:40:00:00:80:CE:80:00:00:80:D0:C0:00:00:80:CE:80:00:00:80:CD:80:00:00:80:CD:00:00:00:80:AF:40:00:00:80:D0:00:00:00:80:D2:40:00:00:80:CE:00:00:00:80:CF:80:00:00:80:D0:80:00:00:80:CC:40:00:00:80:CF:C0:00:00:80:D0:40:00:00:80:CF:C0:00:00:80:CE:C0:00:00:80:CD:40:00:00:80:D1:40:88:A5:00:00:FF:FF:00:00:00:AB:10:45:46]
[53:48:DA:00:C8:05:5B:00:00:80:C1:00:00:00:80:C6:C0:00:00:80:D2:80:00:00:80:D0:00:00:00:80:CE:C0:00:00:80:CC:40:00:00:80:B8:00:00:00:80:CE:80:00:00:80:CD:80:00:00:80:CE:C0:00:00:80:CE:80:00:00:80:CE:C0:00:00:80:C6:80:00:00:80:D3:80:00:00:80:D2:00:00:00:80:CD:C0:00:00:80:C0:C0:00:00:80:CF:80:00:00:80:CF:40:00:00:80:CF:00:88:8B:40:00:FF:FF:00:00:00:AB:10:45:46]
[53:48:DA:00:C8:05:5C:00:00:80:D1:40:00:00:80:D2:80:00:00:80:D3:C0:00:00:80:CF:40:00:00:80:C2:00:00:00:80:CE:C0:00:00:80:CE:80:00:00:80:D1:80:00:00:80:CF:C0:00:00:80:CE:00:00:00:80:D0:80:00:00:80:CF:00:00:00:80:CD:80:00:00:80:D1:80:00:00:80:D1:C0:00:00:80:CF:00:00:00:80:D0:40:00:00:80:D0:00:00:00:80:CC:C0:00:00:80:CE:40:88:AD:40:00:FF:FF:00:00:00:AB:10:45:46]
[53:48:DA:00:C8:05:5D:00:00:80:CD:40:00:00:80:D0:40:00:00:80:CE:40:00:00:80:D0:80:00:00:80:CC:00:00:00:80:CF:40:00:00:80:D0:00:00:00:80:D0:00:00:00:80:D2:40:00:00:80:CF:80:00:00:80:CE:00:00:00:80:CE:80:00:00:80:D1:40:00:00:80:D1:00:00:00:80:CF:80:00:00:80:D1:00:00:00:80:D0:40:00:00:80:CB:40:00:00:80:D1:80:00:00:80:3A:00:88:90:40:00:FF:FF:00:00:00:AB:10:45:46]
[53:48:DA:00:C8:05:5E:00:00:80:D2:00:00:00:80:D4:80:00:00:80:CF:80:00:00:80:D3:40:00:00:80:CD:00:00:00:80:D0:80:00:00:80:D1:00:00:00:80:D1:C0:00:00:80:D1:00:00:00:80:D1:40:00:00:80:CF:40:00:00:80:D3:C0:00:00:80:CB:C0:00:00:80:CB:C0:00:00:80:D2:C0:00:00:80:CF:C0:00:00:80:CD:80:00:00:80:D0:00:00:00:80:CD:80:00:00:80:CC:80:88:95:80:00:FF:FF:00:00:00:AB:10:45:46]
[53:48:DA:00:C8:05:5F:00:00:80:D2:40:00:00:80:CD:00:00:00:80:D1:80:00:00:80:CE:40:00:00:80:CD:40:00:00:80:D0:80:00:00:80:D0:40:00:00:80:CF:C0:00:00:80:D1:C0:00:00:80:A8:80:00:00:80:CF:40:00:00:80:CE:C0:00:00:80:D3:40:00:00:80:CF:00:00:00:80:D1:80:00:00:80:D0:80:00:00:80:CA:C0:00:00:80:CF:80:00:00:80:D1:C0:00:00:80:D0:80:88:B6:80:00:FF:FF:00:00:00:AB:10:45:46]
[53:48:DA:00:C8:05:60:00:00:80:D2:C0:00:00:80:D2:00:00:00:80:CF:40:00:00:80:D0:00:00:00:80:CD:C0:00:00:80:CB:C0:00:00:80:CB:C0:00:00:80:D0:80:00:00:80:CD:80:00:00:80:CE:40:00:00:80:D0:80:00:00:80:7E:40:00:00:80:CF:C0:00:00:80:CF:C0:00:00:80:D0:C0:00:00:80:CD:40:00:00:80:CD:00:00:00:80:CE:00:00:00:80:CF:C0:00:00:80:D2:00:88:9B:C0:00:FF:FF:00:00:00:AB:10:45:46]
[53:48:DA:00:C8:05:61:00:00:80:D1:40:00:00:80:CD:C0:00:00:80:CF:80:00:00:80:D0:00:00:00:80:D1:C0:00:00:80:CD:40:00:00:80:CD:00:00:00:80:CD:C0:00:00:80:CD:80:00:00:80:CF:00:00:00:80:D1:80:00:00:80:CE:C0:00:00:80:CE:40:00:00:80:CE:00:00:00:80:D0:C0:00:00:80:CE:80:00:00:80:CF:80:00:00:80:BD:80:00:00:80:D2:40:00:00:80:CE:00:88:9C:C0:00:FF:FF:00:00:00:AB:10:45:46]
[53:48:DA:00:C8:05:62:00:00:80:CE:80:00:00:80:CD:C0:00:00:80:D1:C0:00:00:80:C2:C0:00:00:80:C7:C0:00:00:80:D0:C0:00:00:80:B8:C0:00:00:80:CE:40:00:00:80:CF:40:00:00:80:D0:40:00:00:80:D2:80:00:00:80:D1:80:00:00:80:CE:00:00:00:80:CE:80:00:00:80:D1:00:00:00:80:CF:00:00:00:80:8A:C0:00:00:80:D1:80:00:00:80:CF:80:00:00:80:CD:C0:88:BD:C0:00:FF:FF:00:00:00:AB:10:45:46]
[53:48:DA:00:C8:05:63:00:00:80:CB:80:00:00:80:CF:80:00:00:80:D1:C0:00:00:80:B2:C0:00:00:80:D0:C0:00:00:80:C5:C0:00:00:80:CE:00:00:00:80:C7:00:00:00:80:CE:C0:00:00:80:CF:40:00:00:80:CC:80:00:00:80:CE:40:00:00:80:CD:40:00:00:80:D0:80:00:00:80:D1:80:00:00:80:CB:80:00:00:80:CD:80:00:00:80:D4:00:00:00:80:CF:C0:00:00:80:CF:80:88:9A:C0:00:FF:FF:00:00:00:AB:10:45:46]
[53:48:DA:00:C8:05:64:00:00:80:CD:00:00:00:80:D1:C0:00:00:80:CE:C0:00:00:80:D3:40:00:00:80:D0:C0:00:00:80:CF:C0:00:00:80:D0:C0:00:00:80:D0:C0:00:00:80:CF:80:00:00:80:D1:40:00:00:80:CF:40:00:00:80:C8:C0:00:00:80:CD:C0:00:00:80:CE:40:00:00:80:CF:C0:00:00:80:9C:40:00:00:80:CC:C0:00:00:80:CF:C0:00:00:80:CF:00:00:00:80:CE:40:88:A7:00:00:FF:FF:00:00:00:AB:10:45:46]
[53:48:DA:00:C8:05:65:00:00:80:CF:C0:00:00:80:D0:40:00:00:80:CD:40:00:00:80:D0:80:00:00:80:CE:00:00:00:80:CD:40:00:00:80:CF:00:00:00:80:CB:00:00:00:80:D1:40:00:00:80:D0:40:00:00:80:D1:40:00:00:80:D2:00:00:00:80:CC:00:00:00:80:D1:00:00:00:80:CF:40:00:00:80:CA:00:00:00:80:CE:40:00:00:80:CE:C0:00:00:80:CF:80:00:00:80:CD:40:88:A2:00:00:FF:FF:00:00:00:AB:10:45:46]
[53:48:DA:00:C8:05:66:00:00:80:D1:C0:00:00:80:D0:80:00:00:80:CD:80:00:00:80:D1:00:00:00:80:D0:80:00:00:80:CF:40:00:00:80:CE:40:00:00:80:D0:00:00:00:80:D0:80:00:00:80:D0:00:00:00:80:CD:80:00:00:80:CF:C0:00:00:80:D2:00:00:00:80:CD:80:00:00:80:66:40:00:00:80:D1:00:00:00:80:D0:80:00:00:80:D1:80:00:00:80:CF:C0:00:00:80:BA:80:88:9E:C0:00:FF:FF:00:00:00:AB:10:45:46]
[53:48:DA:00:C8:05:67:00:00:80:D1:C0:00:00:80:CF:C0:00:00:80:CF:C0:00:00:80:D0:C0:00:00:80:D3:40:00:00:80:D0:80:00:00:80:D0:00:00:00:80:CE:80:00:00:80:CF:40:00:00:80:CF:40:00:00:80:CE:40:00:00:80:CF:00:00:00:80:D2:40:00:00:80:D3:C0:00:00:80:CE:C0:00:00:80:CF:80:00:00:80:D2:C0:00:00:80:D2:80:00:00:80:D2:80:00:00:80:CD:C0:88:AA:40:00:FF:FF:00:00:00:AB:10:45:46]
[53:48:DA:00:C8:05:68:00:00:80:CF:C0:00:00:80:D0:40:00:00:80:BB:00:00:00:80:C9:40:00:00:80:CE:40:00:00:80:D2:80:00:00:80:CF:80:00:00:80:D1:C0:00:00:80:D2:80:00:00:80:CE:00:00:00:80:CF:40:00:00:80:D0:00:00:00:80:CF:00:00:00:80:16:80:00:00:80:D0:80:00:00:80:D1:40:00:00:80:CF:00:00:00:80:D0:00:00:00:80:D2:00:00:00:80:D0:00:88:B1:80:00:FF:FF:00:00:00:AB:10:45:46]
[53:48:DA:00:C8:05:69:00:00:80:CC:40:00:00:80:D0:80:00:00:80:CE:40:00:00:80:CF:00:00:00:80:CD:40:00:00:80:CD:C0:00:00:80:C1:80:00:00:80:CE:40:00:00:80:D1:C0:00:00:80:CF:80:00:00:80:D1:80:00:00:80:D5:80:00:00:80:CF:00:00:00:80:CE:80:00:00:80:CF:C0:00:00:80:CF:40:00:00:80:CE:00:00:00:80:D0:80:00:00:80:D1:40:00:00:80:96:C0:88:BF:00:00:FF:FF:00:00:00:AB:10:45:46]
[53:48:DA:00:C8:05:6A:00:00:80:BD:00:00:00:80:D4:80:00:00:80:D0:00:00:00:80:D1:00:00:00:80:D0:40:00:00:80:D2:C0:00:00:80:CB:C0:00:00:80:CC:40:00:00:80:D1:C0:00:00:80:CF:C0:00:00:80:C7:00:00:00:80:CF:C0:00:00:7F:81:C0:00:00:80:D1:40:00:00:80:AA:40:00:00:80:D2:C0:00:00:80:CF:80:00:00:80:D1:40:00:00:80:D1:40:00:00:80:D3:00:88:A3:00:00:FF:FF:00:00:00:AB:10:45:46]
[53:48:DA:00:C8:05:6B:00:00:80:B6:80:00:00:80:CF:40:00:00:80:CD:C0:00:00:80:CD:00:00:00:80:D0:40:00:00:80:D1:80:00:00:80:AD:80:00:00:80:D1:40:00:00:80:D0:80:00:00:80:D0:40:00:00:80:CD:80:00:00:80:D2:80:00:00:80:CE:C0:00:00:80:CE:C0:00:00:80:C9:40:00:00:80:D2:00:00:00:80:CC:C0:00:00:80:D1:00:00:00:80:CD:00:00:00:80:D2:40:88:A4:00:00:FF:FF:00:00:00:AB:10:45:46]
[53:48:DA:00:C8:05:05:00:00:80:CE:80:00:00:80:CF:80:00:00:80:CF:00:00:00:80:CF:C0:00:00:80:CF:C0:00:00:80:CD:C0:00:00:80:CD:00:00:00:80:D1:40:00:00:80:CD:80:00:00:80:CD:40:00:00:80:D2:40:00:00:80:D1:80:00:00:80:D1:40:00:00:80:D1:80:00:00:80:D1:00:00:00:80:CF:40:00:00:80:CD:C0:00:00:80:CF:C0:00:00:80:CD:C0:00:00:80:CF:40:88:BB:C0:00:FF:FF:00:00:00:AB:10:45:46]
[53:48:DA:00:C8:05:06:00:00:80:CE:C0:00:00:80:9F:80:00:00:80:CD:00:00:00:80:D0:00:00:00:80:D1:80:00:00:80:AE:C0:00:00:80:D0:C0:00:00:80:D1:40:00:00:80:CF:40:00:00:80:CB:00:00:00:80:CE:80:00:00:80:CA:40:00:00:80:CF:40:00:00:80:CE:C0:00:00:80:CC:C0:00:00:80:CF:C0:00:00:80:CF:00:00:00:80:D0:40:00:00:80:D1:00:00:00:80:CD:40:88:C4:00:00:FF:FF:00:00:00:AB:10:45:46]
[53:48:DA:00:C8:05:07:00:00:80:CD:80:00:00:80:CE:80:00:00:80:CF:80:00:00:80:CE:C0:00:00:80:D2:00:00:00:80:AD:00:00:00:80:CC:40:00:00:80:D0:80:00:00:80:D2:40:00:00:80:D0:C0:00:00:80:CF:80:00:00:80:D0:40:00:00:80:D0:C0:00:00:80:D1:40:00:00:80:CD:C0:00:00:80:D1:C0:00:00:80:CD:40:00:00:80:CF:C0:00:00:80:CE:80:00:00:7F:D6:40:88:C3:00:00:FF:FF:00:00:00:AB:10:45:46]
[53:48:DA:00:C8:05:08:00:00:80:CD:C0:00:00:80:D1:00:00:00:80:CF:C0:00:00:80:D0:00:00:00:80:CF:80:00:00:80:D1:00:00:00:80:CD:80:00:00:80:D0:80:00:00:80:D0:00:00:00:80:CD:80:00:00:80:D1:C0:00:00:80:CF:80:00:00:80:CF:00:00:00:80:CE:80:00:00:80:CF:00:00:00:80:D0:00:00:00:80:CE:80:00:00:80:CF:40:00:00:80:CF:80:00:00:80:D0:40:88:E5:40:00:FF:FF:00:00:00:AB:10:45:46]
[53:48:DA:00:C8:05:09:00:00:80:D1:C0:00:00:80:D0:C0:00:00:80:D4:80:00:00:80:D1:80:00:00:80:D0:00:00:00:80:D0:80:00:00:80:CF:00:00:00:80:CF:40:00:00:80:CD:C0:00:00:80:CE:00:00:00:80:CE:00:00:00:80:D0:40:00:00:80:CD:C0:00:00:80:CC:40:00:00:80:CE:C0:00:00:80:D1:C0:00:00:80:D1:00:00:00:80:D0:40:00:00:7F:F9:40:00:00:80:CF:00:89:01:40:00:FF:FF:00:00:00:AB:10:45:46]
[53:48:DA:00:C8:05:0A:00:00:80:D0:40:00:00:80:CF:00:00:00:80:D0:80:00:00:80:CB:80:00:00:80:D0:00:00:00:80:CA:C0:00:00:80:CD:40:00:00:80:CD:80:00:00:80:CE:40:00:00:80:CF:C0:00:00:80:D0:40:00:00:80:CE:80:00:00:80:D0:40:00:00:80:C3:00:00:00:80:CD:C0:00:00:80:D1:00:00:00:80:D1:C0:00:00:80:D0:00:00:00:80:CD:C0:00:00:80:CD:80:88:E1:00:00:FF:FF:00:00:00:AB:10:45:46]
[53:48:DA:00:C8:05:0B:00:00:80:CE:00:00:00:80:CF:40:00:00:80:CE:80:00:00:80:CE:80:00:00:80:B8:C0:00:00:80:CF:00:00:00:80:B3:C0:00:00:80:CE:80:00:00:80:CF:40:00:00:80:D0:80:00:00:80:86:00:00:00:80:CD:C0:00:00:80:CD:C0:00:00:80:AF:00:00:00:80:CD:80:00:00:80:CD:80:00:00:80:D2:00:00:00:80:17:C0:00:00:80:C2:80:00:00:80:B6:00:88:FE:00:00:FF:FF:00:00:00:AB:10:45:46]
[53:48:DA:00:C8:05:0C:00:00:80:B9:C0:00:00:80:C9:00:00:00:80:CF:C0:00:00:80:CD:C0:00:00:80:BF:80:00:00:80:A1:C0:00:00:80:44:40:00:00:80:BD:00:00:00:80:CF:C0:00:00:80:CE:C0:00:00:80:B9:80:00:00:80:BB:C0:00:00:7F:E6:80:00:00:80:03:00:00:00:80:D3:80:00:00:80:D2:C0:00:00:80:BC:80:00:00:80:B0:40:00:00:80:CE:80:00:00:80:D0:C0:88:D5:C0:00:FF:FF:00:00:00:AB:10:45:46]
[53:48:DA:00:C8:05:0D:00:00:80:3F:C0:00:00:7F:C0:C0:00:00:7F:C3:40:00:00:80:D0:C0:00:00:80:CC:80:00:00:80:C8:C0:00:00:80:D5:00:00:00:7F:A9:C0:00:00:7F:AD:80:00:00:80:BE:40:00:00:80:53:00:00:00:80:CF:40:00:00:80:0F:80:00:00:80:04:C0:00:00:80:BA:00:00:00:80:D1:80:00:00:7F:A4:00:00:00:80:B6:C0:00:00:80:BB:00:00:00:7F:01:00:88:E7:40:00:FF:FF:00:00:00:AB:10:45:46]
[53:48:DA:00:C8:05:0E:00:00:80:CE:80:00:00:80:C9:40:00:00:80:C2:00:00:00:80:C6:00:00:00:80:CF:80:00:00:80:26:00:00:00:7F:68:40:00:00:7F:D7:80:00:00:80:CE:00:00:00:80:D1:80:00:00:80:93:80:00:00:80:0A:00:00:00:7F:65:C0:00:00:80:CF:C0:00:00:80:CA:C0:00:00:80:10:00:00:00:80:A3:C0:00:00:80:1F:40:00:00:80:B2:40:00:00:80:D2:C0:88:EB:80:00:FF:FF:00:00:00:AB:10:45:46]
[53:48:DA:00:C8:05:0F:00:00:80:BF:40:00:00:80:CF:C0:00:00:80:B8:C0:00:00:80:CF:80:00:00:80:D0:40:00:00:80:CF:80:00:00:80:C5:40:00:00:80:D0:C0:00:00:80:CF:00:00:00:80:AE:00:00:00:80:C4:C0:00:00:80:D0:00:00:00:80:CE:C0:00:00:80:CD:C0:00:00:80:CF:80:00:00:7F:9B:80:00:00:80:C6:00:00:00:80:D0:80:00:00:80:D3:80:00:00:80:D0:40:88:E6:40:00:FF:FF:00:00:00:AB:10:45:46]
[53:48:DA:00:C8:05:10:00:00:80:D0:40:00:00:80:D0:80:00:00:80:D0:80:00:00:80:CD:C0:00:00:80:CF:40:00:00:80:D2:40:00:00:80:D2:00:00:00:80:D0:80:00:00:80:B6:C0:00:00:80:CE:40:00:00:80:CC:40:00:00:80:CE:40:00:00:80:CA:80:00:00:80:B7:C0:00:00:80:D0:C0:00:00:80:C3:40:00:00:80:CC:C0:00:00:80:D0:C0:00:00:80:D2:40:00:00:80:BB:40:88:E2:00:00:FF:FF:00:00:00:AB:10:45:46]
[53:48:DA:00:C8:05:11:00:00:80:BF:40:00:00:80:CF:C0:00:00:80:D0:80:00:00:80:D0:C0:00:00:80:CC:80:00:00:80:BA:00:00:00:80:D2:00:00:00:80:CF:40:00:00:80:CF:80:00:00:80:CE:40:00:00:80:CE:00:00:00:80:C5:C0:00:00:80:D0:00:00:00:80:CF:80:00:00:7F:85:C0:00:00:80:A1:C0:00:00:80:CE:00:00:00:80:CC:C0:00:00:80:D0:40:00:00:80:D0:80:88:DC:00:00:FF:FF:00:00:00:AB:10:45:46]
[53:48:DA:00:C8:05:12:00:00:80:CE:40:00:00:80:D1:40:00:00:80:D1:00:00:00:80:B7:40:00:00:80:B4:80:00:00:80:CF:00:00:00:80:CE:C0:00:00:80:CF:00:00:00:80:CF:C0:00:00:80:D0:40:00:00:80:CC:40:00:00:80:D3:00:00:00:80:D1:40:00:00:80:CF:40:00:00:80:91:C0:00:00:80:CC:C0:00:00:80:AD:00:00:00:80:D0:40:00:00:80:CE:C0:00:00:80:D2:00:88:D5:C0:00:FF:FF:00:00:00:AB:10:45:46]
[53:48:DA:00:C8:05:13:00:00:80:AE:80:00:00:80:D0:00:00:00:80:C1:00:00:00:80:CD:40:00:00:80:CE:C0:00:00:80:9C:80:00:00:80:D2:80:00:00:80:A8:C0:00:00:80:D2:C0:00:00:80:D0:80:00:00:80:D5:00:00:00:80:CF:80:00:00:80:CC:C0:00:00:7F:6E:80:00:00:80:74:C0:00:00:80:CD:80:00:00:80:15:00:00:00:80:A7:40:00:00:7F:A5:40:00:00:7F:B8:40:88:EC:80:00:FF:FF:00:00:00:AB:10:45:46]
[53:48:DA:00:C8:05:14:00:00:80:BA:C0:00:00:80:D1:00:00:00:80:54:80:00:00:7F:FB:80:00:00:80:4B:40:00:00:7F:A1:40:00:00:7F:6D:80:00:00:80:4C:C0:00:00:80:CE:C0:00:00:80:D2:C0:00:00:80:D0:C0:00:00:80:23:80:00:00:7F:A2:80:00:00:80:08:40:00:00:80:D2:40:00:00:80:CA:80:00:00:80:9C:40:00:00:7F:66:C0:00:00:7F:65:00:00:00:80:3F:40:88:E0:00:00:FF:FF:00:00:00:AB:10:45:46]
[53:48:DA:00:C8:05:15:00:00:80:BE:C0:00:00:80:D0:40:00:00:80:CF:C0:00:00:7F:C8:40:00:00:80:32:40:00:00:80:B2:00:00:00:80:CE:40:00:00:80:9B:C0:00:00:80:CF:C0:00:00:80:CF:80:00:00:80:CE:80:00:00:80:D1:40:00:00:80:0B:40:00:00:80:CE:00:00:00:80:CF:C0:00:00:80:CE:40:00:00:80:D5:40:00:00:80:D2:C0:00:00:80:CD:80:00:00:80:D4:C0:89:02:40:00:FF:FF:00:00:00:AB:10:45:46]
[53:48:DA:00:C8:05:16:00:00:80:B8:80:00:00:80:D3:C0:00:00:80:A5:C0:00:00:80:D0:C0:00:00:80:CD:C0:00:00:80:C2:C0:00:00:80:CF:00:00:00:80:CF:C0:00:00:80:CF:00:00:00:80:CE:80:00:00:80:D0:C0:00:00:80:BA:40:00:00:80:D2:80:00:00:80:C4:80:00:00:80:B2:40:00:00:80:CE:00:00:00:80:CE:00:00:00:80:D1:40:00:00:80:D0:80:00:00:80:CB:40:88:DC:00:00:FF:FF:00:00:00:AB:10:45:46]
[53:48:DA:00:C8:05:17:00:00:80:C5:80:00:00:80:D2:80:00:00:80:C6:00:00:00:80:D2:40:00:00:80:CE:00:00:00:80:AA:C0:00:00:80:D1:80:00:00:80:98:C0:00:00:80:D1:80:00:00:80:CF:40:00:00:80:CE:C0:00:00:80:79:80:00:00:80:CF:40:00:00:80:D1:80:00:00:80:D1:00:00:00:80:D1:80:00:00:80:B8:00:00:00:80:D1:40:00:00:80:CE:00:00:00:80:CF:80:88:E1:00:00:FF:FF:00:00:00:AB:10:45:46]
[53:48:DA:00:C8:05:18:00:00:80:D2:C0:00:00:80:CD:40:00:00:80:BF:80:00:00:80:CE:00:00:00:80:D1:00:00:00:80:D1:80:00:00:80:D3:40:00:00:80:CF:C0:00:00:80:D0:C0:00:00:80:CE:80:00:00:80:CF:00:00:00:80:CF:C0:00:00:80:C1:80:00:00:80:CF:80:00:00:80:CD:00:00:00:80:CC:C0:00:00:80:CF:00:00:00:80:D0:00:00:00:80:CC:40:00:00:80:B8:40:88:EF:80:00:FF:FF:00:00:00:AB:10:45:46]
[53:48:DA:00:C8:05:19:00:00:80:BE:C0:00:00:80:C4:80:00:00:80:D1:00:00:00:80:CF:40:00:00:80:96:80:00:00:80:9C:40:00:00:80:CC:00:00:00:80:D2:00:00:00:80:D0:40:00:00:80:D1:00:00:00:80:C9:40:00:00:80:AD:40:00:00:80:CF:80:00:00:80:CD:00:00:00:80:D1:00:00:00:80:C6:40:00:00:80:B9:00:00:00:80:A7:00:00:00:80:CF:40:00:00:80:A1:40:88:E2:00:00:FF:FF:00:00:00:AB:10:45:46]
[53:48:DA:00:C8:05:1A:00:00:80:CF:80:00:00:80:AE:00:00:00:80:A5:40:00:00:80:D1:00:00:00:80:6F:C0:00:00:80:D2:00:00:00:80:D0:40:00:00:80:BA:00:00:00:80:D1:00:00:00:80:D0:C0:00:00:80:CA:40:00:00:80:C1:C0:00:00:80:CF:00:00:00:80:B6:80:00:00:80:97:C0:00:00:80:BC:80:00:00:80:CF:C0:00:00:80:CE:40:00:00:80:CD:40:00:00:80:D2:40:88:E9:40:00:FF:FF:00:00:00:AB:10:45:46]
[53:48:DA:00:C8:05:1B:00:00:80:BA:40:00:00:80:A8:00:00:00:80:CE:40:00:00:80:C0:C0:00:00:80:D1:40:00:00:80:AB:00:00:00:80:CE:80:00:00:80:C1:00:00:00:80:C4:00:00:00:80:CF:40:00:00:80:D2:80:00:00:80:BF:C0:00:00:80:C9:40:00:00:80:C0:00:00:00:80:CE:C0:00:00:80:D2:00:00:00:80:BA:80:00:00:80:D0:80:00:00:80:BD:C0:00:00:80:AA:80:88:E7:40:00:FF:FF:00:00:00:AB:10:45:46]
[53:48:DA:00:C8:05:1C:00:00:80:CF:80:00:00:80:B4:40:00:00:80:D0:40:00:00:80:B1:80:00:00:80:D2:40:00:00:80:CC:80:00:00:80:C1:00:00:00:80:A8:C0:00:00:80:84:C0:00:00:80:D1:00:00:00:80:77:80:00:00:80:86:80:00:00:80:80:C0:00:00:80:C8:80:00:00:80:CE:C0:00:00:80:D2:00:00:00:80:B9:80:00:00:80:D2:00:00:00:80:7E:80:00:00:80:C5:40:88:EE:80:00:FF:FF:00:00:00:AB:10:45:46]
[53:48:DA:00:C8:05:1D:00:00:80:56:80:00:00:80:43:C0:00:00:80:35:80:00:00:80:D0:C0:00:00:80:BE:C0:00:00:80:AD:00:00:00:80:CF:C0:00:00:7F:CF:00:00:00:80:C4:80:00:00:80:D0:C0:00:00:80:CF:C0:00:00:80:D1:C0:00:00:80:CF:40:00:00:7F:B4:80:00:00:80:09:80:00:00:80:5F:40:00:00:80:65:00:00:00:80:D2:C0:00:00:80:BE:80:00:00:80:CB:00:88:E7:40:00:FF:FF:00:00:00:AB:10:45:46]
[53:48:DA:00:C8:05:1E:00:00:7F:BA:40:00:00:80:1E:40:00:00:80:D2:C0:00:00:80:B5:80:00:00:80:D0:40:00:00:80:C5:80:00:00:80:D0:80:00:00:80:92:80:00:00:7F:CE:00:00:00:80:86:C0:00:00:80:61:00:00:00:80:D2:80:00:00:80:C8:00:00:00:80:BD:00:00:00:80:B5:80:00:00:80:B2:C0:00:00:80:CF:00:00:00:80:D0:80:00:00:80:4A:C0:00:00:7F:9B:C0:88:EB:80:00:FF:FF:00:00:00:AB:10:45:46]
[53:48:DA:00:C8:05:1F:00:00:80:9C:C0:00:00:80:D2:40:00:00:80:D3:40:00:00:80:D2:C0:00:00:7F:4A:C0:00:00:7F:E2:40:00:00:80:A2:00:00:00:80:C0:00:00:00:7F:C2:C0:00:00:7F:83:40:00:00:7F:41:80:00:00:80:6C:80:00:00:80:90:C0:00:00:80:BF:40:00:00:80:D0:40:00:00:80:9E:00:00:00:80:C6:00:00:00:7F:AB:00:00:00:80:AC:40:00:00:7F:A7:80:88:ED:80:00:FF:FF:00:00:00:AB:10:45:46]
[53:48:DA:00:C8:05:20:00:00:80:CE:40:00:00:80:C9:C0:00:00:80:B8:40:00:00:80:C4:C0:00:00:80:D0:40:00:00:80:CF:00:00:00:80:41:40:00:00:80:CE:40:00:00:80:D0:80:00:00:80:C0:80:00:00:80:D0:C0:00:00:80:95:40:00:00:80:D2:00:00:00:80:CE:40:00:00:80:CC:00:00:00:80:BF:00:00:00:80:CF:00:00:00:80:D1:00:00:00:80:CF:00:00:00:80:C3:00:88:EE:80:00:FF:FF:00:00:00:AB:10:45:46]
[53:48:DA:00:C8:05:21:00:00:80:CE:00:00:00:80:D1:40:00:00:80:D1:00:00:00:80:C2:40:00:00:80:CE:40:00:00:80:CD:C0:00:00:80:BE:40:00:00:80:CE:00:00:00:80:BA:80:00:00:80:CF:80:00:00:80:D0:40:00:00:80:D1:40:00:00:80:D2:40:00:00:80:CE:00:00:00:80:B9:40:00:00:80:B6:80:00:00:80:CE:40:00:00:80:CF:80:00:00:80:CF:C0:00:00:80:CD:C0:88:FA:00:00:FF:FF:00:00:00:AB:10:45:46]
[53:48:DA:00:C8:05:22:00:00:80:CD:80:00:00:80:D2:40:00:00:80:D3:40:00:00:80:CF:40:00:00:80:D3:00:00:00:80:12:00:00:00:80:D2:80:00:00:80:CC:40:00:00:80:D0:80:00:00:80:D2:80:00:00:80:CF:00:00:00:80:AA:80:00:00:80:BA:40:00:00:80:CF:C0:00:00:80:CF:C0:00:00:80:CC:80:00:00:80:CE:00:00:00:80:C6:00:00:00:80:C4:00:00:00:80:CE:40:88:F6:C0:00:FF:FF:00:00:00:AB:10:45:46]
[53:48:DA:00:C8:05:23:00:00:80:CA:C0:00:00:80:CA:00:00:00:80:CF:C0:00:00:80:D1:80:00:00:80:D0:00:00:00:80:D5:00:00:00:80:CF:40:00:00:80:D0:C0:00:00:80:D1:00:00:00:80:CE:00:00:00:80:CB:80:00:00:80:D1:40:00:00:80:D0:40:00:00:80:D0:80:00:00:80:D2:80:00:00:80:D1:00:00:00:80:D1:C0:00:00:80:CE:00:00:00:80:BE:00:00:00:80:C4:00:89:01:40:00:FF:FF:00:00:00:AB:10:45:46]
[53:48:DA:00:C8:05:24:00:00:80:CD:40:00:00:80:D1:40:00:00:80:D0:80:00:00:80:C0:00:00:00:80:1D:00:00:00:80:CF:C0:00:00:80:D0:80:00:00:80:C2:C0:00:00:80:C9:40:00:00:80:C9:00:00:00:80:D3:80:00:00:80:BC:80:00:00:80:D1:80:00:00:80:CE:00:00:00:80:D1:00:00:00:80:CE:00:00:00:80:CE:80:00:00:80:CB:C0:00:00:80:C2:40:00:00:80:CC:C0:88:ED:80:00:FF:FF:00:00:00:AB:10:45:46]
[53:48:DA:00:C8:05:25:00:00:80:D2:40:00:00:80:D2:40:00:00:80:C8:C0:00:00:80:BF:C0:00:00:80:B9:40:00:00:80:CE:00:00:00:80:C8:80:00:00:80:CF:80:00:00:80:CA:40:00:00:80:C4:40:00:00:80:D4:00:00:00:80:CE:C0:00:00:80:D0:80:00:00:80:D1:80:00:00:80:C4:00:00:00:80:CB:00:00:00:80:C9:80:00:00:80:D1:C0:00:00:80:D3:00:00:00:80:D1:40:88:FE:00:00:FF:FF:00:00:00:AB:10:45:46]
[53:48:DA:00:C8:05:26:00:00:80:D1:40:00:00:80:D0:80:00:00:80:D2:C0:00:00:80:19:C0:00:00:80:D0:80:00:00:80:D1:00:00:00:80:D0:00:00:00:80:CE:00:00:00:80:CB:C0:00:00:80:D0:C0:00:00:80:C7:40:00:00:80:CE:00:00:00:80:D0:C0:00:00:80:BC:40:00:00:80:CF:00:00:00:80:CC:00:00:00:80:BE:00:00:00:80:CD:40:00:00:80:D3:00:00:00:80:C5:C0:88:E2:00:00:FF:FF:00:00:00:AB:10:45:46]
[53:48:DA:00:C8:05:27:00:00:80:CE:00:00:00:80:D3:C0:00:00:80:CF:40:00:00:80:CF:40:00:00:80:CF:C0:00:00:80:CD:00:00:00:80:D2:80:00:00:80:CE:C0:00:00:80:CD:00:00:00:80:D0:80:00:00:80:B8:40:00:00:80:D2:80:00:00:80:C7:40:00:00:80:C2:C0:00:00:80:CE:80:00:00:80:CF:C0:00:00:80:CF:C0:00:00:80:D0:80:00:00:80:CF:80:00:00:80:D3:00:88:E6:40:00:FF:FF:00:00:00:AB:10:45:46]
[53:48:DA:00:C8:05:28:00:00:80:D0:80:00:00:80:C9:C0:00:00:80:36:40:00:00:80:CB:80:00:00:80:CE:40:00:00:80:CE:80:00:00:80:C8:C0:00:00:80:CE:00:00:00:80:D0:00:00:00:80:C1:40:00:00:80:CF:40:00:00:80:D0:40:00:00:80:CD:40:00:00:80:CF:00:00:00:80:CE:00:00:00:80:CC:40:00:00:80:C7:C0:00:00:80:CF:80:00:00:80:D0:C0:00:00:80:CC:00:88:F3:C0:00:FF:FF:00:00:00:AB:10:45:46]
[53:48:DA:00:C8:05:29:00:00:80:D0:80:00:00:80:C7:80:00:00:80:CF:80:00:00:80:C1:C0:00:00:80:CC:C0:00:00:80:D1:C0:00:00:80:D1:00:00:00:80:D0:C0:00:00:80:C9:40:00:00:80:CF:00:00:00:80:CD:40:00:00:80:D1:40:00:00:80:CF:00:00:00:80:CF:40:00:00:80:CF:C0:00:00:80:CF:00:00:00:80:CD:80:00:00:80:CF:40:00:00:80:D3:40:00:00:80:CF:00:89:10:C0:00:FF:FF:00:00:00:AB:10:45:46]
[53:48:DA:00:C8:05:2A:00:00:80:C4:80:00:00:80:51:80:00:00:80:CF:80:00:00:80:C9:00:00:00:80:CC:C0:00:00:80:CE:80:00:00:80:CF:80:00:00:80:CC:40:00:00:80:CE:00:00:00:80:CA:40:00:00:80:CE:C0:00:00:80:CD:C0:00:00:80:CE:C0:00:00:80:CE:C0:00:00:80:C8:C0:00:00:80:D1:40:00:00:80:C8:40:00:00:80:CD:C0:00:00:80:D3:00:00:00:80:D0:40:88:F9:00:00:FF:FF:00:00:00:AB:10:45:46]
[53:48:DA:00:C8:05:2B:00:00:80:CE:C0:00:00:80:C9:80:00:00:80:D2:00:00:00:80:BA:40:00:00:80:CC:40:00:00:80:C9:80:00:00:80:CF:40:00:00:80:CE:40:00:00:80:C7:00:00:00:80:CE:80:00:00:80:CB:C0:00:00:80:C7:00:00:00:80:D2:00:00:00:80:D0:40:00:00:80:C9:40:00:00:80:CD:C0:00:00:80:CD:00:00:00:80:C7:00:00:00:80:CB:40:00:00:80:CF:40:88:EF:80:00:FF:FF:00:00:00:AB:10:45:46]
[53:48:DA:00:C8:05:2C:00:00:80:2E:00:00:00:80:CE:C0:00:00:80:C7:00:00:00:80:CB:40:00:00:80:CF:00:00:00:80:CE:40:00:00:80:C5:80:00:00:80:C8:40:00:00:80:D1:00:00:00:80:D1:40:00:00:80:D1:40:00:00:80:CE:00:00:00:80:C7:40:00:00:80:CF:40:00:00:80:CF:40:00:00:80:CE:C0:00:00:80:CC:80:00:00:80:BE:C0:00:00:80:C9:40:00:00:80:CC:80:88:FB:00:00:FF:FF:00:00:00:AB:10:45:46]
[53:48:DA:00:C8:05:2D:00:00:80:CF:00:00:00:80:CF:80:00:00:80:CC:80:00:00:80:CE:40:00:00:80:CD:80:00:00:80:CF:C0:00:00:80:C7:C0:00:00:80:B9:40:00:00:80:C4:40:00:00:80:CF:80:00:00:80:C9:40:00:00:80:BD:C0:00:00:80:D0:80:00:00:80:C8:C0:00:00:80:CB:40:00:00:80:CE:C0:00:00:80:CF:00:00:00:80:D2:00:00:00:80:C5:40:00:00:80:C2:40:88:EF:80:00:FF:FF:00:00:00:AB:10:45:46]
[53:48:DA:00:C8:05:2E:00:00:80:CB:40:00:00:80:D0:80:00:00:80:D0:00:00:00:80:D3:00:00:00:80:D0:80:00:00:80:B4:40:00:00:80:D0:40:00:00:80:CD:C0:00:00:80:CF:C0:00:00:80:D0:C0:00:00:80:CE:80:00:00:80:B3:00:00:00:80:CD:C0:00:00:80:D1:C0:00:00:80:CF:40:00:00:80:BD:C0:00:00:80:C8:40:00:00:80:CD:80:00:00:80:D2:C0:00:00:80:C6:40:88:F1:80:00:FF:FF:00:00:00:AB:10:45:46]
[53:48:DA:00:C8:05:00:00:00:00:00:00:00:00:80:D2:40:00:00:80:CA:40:00:00:80:D0:80:00:00:80:D2:00:00:00:80:CF:00:00:00:80:CA:00:00:00:80:D1:80:00:00:80:C7:C0:00:00:80:D1:C0:00:00:80:CB:40:00:00:80:CA:00:00:00:80:CC:40:00:00:80:C8:80:00:00:80:C6:C0:00:00:80:C3:80:00:00:80:C3:C0:00:00:80:C1:80:00:00:80:C3:00:00:00:80:C6:C0:88:E5:40:00:FF:FF:00:00:00:AB:10:45:46]
[53:48:DA:00:C8:05:01:00:00:80:C3:80:00:00:80:C7:40:00:00:80:C3:40:00:00:80:C5:40:00:00:80:CB:00:00:00:80:C7:C0:00:00:80:CD:C0:00:00:80:CB:40:00:00:80:CC:80:00:00:80:CD:40:00:00:80:CB:C0:00:00:80:CC:80:00:00:80:C6:80:00:00:80:BD:80:00:00:80:CA:80:00:00:80:C0:80:00:00:80:CC:C0:00:00:80:CD:00:00:00:80:CE:C0:00:00:80:CF:80:88:EE:80:00:FF:FF:00:00:00:AB:10:45:46]
[53:48:DA:00:C8:05:02:00:00:80:CD:80:00:00:80:D2:00:00:00:80:CD:80:00:00:80:C3:00:00:00:80:CF:80:00:00:80:CA:40:00:00:80:CD:40:00:00:80:CA:40:00:00:80:CD:00:00:00:80:CB:C0:00:00:80:CA:C0:00:00:80:CC:C0:00:00:80:CA:80:00:00:80:CC:C0:00:00:80:CF:40:00:00:80:CC:80:00:00:80:CE:40:00:00:80:D1:40:00:00:80:CD:80:00:00:80:CB:C0:88:E9:40:00:FF:FF:00:00:00:AB:10:45:46]
[53:48:DA:00:C8:05:03:00:00:80:D2:80:00:00:80:CE:80:00:00:80:D0:00:00:00:80:D0:00:00:00:80:CE:80:00:00:80:D0:C0:00:00:80:C9:C0:00:00:80:D1:00:00:00:80:CE:C0:00:00:80:CF:00:00:00:80:CB:C0:00:00:80:CF:C0:00:00:80:CE:C0:00:00:80:CD:00:00:00:80:D2:00:00:00:80:CC:00:00:00:80:CC:00:00:00:80:CE:C0:00:00:80:C5:C0:00:00:80:CF:80:88:E6:40:00:FF:FF:00:00:00:AB:10:45:46]
[53:48:DA:00:C8:05:04:00:00:80:CC:80:00:00:80:CF:40:00:00:80:CE:C0:00:00:80:CF:40:00:00:80:CD:80:00:00:80:CF:80:00:00:80:CA:C0:00:00:80:CC:80:00:00:80:CF:00:00:00:80:B7:C0:00:00:80:D3:00:00:00:80:CC:C0:00:00:80:CD:80:00:00:80:CF:40:00:00:80:CC:C0:00:00:80:D1:00:00:00:80:D4:00:00:00:80:D0:00:00:00:80:D2:40:00:00:80:D0:40:88:E4:40:00:FF:FF:00:00:00:AB:10:45:46]
[53:48:DA:00:C8:05:05:00:00:80:CF:40:00:00:80:CF:00:00:00:80:D2:40:00:00:80:CF:00:00:00:80:D1:40:00:00:80:C8:40:00:00:80:D0:80:00:00:80:CF:40:00:00:80:D0:00:00:00:80:CD:80:00:00:80:D2:C0:00:00:80:D1:C0:00:00:80:CB:C0:00:00:80:D2:40:00:00:80:D2:80:00:00:80:CF:80:00:00:80:CF:C0:00:00:80:CD:80:00:00:80:CF:C0:00:00:80:CD:C0:88:F1:80:00:FF:FF:00:00:00:AB:10:45:46]
[53:48:DA:00:C8:05:06:00:00:80:CD:40:00:00:80:CF:C0:00:00:80:CF:80:00:00:80:CC:40:00:00:80:CF:40:00:00:80:CB:80:00:00:80:D0:C0:00:00:80:CD:40:00:00:80:CF:C0:00:00:80:D0:00:00:00:80:CD:00:00:00:80:D0:80:00:00:80:CD:80:00:00:80:CD:C0:00:00:80:CF:00:00:00:80:CF:C0:00:00:80:D0:40:00:00:80:D4:C0:00:00:80:CD:C0:00:00:80:CC:80:88:F6:C0:00:FF:FF:00:00:00:AB:10:45:46]
[53:48:DA:00:C8:05:07:00:00:80:D3:C0:00:00:80:CB:40:00:00:80:CE:80:00:00:80:D0:00:00:00:80:C8:80:00:00:80:C8:C0:00:00:80:CA:C0:00:00:80:CE:80:00:00:80:CE:00:00:00:80:CB:40:00:00:80:CC:80:00:00:80:CD:C0:00:00:80:CC:00:00:00:80:CD:00:00:00:80:CF:00:00:00:80:CE:40:00:00:80:CF:80:00:00:80:D0:80:00:00:80:CE:C0:00:00:80:CE:00:89:08:80:00:FF:FF:00:00:00:AB:10:45:46]
[53:48:DA:00:C8:05:08:00:00:80:CE:80:00:00:80:D0:40:00:00:80:CD:40:00:00:80:CE:40:00:00:80:CA:40:00:00:80:CC:40:00:00:80:CF:C0:00:00:80:CD:C0:00:00:80:CF:80:00:00:80:CA:C0:00:00:80:CF:C0:00:00:80:D0:00:00:00:80:D0:40:00:00:80:CF:80:00:00:80:CF:40:00:00:80:D1:40:00:00:80:D9:80:00:00:80:D1:80:00:00:80:CA:C0:00:00:80:CB:40:89:03:40:00:FF:FF:00:00:00:AB:10:45:46]
[53:48:DA:00:C8:05:09:00:00:80:D2:00:00:00:80:CF:00:00:00:80:CF:40:00:00:80:C8:C0:00:00:80:CF:C0:00:00:80:CE:80:00:00:80:D1:00:00:00:80:CD:40:00:00:80:D0:80:00:00:80:CF:80:00:00:80:CF:00:00:00:80:CC:40:00:00:80:CE:40:00:00:80:D0:80:00:00:80:CD:00:00:00:80:CD:80:00:00:80:CE:C0:00:00:80:CD:00:00:00:80:CE:00:00:00:80:CE:80:88:F6:C0:00:FF:FF:00:00:00:AB:10:45:46]
[53:48:DA:00:C8:05:0A:00:00:80:CE:00:00:00:80:D4:40:00:00:80:D1:40:00:00:80:CC:C0:00:00:80:CD:C0:00:00:80:CF:C0:00:00:80:CE:C0:00:00:80:CF:00:00:00:80:CE:40:00:00:80:CD:40:00:00:80:D3:40:00:00:80:D0:40:00:00:80:D0:80:00:00:80:D3:80:00:00:80:D0:40:00:00:80:E6:80:00:00:80:D1:40:00:00:80:D2:00:00:00:80:CE:40:00:00:80:CE:80:89:1E:40:00:FF:FF:00:00:00:AB:10:45:46]
[53:48:DA:00:C8:05:0B:00:00:80:CD:40:00:00:80:CD:00:00:00:80:C8:40:00:00:80:CF:00:00:00:80:D3:00:00:00:80:CF:80:00:00:80:C5:C0:00:00:80:D1:00:00:00:80:D1:80:00:00:80:CE:00:00:00:80:D1:00:00:00:80:CB:40:00:00:80:CE:00:00:00:80:CD:00:00:00:80:D0:80:00:00:80:CF:00:00:00:80:CD:00:00:00:80:CF:00:00:00:80:CD:40:00:00:80:D4:00:89:26:80:00:FF:FF:00:00:00:AB:10:45:46]
[53:48:DA:00:C8:05:0C:00:00:80:D1:40:00:00:80:D0:C0:00:00:80:CF:40:00:00:80:CE:C0:00:00:80:D0:40:00:00:80:CF:00:00:00:80:CD:C0:00:00:80:CC:40:00:00:80:D0:80:00:00:80:CD:C0:00:00:80:CF:C0:00:00:80:D2:40:00:00:80:CF:80:00:00:80:CD:40:00:00:80:E6:00:00:00:80:CE:40:00:00:80:CF:40:00:00:80:D0:00:00:00:80:D2:40:00:00:80:CE:40:89:0A:80:00:FF:FF:00:00:00:AB:10:45:46]
[53:48:DA:00:C8:05:0D:00:00:80:CD:C0:00:00:80:CB:40:00:00:80:D1:00:00:00:80:D0:C0:00:00:80:CF:40:00:00:80:D0:00:00:00:80:CF:40:00:00:80:D0:80:00:00:80:D0:C0:00:00:80:D1:40:00:00:80:CE:C0:00:00:80:CE:40:00:00:80:CC:80:00:00:80:CD:00:00:00:80:D1:40:00:00:80:CA:C0:00:00:80:CC:00:00:00:80:CC:C0:00:00:80:CB:80:00:00:80:D0:40:89:25:80:00:FF:FF:00:00:00:AB:10:45:46]
[53:48:DA:00:C8:05:0E:00:00:80:D2:00:00:00:80:D0:40:00:00:80:D1:C0:00:00:80:C9:00:00:00:80:D1:40:00:00:80:D0:80:00:00:80:CE:80:00:00:80:CF:80:00:00:80:CF:80:00:00:80:CE:80:00:00:80:CF:80:00:00:80:CF:40:00:00:80:CE:80:00:00:80:E4:C0:00:00:80:D2:80:00:00:80:D2:80:00:00:80:D4:C0:00:00:80:CF:00:00:00:80:D2:40:00:00:80:CD:C0:89:32:C0:00:FF:FF:00:00:00:AB:10:45:46]
[53:48:DA:00:C8:05:0F:00:00:80:C9:40:00:00:80:D3:40:00:00:80:D1:C0:00:00:80:D0:C0:00:00:80:D4:00:00:00:80:CA:00:00:00:80:CB:40:00:00:80:D3:40:00:00:80:CC:C0:00:00:80:CF:40:00:00:80:D2:C0:00:00:80:CE:80:00:00:80:D0:40:00:00:80:CD:80:00:00:80:D3:80:00:00:80:CE:C0:00:00:80:D0:C0:00:00:80:CC:00:00:00:80:CD:C0:00:00:80:CE:80:89:1E:40:00:FF:FF:00:00:00:AB:10:45:46]
[53:48:DA:00:C8:05:10:00:00:80:CF:40:00:00:80:CF:80:00:00:80:D0:80:00:00:80:CF:40:00:00:80:CC:80:00:00:80:CD:C0:00:00:80:CF:C0:00:00:80:D0:40:00:00:80:CB:40:00:00:80:D0:40:00:00:80:CF:C0:00:00:80:CE:40:00:00:80:E5:40:00:00:80:CF:C0:00:00:80:CE:C0:00:00:80:CE:80:00:00:80:CE:00:00:00:80:CE:00:00:00:80:CF:C0:00:00:80:CE:40:89:27:80:00:FF:FF:00:00:00:AB:10:45:46]
[53:48:DA:00:C8:05:11:00:00:80:CF:C0:00:00:80:D2:00:00:00:80:CF:40:00:00:80:CE:40:00:00:80:CE:40:00:00:80:CE:80:00:00:80:CD:40:00:00:80:CE:00:00:00:80:D1:80:00:00:80:CD:80:00:00:80:D0:00:00:00:80:CE:00:00:00:80:C7:00:00:00:80:D1:40:00:00:80:CF:80:00:00:80:CF:80:00:00:80:D2:C0:00:00:80:CD:80:00:00:80:CC:80:00:00:80:CD:C0:89:11:C0:00:FF:FF:00:00:00:AB:10:45:46]
[53:48:DA:00:C8:05:12:00:00:80:CE:40:00:00:80:D0:40:00:00:80:D4:C0:00:00:80:CB:C0:00:00:80:CF:40:00:00:80:D1:C0:00:00:80:D2:80:00:00:80:CF:00:00:00:80:CE:80:00:00:80:CF:C0:00:00:80:D1:80:00:00:80:DE:C0:00:00:80:CE:80:00:00:80:D0:00:00:00:80:CD:C0:00:00:80:CE:00:00:00:80:CB:80:00:00:80:D2:00:00:00:80:CE:40:00:00:80:C6:00:89:1F:40:00:FF:FF:00:00:00:AB:10:45:46]
[53:48:DA:00:C8:05:13:00:00:80:D5:40:00:00:80:D4:00:00:00:80:D0:80:00:00:80:CE:40:00:00:80:CF:80:00:00:80:CF:C0:00:00:80:CA:C0:00:00:80:CD:40:00:00:80:CF:C0:00:00:80:CF:80:00:00:80:D0:80:00:00:80:CF:40:00:00:80:D3:00:00:00:80:D0:40:00:00:80:CF:00:00:00:80:D2:80:00:00:80:CF:40:00:00:80:CF:C0:00:00:80:CE:40:00:00:80:D0:C0:88:FE:00:00:FF:FF:00:00:00:AB:10:45:46]
[53:48:DA:00:C8:05:14:00:00:80:D0:80:00:00:80:D2:00:00:00:80:D2:80:00:00:80:CC:80:00:00:80:CE:00:00:00:80:D2:80:00:00:80:CD:80:00:00:80:D0:00:00:00:80:CE:00:00:00:80:CE:C0:00:00:80:E3:40:00:00:80:CF:80:00:00:80:CC:00:00:00:80:D0:C0:00:00:80:CF:80:00:00:80:D0:C0:00:00:80:CE:80:00:00:80:CD:80:00:00:80:C5:C0:00:00:80:C6:80:89:08:80:00:FF:FF:00:00:00:AB:10:45:46]
[53:48:DA:00:C8:05:15:00:00:80:D2:00:00:00:80:D1:40:00:00:80:CB:C0:00:00:80:C4:C0:00:00:80:CE:00:00:00:80:D1:00:00:00:80:CE:40:00:00:80:CE:C0:00:00:80:CD:C0:00:00:80:CF:00:00:00:80:D0:C0:00:00:80:CF:80:00:00:80:CF:40:00:00:80:CC:C0:00:00:80:D0:C0:00:00:80:D0:40:00:00:80:CD:80:00:00:80:CD:40:00:00:80:CE:00:00:00:80:D1:80:89:2D:C0:00:FF:FF:00:00:00:AB:10:45:46]
[53:48:DA:00:C8:05:16:00:00:80:CD:80:00:00:80:CF:C0:00:00:80:D0:C0:00:00:80:CC:C0:00:00:80:CD:80:00:00:80:D1:C0:00:00:80:CF:C0:00:00:80:B6:40:00:00:80:CE:40:00:00:80:E1:C0:00:00:80:CE:80:00:00:80:CE:C0:00:00:80:CE:C0:00:00:80:D1:40:00:00:80:CF:00:00:00:80:CF:00:00:00:80:D2:00:00:00:80:C4:80:00:00:80:D3:40:00:00:80:CC:C0:89:0D:80:00:FF:FF:00:00:00:AB:10:45:46]
[53:48:DA:00:C8:05:17:00:00:80:CF:80:00:00:80:D1:80:00:00:80:CF:00:00:00:80:CA:00:00:00:80:CF:00:00:00:80:D0:40:00:00:80:D0:C0:00:00:80:CF:C0:00:00:80:CF:00:00:00:80:CE:C0:00:00:80:C8:00:00:00:80:C4:00:00:00:80:CB:40:00:00:80:CC:00:00:00:80:CE:C0:00:00:80:CE:00:00:00:80:CF:40:00:00:80:CB:80:00:00:80:CC:80:00:00:80:CF:80:89:22:40:00:FF:FF:00:00:00:AB:10:45:46]
[53:48:DA:00:C8:05:18:00:00:80:CE:00:00:00:80:D2:80:00:00:80:CD:C0:00:00:80:C9:C0:00:00:80:CE:C0:00:00:80:CF:40:00:00:80:CD:40:00:00:80:CD:40:00:00:80:CE:00:00:00:80:CE:00:00:00:80:CF:40:00:00:80:C9:C0:00:00:80:CE:40:00:00:80:D0:C0:00:00:80:CF:80:00:00:80:CC:40:00:00:80:C9:80:00:00:80:CF:40:00:00:80:D1:C0:00:00:80:CF:40:89:20:40:00:FF:FF:00:00:00:AB:10:45:46]
[53:48:DA:00:C8:05:19:00:00:80:CD:00:00:00:80:CF:00:00:00:80:CF:40:00:00:80:CF:C0:00:00:80:D0:40:00:00:80:CC:80:00:00:80:CA:00:00:00:80:CA:40:00:00:80:CC:C0:00:00:80:CB:00:00:00:80:CA:00:00:00:80:CF:C0:00:00:80:CF:40:00:00:80:CB:C0:00:00:80:CF:40:00:00:80:C9:C0:00:00:80:CB:80:00:00:80:D1:00:00:00:80:CF:C0:00:00:80:CA:00:89:10:C0:00:FF:FF:00:00:00:AB:10:45:46]
[53:48:DA:00:C8:05:1A:00:00:80:D1:C0:00:00:80:CD:00:00:00:80:D5:00:00:00:80:EA:C0:00:00:81:09:80:00:00:81:25:40:00:00:81:47:40:00:00:81:6C:00:00:00:81:8C:80:00:00:81:77:00:00:00:82:34:C0:00:00:82:6D:40:00:00:84:75:40:00:00:83:9A:80:00:00:85:2A:C0:00:00:85:13:00:00:00:86:2A:80:00:00:85:F6:40:00:00:85:63:00:00:00:86:13:00:89:3F:40:00:FF:FF:00:00:00:AB:10:45:46]
[53:48:DA:00:C8:05:1B:00:00:84:1C:40:00:00:84:B0:40:00:00:85:B2:80:00:00:86:BC:40:00:00:86:E5:C0:00:00:84:1B:00:00:00:83:18:80:00:00:84:7E:40:00:00:84:02:00:00:00:83:72:40:00:00:85:EA:00:00:00:86:E5:40:00:00:84:4D:C0:00:00:84:CE:00:00:00:83:63:80:00:00:88:29:40:00:00:89:09:40:00:00:87:F2:00:00:00:8E:94:C0:00:00:8C:53:40:89:11:C0:00:FF:FF:00:00:00:AB:10:45:46]
[53:48:DA:00:C8:05:1C:00:00:8C:FB:40:00:00:8D:65:00:00:00:89:5A:40:00:00:8C:A5:40:00:00:8C:21:80:00:00:8D:B8:40:00:00:90:83:40:00:00:8B:28:40:00:00:8A:8A:00:00:00:8E:D8:40:00:00:8F:71:00:00:00:8A:DB:00:00:00:8D:60:C0:00:00:8B:57:80:00:00:8C:94:C0:00:00:8E:95:40:00:00:87:B1:80:00:00:8D:02:C0:00:00:8A:92:40:00:00:88:5C:00:89:1F:40:00:FF:FF:00:00:00:AB:10:45:46]
[53:48:DA:00:C8:05:1D:00:00:8B:A0:C0:00:00:8E:A7:C0:00:00:8A:F7:00:00:00:8B:4F:00:00:00:8B:E7:C0:00:00:8D:2B:80:00:00:89:13:80:00:00:87:25:40:00:00:8A:28:80:00:00:8A:FC:40:00:00:8D:29:C0:00:00:8A:E8:40:00:00:8D:55:C0:00:00:8B:6F:80:00:00:88:A6:00:00:00:89:DA:40:00:00:89:C0:80:00:00:88:6D:C0:00:00:8A:3A:C0:00:00:8D:86:C0:89:26:80:00:FF:FF:00:00:00:AB:10:45:46]
[53:48:DA:00:C8:05:1E:00:00:8C:3F:40:00:00:8A:A5:C0:00:00:88:F0:40:00:00:8E:D6:C0:00:00:8A:54:80:00:00:88:98:80:00:00:89:9C:80:00:00:8B:3A:40:00:00:87:E4:00:00:00:89:85:C0:00:00:86:D2:40:00:00:8A:64:40:00:00:87:08:40:00:00:8A:73:40:00:00:87:6E:C0:00:00:8A:09:80:00:00:88:9A:C0:00:00:89:83:80:00:00:87:B9:80:00:00:87:18:C0:89:3D:40:00:FF:FF:00:00:00:AB:10:45:46]
[53:48:DA:00:C8:05:1F:00:00:86:CD:80:00:00:86:54:40:00:00:85:93:C0:00:00:89:EB:40:00:00:86:93:80:00:00:87:37:80:00:00:86:2D:C0:00:00:87:B6:C0:00:00:86:85:00:00:00:85:53:40:00:00:87:30:80:00:00:85:6F:40:00:00:87:EF:40:00:00:86:0A:00:00:00:86:1A:C0:00:00:83:E1:00:00:00:86:F7:C0:00:00:84:6E:80:00:00:84:30:80:00:00:84:2B:00:89:38:00:00:FF:FF:00:00:00:AB:10:45:46]
[53:48:DA:00:C8:05:20:00:00:83:AC:C0:00:00:85:7A:80:00:00:83:DC:00:00:00:84:11:C0:00:00:83:AF:80:00:00:82:A7:40:00:00:82:D2:40:00:00:82:26:80:00:00:83:12:00:00:00:82:0F:40:00:00:81:BD:80:00:00:81:B5:00:00:00:81:E9:40:00:00:81:84:C0:00:00:81:39:40:00:00:81:85:80:00:00:81:7A:40:00:00:81:07:80:00:00:81:09:C0:00:00:81:2F:40:89:29:80:00:FF:FF:00:00:00:AB:10:45:46]
[53:48:DA:00:C8:05:21:00:00:80:FC:00:00:00:81:0B:80:00:00:80:FE:C0:00:00:80:EE:C0:00:00:80:D6:80:00:00:80:D2:00:00:00:80:C7:40:00:00:80:C5:00:00:00:80:D0:C0:00:00:80:CA:80:00:00:80:C6:80:00:00:80:BC:40:00:00:80:BC:80:00:00:80:C1:80:00:00:80:C6:80:00:00:80:C5:C0:00:00:80:C5:40:00:00:80:C4:00:00:00:80:C4:C0:00:00:80:C2:40:89:29:80:00:FF:FF:00:00:00:AB:10:45:46]
[53:48:DA:00:C8:05:22:00:00:80:C1:80:00:00:80:C4:00:00:00:80:C1:80:00:00:80:C0:00:00:00:80:BC:40:00:00:80:B6:00:00:00:80:B8:00:00:00:80:B3:00:00:00:80:B0:00:00:00:80:AC:40:00:00:80:AD:00:00:00:80:9F:00:00:00:80:A8:80:00:00:80:6C:40:00:00:80:7A:00:00:00:80:74:80:00:00:80:46:00:00:00:80:A3:80:00:00:80:A6:80:00:00:80:91:C0:89:32:C0:00:FF:FF:00:00:00:AB:10:45:46]
[53:48:DA:00:C8:05:23:00:00:80:78:40:00:00:80:9D:C0:00:00:80:AC:80:00:00:80:B3:40:00:00:80:C9:C0:00:00:80:C4:00:00:00:80:BD:80:00:00:80:CC:40:00:00:80:CD:00:00:00:80:B9:00:00:00:80:B2:00:00:00:80:C7:C0:00:00:80:CD:00:00:00:80:D2:00:00:00:80:CD:C0:00:00:80:B9:80:00:00:80:BA:40:00:00:80:C6:C0:00:00:80:CB:40:00:00:80:CB:00:89:25:80:00:FF:FF:00:00:00:AB:10:45:46]
[53:48:DA:00:C8:05:24:00:00:80:C2:00:00:00:80:CB:40:00:00:80:CD:40:00:00:80:B5:40:00:00:80:AB:80:00:00:80:D2:40:00:00:80:D1:00:00:00:80:CA:80:00:00:80:D2:80:00:00:80:C0:40:00:00:80:CE:40:00:00:80:C4:40:00:00:80:B4:40:00:00:80:C5:40:00:00:80:CE:80:00:00:80:B8:C0:00:00:80:CE:80:00:00:80:CC:80:00:00:80:C9:80:00:00:80:D3:C0:89:26:80:00:FF:FF:00:00:00:AB:10:45:46]
[53:48:DA:00:C8:05:25:00:00:80:D3:80:00:00:80:B0:80:00:00:80:C9:80:00:00:80:C7:40:00:00:80:D6:40:00:00:80:D3:00:00:00:80:D1:40:00:00:80:C6:C0:00:00:80:C9:C0:00:00:80:CB:00:00:00:80:D4:00:00:00:80:C9:80:00:00:80:CD:80:00:00:80:C2:80:00:00:80:D5:80:00:00:80:D1:00:00:00:80:D4:40:00:00:80:C1:80:00:00:80:D4:00:00:00:80:C3:00:89:3C:40:00:FF:FF:00:00:00:AB:10:45:46]
[53:48:DA:00:C8:05:26:00:00:80:D5:80:00:00:80:D7:C0:00:00:80:CA:40:00:00:80:BC:40:00:00:80:C7:80:00:00:80:CE:C0:00:00:80:CF:C0:00:00:80:CC:80:00:00:80:D0:40:00:00:80:B8:80:00:00:80:C2:40:00:00:80:D0:00:00:00:80:D3:40:00:00:80:D0:80:00:00:80:D0:C0:00:00:80:D0:40:00:00:80:D5:40:00:00:80:D4:00:00:00:80:C7:80:00:00:80:D1:40:89:23:40:00:FF:FF:00:00:00:AB:10:45:46]
[53:48:DA:00:C8:05:27:00:00:80:8D:80:00:00:80:D0:00:00:00:80:C8:00:00:00:80:C4:80:00:00:80:D3:80:00:00:80:D2:80:00:00:80:D1:80:00:00:80:B2:C0:00:00:80:BB:80:00:00:80:C1:40:00:00:80:D3:00:00:00:80:CF:80:00:00:80:D0:00:00:00:80:D0:40:00:00:80:D0:C0:00:00:80:CE:80:00:00:80:B9:00:00:00:80:C4:C0:00:00:80:D3:40:00:00:80:D4:80:89:1B:00:00:FF:FF:00:00:00:AB:10:45:46]
[53:48:DA:00:C8:05:28:00:00:80:CD:C0:00:00:80:CC:80:00:00:80:BD:80:00:00:80:D3:40:00:00:80:C2:40:00:00:80:D1:00:00:00:80:C9:40:00:00:80:BE:80:00:00:80:BF:00:00:00:80:CC:80:00:00:80:D0:40:00:00:80:CE:80:00:00:80:CC:00:00:00:80:C0:80:00:00:80:BC:C0:00:00:80:D0:C0:00:00:80:CE:C0:00:00:80:CE:C0:00:00:80:C7:40:00:00:80:AD:00:89:26:80:00:FF:FF:00:00:00:AB:10:45:46]
[53:48:DA:00:C8:05:29:00:00:80:D1:40:00:00:80:D4:40:00:00:80:D0:00:00:00:80:CA:C0:00:00:80:BB:80:00:00:80:C4:40:00:00:80:D2:40:00:00:80:CE:40:00:00:80:C7:80:00:00:80:CA:C0:00:00:80:B7:80:00:00:80:CE:40:00:00:80:C6:80:00:00:80:C9:40:00:00:80:CE:40:00:00:80:CB:C0:00:00:80:CC:40:00:00:80:C4:80:00:00:80:CD:80:00:00:80:C3:80:89:2A:80:00:FF:FF:00:00:00:AB:10:45:46]
[53:48:DA:00:C8:05:2A:00:00:80:CB:80:00:00:80:CB:40:00:00:80:CC:40:00:00:80:CB:40:00:00:80:CC:40:00:00:80:CD:80:00:00:80:CB:C0:00:00:80:CE:80:00:00:80:CC:80:00:00:80:B8:00:00:00:80:C6:C0:00:00:80:CD:C0:00:00:80:BC:40:00:00:80:CC:C0:00:00:80:C8:C0:00:00:80:C1:00:00:00:80:C6:40:00:00:80:D0:C0:00:00:80:D1:80:00:00:80:8A:C0:89:23:40:00:FF:FF:00:00:00:AB:10:45:46]
[53:48:DA:00:C8:05:2B:00:00:80:D0:40:00:00:80:CD:80:00:00:80:CB:C0:00:00:80:C6:80:00:00:80:CD:00:00:00:80:D5:C0:00:00:80:D1:C0:00:00:80:CF:40:00:00:80:C6:40:00:00:80:CF:80:00:00:80:C7:C0:00:00:80:D0:80:00:00:80:CF:00:00:00:80:D0:00:00:00:80:D1:00:00:00:80:D3:40:00:00:80:C2:00:00:00:80:C8:40:00:00:80:BF:00:00:00:80:CB:40:89:27:80:00:FF:FF:00:00:00:AB:10:45:46]
[53:48:DA:00:C8:05:2C:00:00:80:D1:80:00:00:80:D1:40:00:00:80:CE:00:00:00:80:C3:80:00:00:80:CB:00:00:00:80:D0:80:00:00:80:CF:C0:00:00:80:D2:C0:00:00:80:CA:00:00:00:80:C7:C0:00:00:80:C8:00:00:00:80:D0:00:00:00:80:CF:40:00:00:80:D1:40:00:00:80:D0:C0:00:00:80:D1:80:00:00:80:CE:80:00:00:80:D1:40:00:00:80:93:80:00:00:80:C6:C0:89:2C:C0:00:FF:FF:00:00:00:AB:10:45:46]
[53:48:DA:00:C8:05:2D:00:00:80:D0:00:00:00:80:CF:40:00:00:80:D0:C0:00:00:80:CF:40:00:00:80:CA:80:00:00:80:CF:80:00:00:80:CE:40:00:00:80:CF:80:00:00:80:D1:40:00:00:80:CC:80:00:00:80:CB:C0:00:00:80:D1:C0:00:00:80:D0:00:00:00:80:D2:00:00:00:80:CC:40:00:00:80:CD:40:00:00:80:CA:80:00:00:80:CE:00:00:00:80:D0:40:00:00:80:CE:C0:89:30:C0:00:FF:FF:00:00:00:AB:10:45:46]
[53:48:DA:00:C8:05:2E:00:00:80:CD:40:00:00:80:CF:40:00:00:80:CD:C0:00:00:80:C2:80:00:00:80:D1:C0:00:00:80:CF:C0:00:00:80:CE:C0:00:00:80:CF:40:00:00:80:D0:00:00:00:80:D0:80:00:00:80:CE:C0:00:00:80:CA:C0:00:00:80:D0:00:00:00:80:D2:40:00:00:80:D1:00:00:00:80:D3:80:00:00:80:CF:00:00:00:80:AA:80:00:00:80:CC:C0:00:00:80:D0:40:89:21:40:00:FF:FF:00:00:00:AB:10:45:46]
[53:48:DA:00:C8:05:2F:00:00:80:CD:C0:00:00:80:D3:00:00:00:80:C4:40:00:00:80:C9:80:00:00:80:CE:C0:00:00:80:CE:40:00:00:80:D1:00:00:00:80:C4:80:00:00:80:D4:80:00:00:80:D1:00:00:00:80:CF:80:00:00:80:C9:40:00:00:80:C8:C0:00:00:80:CA:00:00:00:80:CF:40:00:00:80:CD:80:00:00:80:CF:C0:00:00:80:CC:00:00:00:80:D0:40:00:00:80:D1:C0:89:47:80:00:FF:FF:00:00:00:AB:10:45:46]
[53:48:DA:00:C8:05:30:00:00:80:CE:C0:00:00:80:CE:80:00:00:80:CF:00:00:00:80:C9:40:00:00:80:CF:00:00:00:80:CF:C0:00:00:80:D3:C0:00:00:80:CD:80:00:00:80:CC:C0:00:00:80:D2:00:00:00:80:CF:80:00:00:80:C2:40:00:00:80:CD:80:00:00:80:CA:40:00:00:80:CF:80:00:00:80:CF:80:00:00:80:AC:40:00:00:80:CC:C0:00:00:80:C9:C0:00:00:80:C7:C0:89:27:80:00:FF:FF:00:00:00:AB:10:45:46]
[53:48:DA:00:C8:05:31:00:00:80:CF:00:00:00:80:CD:C0:00:00:80:D1:40:00:00:80:CB:80:00:00:80:C9:80:00:00:80:CF:00:00:00:80:CB:00:00:00:80:CD:00:00:00:80:CD:80:00:00:80:CE:00:00:00:80:C8:80:00:00:80:C9:80:00:00:80:D1:80:00:00:80:D0:40:00:00:80:CE:80:00:00:80:C6:80:00:00:80:CB:40:00:00:80:CA:40:00:00:80:D1:80:00:00:80:D0:80:89:3E:40:00:FF:FF:00:00:00:AB:10:45:46]
[53:48:DA:00:C8:05:32:00:00:80:CC:C0:00:00:80:D0:80:00:00:80:D1:00:00:00:80:CD:40:00:00:80:CD:40:00:00:80:C9:40:00:00:80:D0:C0:00:00:80:D2:00:00:00:80:D1:00:00:00:80:D0:40:00:00:80:CC:40:00:00:80:C6:C0:00:00:80:C7:00:00:00:80:D1:80:00:00:80:CF:40:00:00:80:9E:C0:00:00:80:CC:00:00:00:80:C7:40:00:00:80:C8:80:00:00:80:CC:40:89:29:80:00:FF:FF:00:00:00:AB:10:45:46]
[53:48:DA:00:C8:05:33:00:00:80:CB:C0:00:00:80:CD:40:00:00:80:C7:C0:00:00:80:CD:C0:00:00:80:D0:80:00:00:80:CE:40:00:00:80:CF:80:00:00:80:CF:00:00:00:80:C9:C0:00:00:80:CD:00:00:00:80:CF:00:00:00:80:CE:40:00:00:80:C8:40:00:00:80:CE:00:00:00:80:CF:80:00:00:80:D1:80:00:00:80:CA:C0:00:00:80:CF:40:00:00:80:CA:80:00:00:80:CF:C0:89:22:40:00:FF:FF:00:00:00:AB:10:45:46]
[53:48:DA:00:C8:05:34:00:00:80:CC:80:00:00:80:CF:C0:00:00:80:BF:40:00:00:80:C8:40:00:00:80:D0:00:00:00:80:D0:80:00:00:80:CE:40:00:00:80:D0:C0:00:00:80:CE:80:00:00:80:CD:80:00:00:80:D0:00:00:00:80:D3:00:00:00:80:D0:00:00:00:80:CF:40:00:00:80:A9:80:00:00:80:D1:40:00:00:80:CF:40:00:00:80:CE:40:00:00:80:CD:00:00:00:80:CF:00:89:25:80:00:FF:FF:00:00:00:AB:10:45:46]
[53:48:DA:00:C8:05:35:00:00:80:C8:00:00:00:80:CC:C0:00:00:80:D0:00:00:00:80:D0:C0:00:00:80:D0:80:00:00:80:CB:00:00:00:80:C0:C0:00:00:80:C1:C0:00:00:80:CC:40:00:00:80:CF:00:00:00:80:CF:C0:00:00:80:CD:C0:00:00:80:C9:80:00:00:80:CF:00:00:00:80:CB:C0:00:00:80:CF:00:00:00:80:CF:C0:00:00:80:CE:80:00:00:80:C6:80:00:00:80:CB:00:89:2A:80:00:FF:FF:00:00:00:AB:10:45:46]
[53:48:DA:00:C8:05:36:00:00:80:D0:C0:00:00:80:CF:40:00:00:80:C9:C0:00:00:80:C6:40:00:00:80:CE:80:00:00:80:C7:C0:00:00:80:CA:C0:00:00:80:C5:00:00:00:80:CD:80:00:00:80:CD:40:00:00:80:C4:00:00:00:80:D2:80:00:00:80:CC:80:00:00:80:92:40:00:00:80:CF:40:00:00:80:CE:40:00:00:80:CF:C0:00:00:80:C9:40:00:00:80:C5:00:00:00:80:C9:00:89:29:80:00:FF:FF:00:00:00:AB:10:45:46]
[53:48:DA:00:C8:05:37:00:00:80:CF:40:00:00:80:CC:40:00:00:80:CD:40:00:00:80:CC:40:00:00:80:CE:40:00:00:80:D0:00:00:00:80:D0:00:00:00:80:CC:00:00:00:80:CF:C0:00:00:80:D0:C0:00:00:80:D1:80:00:00:80:D1:40:00:00:80:CB:00:00:00:80:CE:C0:00:00:80:C4:C0:00:00:80:CE:40:00:00:80:CD:00:00:00:80:CE:00:00:00:80:CF:80:00:00:80:CC:00:89:25:80:00:FF:FF:00:00:00:AB:10:45:46]
[53:48:DA:00:C8:05:38:00:00:80:D3:00:00:00:80:CC:80:00:00:80:CF:C0:00:00:80:CE:00:00:00:80:D0:C0:00:00:80:CF:40:00:00:80:CD:40:00:00:80:C9:C0:00:00:80:CB:40:00:00:80:CF:80:00:00:80:D1:40:00:00:80:CD:40:00:00:80:A4:C0:00:00:80:CA:40:00:00:80:CF:C0:00:00:80:CD:00:00:00:80:C9:40:00:00:80:CE:80:00:00:80:CB:C0:00:00:80:CB:40:89:38:00:00:FF:FF:00:00:00:AB:10:45:46]
[53:48:DA:00:C8:05:39:00:00:80:CA:C0:00:00:80:CF:C0:00:00:80:D2:80:00:00:80:CD:80:00:00:80:D0:40:00:00:80:CD:40:00:00:80:CA:40:00:00:80:CD:C0:00:00:80:D0:80:00:00:80:CF:40:00:00:80:D0:80:00:00:80:D0:00:00:00:80:CF:00:00:00:80:CD:00:00:00:80:CA:C0:00:00:80:D0:C0:00:00:80:D0:80:00:00:80:CF:C0:00:00:80:CF:C0:00:00:80:CB:00:89:45:80:00:FF:FF:00:00:00:AB:10:45:46]
[53:48:DA:00:C8:05:3A:00:00:80:CF:80:00:00:80:C1:40:00:00:80:CD:80:00:00:80:D0:00:00:00:80:D2:00:00:00:80:D0:C0:00:00:80:CE:C0:00:00:80:D1:C0:00:00:80:D1:40:00:00:80:D0:C0:00:00:80:CB:80:00:00:80:A3:C0:00:00:80:D1:C0:00:00:80:D2:40:00:00:80:CF:C0:00:00:80:CB:40:00:00:80:CF:C0:00:00:80:D0:00:00:00:80:CD:C0:00:00:80:C7:80:89:1D:00:00:FF:FF:00:00:00:AB:10:45:46]
[53:48:DA:00:C8:05:3B:00:00:80:D1:C0:00:00:80:D2:00:00:00:80:CC:80:00:00:80:CF:00:00:00:80:D1:40:00:00:80:C6:C0:00:00:80:D1:00:00:00:80:CE:00:00:00:80:CE:80:00:00:80:D1:00:00:00:80:D1:40:00:00:80:CF:80:00:00:80:CC:00:00:00:80:D2:80:00:00:80:CF:00:00:00:80:CD:40:00:00:80:CE:40:00:00:80:CD:00:00:00:80:C9:00:00:00:80:CF:40:89:32:C0:00:FF:FF:00:00:00:AB:10:45:46]
[53:48:DA:00:C8:05:3C:00:00:80:CE:80:00:00:80:D0:80:00:00:80:CC:40:00:00:80:CF:00:00:00:80:CF:C0:00:00:80:D1:C0:00:00:80:CD:C0:00:00:80:D0:00:00:00:80:CF:C0:00:00:80:C4:40:00:00:80:AE:40:00:00:80:CE:00:00:00:80:CF:C0:00:00:80:CD:C0:00:00:80:C9:40:00:00:80:CC:80:00:00:80:CF:00:00:00:80:D0:00:00:00:80:CD:40:00:00:80:CC:C0:89:55:00:00:FF:FF:00:00:00:AB:10:45:46]
[53:48:DA:00:C8:05:3D:00:00:80:D0:C0:00:00:80:CE:80:00:00:80:C9:40:00:00:80:CE:40:00:00:80:CF:40:00:00:80:D0:00:00:00:80:D2:80:00:00:80:C8:C0:00:00:80:CB:00:00:00:80:D1:80:00:00:80:D1:40:00:00:80:CC:C0:00:00:80:D1:C0:00:00:80:C7:C0:00:00:80:D4:80:00:00:80:C8:80:00:00:80:C9:80:00:00:80:C9:80:00:00:80:CD:C0:00:00:80:D1:00:89:5A:40:00:FF:FF:00:00:00:AB:10:45:46]
[53:48:DA:00:C8:05:3E:00:00:80:CC:80:00:00:80:CE:40:00:00:80:CE:C0:00:00:80:CE:80:00:00:80:CC:80:00:00:80:C8:40:00:00:80:CE:80:00:00:80:CE:80:00:00:80:CE:80:00:00:80:BF:80:00:00:80:CD:80:00:00:80:CF:00:00:00:80:D0:80:00:00:80:CC:C0:00:00:80:CE:80:00:00:80:D0:80:00:00:80:CD:40:00:00:80:C7:00:00:00:80:D1:C0:00:00:80:D1:80:89:30:C0:00:FF:FF:00:00:00:AB:10:45:46]
[53:48:DA:00:C8:05:3F:00:00:80:CA:40:00:00:80:CD:80:00:00:80:CE:00:00:00:80:D0:C0:00:00:80:C4:80:00:00:80:CF:40:00:00:80:CE:00:00:00:80:CD:00:00:00:80:CF:00:00:00:80:CF:40:00:00:80:CE:C0:00:00:80:CA:C0:00:00:80:CC:C0:00:00:80:CF:40:00:00:80:CF:C0:00:00:80:CD:00:00:00:80:CA:40:00:00:80:CD:C0:00:00:80:CC:C0:00:00:80:D0:80:89:2D:C0:00:FF:FF:00:00:00:AB:10:45:46]
[53:48:DA:00:C8:05:40:00:00:80:C3:00:00:00:80:D0:00:00:00:80:CD:40:00:00:80:C6:80:00:00:80:CD:C0:00:00:80:D2:00:00:00:80:CF:40:00:00:80:CF:C0:00:00:80:C6:80:00:00:80:D0:40:00:00:80:CE:00:00:00:80:CE:80:00:00:80:CB:C0:00:00:80:CF:C0:00:00:80:CC:C0:00:00:80:CC:00:00:00:80:C9:C0:00:00:80:CA:80:00:00:80:CC:00:00:00:80:CE:00:89:28:80:00:FF:FF:00:00:00:AB:10:45:46]
[53:48:DA:00:C8:05:41:00:00:80:CD:00:00:00:80:CC:40:00:00:80:D2:C0:00:00:80:CE:40:00:00:80:C8:00:00:00:80:D0:C0:00:00:80:CF:00:00:00:80:D0:40:00:00:80:D0:80:00:00:80:CF:00:00:00:80:CE:00:00:00:80:CD:C0:00:00:80:CD:00:00:00:80:CF:80:00:00:80:D1:40:00:00:80:CB:80:00:00:80:CC:00:00:00:80:CA:40:00:00:80:CB:40:00:00:80:CF:80:89:46:80:00:FF:FF:00:00:00:AB:10:45:46]
[53:48:DA:00:C8:05:42:00:00:80:CF:00:00:00:80:D3:40:00:00:80:D1:40:00:00:80:CF:40:00:00:80:D0:40:00:00:80:C7:40:00:00:80:CF:80:00:00:80:CD:00:00:00:80:BC:40:00:00:80:D1:00:00:00:80:CC:00:00:00:80:CA:80:00:00:80:D0:00:00:00:80:CC:00:00:00:80:D0:C0:00:00:80:CF:C0:00:00:80:C9:C0:00:00:80:CD:40:00:00:80:CA:C0:00:00:80:CD:80:89:2F:C0:00:FF:FF:00:00:00:AB:10:45:46]
[53:48:DA:00:C8:05:43:00:00:80:CF:40:00:00:80:C7:40:00:00:80:CF:C0:00:00:80:CE:C0:00:00:80:C8:00:00:00:80:D0:00:00:00:80:CA:00:00:00:80:CF:40:00:00:80:CE:80:00:00:80:D1:00:00:00:80:D1:00:00:00:80:CF:C0:00:00:80:C7:40:00:00:80:D0:C0:00:00:80:CE:00:00:00:80:CD:C0:00:00:80:D0:40:00:00:80:D0:80:00:00:80:CC:C0:00:00:80:CF:00:89:44:80:00:FF:FF:00:00:00:AB:10:45:46]
[53:48:DA:00:C8:05:44:00:00:80:CE:00:00:00:80:CD:C0:00:00:80:CD:00:00:00:80:CB:80:00:00:80:CD:00:00:00:80:D1:C0:00:00:80:CB:C0:00:00:80:C9:40:00:00:80:CD:C0:00:00:80:C9:C0:00:00:80:CD:80:00:00:80:D2:40:00:00:80:CD:80:00:00:80:D2:40:00:00:80:CE:00:00:00:80:CF:80:00:00:80:CC:00:00:00:80:D0:00:00:00:80:D1:00:00:00:80:D0:00:89:2A:80:00:FF:FF:00:00:00:AB:10:45:46]
[53:48:DA:00:C8:05:45:00:00:80:CF:00:00:00:80:C9:00:00:00:80:D1:C0:00:00:80:CF:C0:00:00:80:C7:C0:00:00:80:BF:40:00:00:80:CF:C0:00:00:80:D2:80:00:00:80:CC:C0:00:00:80:D0:40:00:00:80:D1:40:00:00:80:D5:00:00:00:80:CF:80:00:00:80:CE:40:00:00:80:CF:00:00:00:80:CF:00:00:00:80:D2:40:00:00:80:CD:80:00:00:80:D3:40:00:00:80:D2:40:89:32:C0:00:FF:FF:00:00:00:AB:10:45:46]
[53:48:DA:00:C8:05:46:00:00:80:D1:80:00:00:80:CF:C0:00:00:80:C5:C0:00:00:80:CE:C0:00:00:80:D0:C0:00:00:80:CF:C0:00:00:80:D1:00:00:00:80:CF:40:00:00:80:CE:00:00:00:80:C9:40:00:00:80:D0:C0:00:00:80:CC:40:00:00:80:CE:C0:00:00:80:C9:80:00:00:80:CD:C0:00:00:80:CD:80:00:00:80:CF:80:00:00:80:D1:40:00:00:80:CF:00:00:00:80:C4:C0:89:4F:C0:00:FF:FF:00:00:00:AB:10:45:46]
[53:48:DA:00:C8:05:47:00:00:80:CD:40:00:00:80:D1:80:00:00:80:CD:40:00:00:80:CA:80:00:00:80:B9:C0:00:00:80:D2:40:00:00:80:CE:80:00:00:80:CF:00:00:00:80:CE:C0:00:00:80:D0:00:00:00:80:CC:C0:00:00:80:CF:40:00:00:80:CC:40:00:00:80:D2:40:00:00:80:CA:40:00:00:80:CE:40:00:00:80:CB:C0:00:00:80:D0:80:00:00:80:D2:80:00:00:80:C9:40:89:3B:40:00:FF:FF:00:00:00:AB:10:45:46]
[53:48:DA:00:C8:05:48:00:00:80:D0:C0:00:00:80:D2:C0:00:00:80:CF:00:00:00:80:CD:80:00:00:80:CA:80:00:00:80:D2:40:00:00:80:CF:80:00:00:80:C1:40:00:00:80:CF:00:00:00:80:CF:40:00:00:80:CE:00:00:00:80:CE:00:00:00:80:CA:80:00:00:80:D0:00:00:00:80:CC:40:00:00:80:CA:00:00:00:80:CE:80:00:00:80:CF:00:00:00:80:D1:80:00:00:80:CC:00:89:39:00:00:FF:FF:00:00:00:AB:10:45:46]
[53:48:DA:00:C8:05:49:00:00:80:CE:00:00:00:80:D1:00:00:00:80:CA:00:00:00:80:9F:40:00:00:80:CF:00:00:00:80:CC:C0:00:00:80:CB:40:00:00:80:CA:80:00:00:80:D1:80:00:00:80:D1:40:00:00:80:CE:40:00:00:80:C4:40:00:00:80:CF:40:00:00:80:CE:80:00:00:80:C8:80:00:00:80:D0:00:00:00:80:D0:40:00:00:80:D3:00:00:00:80:CF:00:00:00:80:D1:40:89:35:00:00:FF:FF:00:00:00:AB:10:45:46]
[53:48:DA:00:C8:05:4A:00:00:80:D1:80:00:00:80:CF:00:00:00:80:D0:00:00:00:80:CC:40:00:00:80:CE:40:00:00:80:CE:00:00:00:80:CE:80:00:00:80:CB:80:00:00:80:CE:80:00:00:80:CD:00:00:00:80:D2:00:00:00:80:CF:C0:00:00:80:D0:40:00:00:80:D0:C0:00:00:80:D0:40:00:00:80:C9:80:00:00:80:CF:80:00:00:80:D0:00:00:00:80:D1:00:00:00:80:CF:C0:89:3D:40:00:FF:FF:00:00:00:AB:10:45:46]
[53:48:DA:00:C8:05:4B:00:00:80:CE:80:00:00:80:D1:80:00:00:80:C1:40:00:00:80:CC:40:00:00:80:D0:40:00:00:80:D0:C0:00:00:80:CD:40:00:00:80:D0:40:00:00:80:D0:40:00:00:80:D0:80:00:00:80:CD:C0:00:00:80:CE:00:00:00:80:CD:40:00:00:80:D4:80:00:00:80:D2:40:00:00:80:CB:80:00:00:80:CE:80:00:00:80:CD:80:00:00:80:D2:40:00:00:80:C2:C0:89:42:80:00:FF:FF:00:00:00:AB:10:45:46]
[53:48:DA:00:C8:05:4C:00:00:80:CD:C0:00:00:80:D3:80:00:00:80:D2:00:00:00:80:D1:00:00:00:80:D0:40:00:00:80:CF:00:00:00:80:D1:C0:00:00:80:CF:80:00:00:80:D1:C0:00:00:80:CF:00:00:00:80:CD:00:00:00:80:CF:C0:00:00:80:CF:40:00:00:80:D1:40:00:00:80:CD:40:00:00:80:D2:80:00:00:80:CE:80:00:00:80:D0:C0:00:00:80:C8:C0:00:00:80:CF:40:89:1E:40:00:FF:FF:00:00:00:AB:10:45:46]
[53:48:DA:00:C8:05:4D:00:00:80:D1:C0:00:00:80:87:00:00:00:80:C6:00:00:00:80:CC:00:00:00:80:D0:40:00:00:80:D4:00:00:00:80:CE:80:00:00:80:D1:40:00:00:80:CF:40:00:00:80:C8:C0:00:00:80:C4:80:00:00:80:CE:00:00:00:80:CF:80:00:00:80:D2:40:00:00:80:CD:80:00:00:80:CD:40:00:00:80:CD:40:00:00:80:CF:00:00:00:80:CD:40:00:00:80:D0:80:89:2B:80:00:FF:FF:00:00:00:AB:10:45:46]
[53:48:DA:00:C8:05:4E:00:00:80:D0:00:00:00:80:D0:80:00:00:80:C5:C0:00:00:80:C8:40:00:00:80:CF:40:00:00:80:CD:C0:00:00:80:B4:80:00:00:80:D2:00:00:00:80:D1:00:00:00:80:CC:40:00:00:80:D0:00:00:00:80:CC:C0:00:00:80:CD:80:00:00:80:CB:40:00:00:80:D1:40:00:00:80:CE:80:00:00:80:CE:C0:00:00:80:C9:C0:00:00:80:CF:80:00:00:80:D2:40:89:2E:C0:00:FF:FF:00:00:00:AB:10:45:46]
[53:48:DA:00:C8:05:4F:00:00:80:8A:80:00:00:80:CF:40:00:00:80:D2:C0:00:00:80:D0:80:00:00:80:C8:C0:00:00:80:CB:00:00:00:80:CD:00:00:00:80:D2:80:00:00:80:CF:80:00:00:80:CA:40:00:00:80:C7:00:00:00:80:D2:C0:00:00:80:D3:80:00:00:80:CC:00:00:00:80:D1:00:00:00:80:CE:00:00:00:80:CF:40:00:00:80:D1:80:00:00:80:CE:40:00:00:80:CF:C0:89:3C:40:00:FF:FF:00:00:00:AB:10:45:46]
[53:48:DA:00:C8:05:50:00:00:80:C6:40:00:00:80:CD:C0:00:00:80:CE:C0:00:00:80:D2:40:00:00:80:CB:80:00:00:80:D0:40:00:00:80:CD:40:00:00:80:D3:40:00:00:80:CF:80:00:00:80:D0:80:00:00:80:CD:80:00:00:80:CC:40:00:00:80:C3:40:00:00:80:C5:00:00:00:80:BC:40:00:00:80:CE:00:00:00:80:CE:40:00:00:80:CE:40:00:00:80:D1:00:00:00:80:C9:80:89:41:40:00:FF:FF:00:00:00:AB:10:45:46]
[53:48:DA:00:C8:05:51:00:00:80:D0:40:00:00:80:D1:40:00:00:80:CB:C0:00:00:80:C9:80:00:00:80:C3:80:00:00:80:D0:80:00:00:80:D0:40:00:00:80:D0:C0:00:00:80:CC:C0:00:00:80:C9:C0:00:00:80:CF:C0:00:00:80:C8:40:00:00:80:D0:00:00:00:80:D0:C0:00:00:80:CC:40:00:00:80:CF:40:00:00:80:C4:C0:00:00:80:CE:80:00:00:80:C4:40:00:00:80:D0:00:89:5D:40:00:FF:FF:00:00:00:AB:10:45:46]
[53:48:DA:00:C8:05:52:00:00:80:CF:80:00:00:80:CF:C0:00:00:80:CE:40:00:00:80:CD:80:00:00:80:C6:80:00:00:80:C6:80:00:00:80:D1:C0:00:00:80:CA:00:00:00:80:D0:80:00:00:80:CD:C0:00:00:80:C9:80:00:00:80:CE:40:00:00:80:CF:80:00:00:80:CE:C0:00:00:80:CE:C0:00:00:80:CF:80:00:00:80:CF:C0:00:00:80:CA:00:00:00:80:CF:C0:00:00:80:85:00:89:37:00:00:FF:FF:00:00:00:AB:10:45:46]
[53:48:DA:00:C8:05:53:00:00:80:CF:40:00:00:80:C8:40:00:00:80:CD:40:00:00:80:D1:40:00:00:80:D0:40:00:00:80:C6:C0:00:00:80:CE:00:00:00:80:CD:40:00:00:80:CD:40:00:00:80:CF:00:00:00:80:D0:00:00:00:80:CF:00:00:00:80:CE:00:00:00:80:CC:80:00:00:80:CC:C0:00:00:80:CF:40:00:00:80:CC:C0:00:00:80:CD:C0:00:00:80:D1:00:00:00:80:C7:40:89:2F:C0:00:FF:FF:00:00:00:AB:10:45:46]
[53:48:DA:00:C8:05:54:00:00:80:D0:80:00:00:80:CF:40:00:00:80:CC:40:00:00:80:CA:C0:00:00:80:CD:40:00:00:80:B4:C0:00:00:80:D2:40:00:00:80:D2:C0:00:00:80:CD:40:00:00:80:CC:C0:00:00:80:C6:80:00:00:80:C9:80:00:00:80:D3:40:00:00:80:D1:C0:00:00:80:CD:C0:00:00:80:CF:00:00:00:80:CE:80:00:00:80:D0:00:00:00:80:91:40:00:00:80:C9:80:89:41:40:00:FF:FF:00:00:00:AB:10:45:46]
[53:48:DA:00:C8:05:55:00:00:80:D2:00:00:00:80:D2:00:00:00:80:D0:40:00:00:80:C3:C0:00:00:80:D2:40:00:00:80:C7:00:00:00:80:CC:00:00:00:80:C3:C0:00:00:80:CE:40:00:00:80:C6:00:00:00:80:C7:40:00:00:80:C6:00:00:00:80:C9:40:00:00:80:CF:80:00:00:80:CD:40:00:00:80:CE:80:00:00:80:CC:40:00:00:80:CF:00:00:00:80:D2:00:00:00:80:CF:80:89:37:00:00:FF:FF:00:00:00:AB:10:45:46]
[53:48:DA:00:C8:05:56:00:00:80:CB:40:00:00:80:CB:80:00:00:80:CA:80:00:00:80:C4:C0:00:00:80:D2:00:00:00:80:D2:00:00:00:80:C5:40:00:00:80:D1:40:00:00:80:CD:C0:00:00:80:CF:00:00:00:80:D0:80:00:00:80:CF:00:00:00:80:C6:00:00:00:80:B7:80:00:00:80:CF:40:00:00:80:CF:00:00:00:80:CB:80:00:00:80:99:80:00:00:80:D1:80:00:00:80:CF:80:89:4B:C0:00:FF:FF:00:00:00:AB:10:45:46]
[53:48:DA:00:C8:05:57:00:00:80:C7:40:00:00:80:D3:C0:00:00:80:D4:C0:00:00:80:CD:80:00:00:80:D1:80:00:00:80:C7:40:00:00:80:CC:C0:00:00:80:CF:00:00:00:80:D1:C0:00:00:80:CF:00:00:00:80:CC:00:00:00:80:CA:80:00:00:80:CF:C0:00:00:80:CE:C0:00:00:80:CE:40:00:00:80:C2:00:00:00:80:D2:80:00:00:80:D2:80:00:00:80:D3:40:00:00:80:D1:40:89:47:80:00:FF:FF:00:00:00:AB:10:45:46]
[53:48:DA:00:C8:05:58:00:00:80:C3:80:00:00:80:D0:40:00:00:80:D0:40:00:00:80:D0:80:00:00:80:C3:80:00:00:80:C9:C0:00:00:80:CD:80:00:00:80:D2:00:00:00:80:D1:80:00:00:80:CD:80:00:00:80:C7:80:00:00:80:CD:40:00:00:80:CE:80:00:00:80:D0:40:00:00:80:CE:40:00:00:80:CC:00:00:00:80:8F:80:00:00:80:CD:80:00:00:80:CF:C0:00:00:80:CE:C0:89:2F:C0:00:FF:FF:00:00:00:AB:10:45:46]
[53:48:DA:00:C8:05:59:00:00:80:CA:80:00:00:80:C4:C0:00:00:80:C2:80:00:00:80:CC:C0:00:00:80:CE:C0:00:00:80:D0:C0:00:00:80:D3:00:00:00:80:C7:C0:00:00:80:C9:C0:00:00:80:D0:40:00:00:80:CB:00:00:00:80:C9:80:00:00:80:C9:40:00:00:80:CF:00:00:00:80:CF:80:00:00:80:D1:40:00:00:80:CE:00:00:00:80:C7:00:00:00:80:CB:00:00:00:80:CD:40:89:2F:C0:00:FF:FF:00:00:00:AB:10:45:46]
[53:48:DA:00:C8:05:5A:00:00:80:D1:C0:00:00:80:CF:C0:00:00:80:D1:C0:00:00:80:CF:80:00:00:80:C2:80:00:00:80:D2:80:00:00:80:C9:40:00:00:80:C6:40:00:00:80:C2:40:00:00:80:C6:C0:00:00:80:CA:00:00:00:80:D0:C0:00:00:80:C8:40:00:00:80:CB:40:00:00:80:CF:80:00:00:80:98:00:00:00:80:CC:80:00:00:80:CD:C0:00:00:80:C3:40:00:00:80:C3:C0:89:4D:C0:00:FF:FF:00:00:00:AB:10:45:46]
[53:48:DA:00:C8:05:5B:00:00:80:D1:C0:00:00:80:CE:C0:00:00:80:CD:80:00:00:80:CF:00:00:00:80:CE:00:00:00:80:CF:C0:00:00:80:CA:80:00:00:80:C9:00:00:00:80:C2:40:00:00:80:CE:80:00:00:80:D1:80:00:00:80:CF:80:00:00:80:C9:00:00:00:80:C3:00:00:00:80:CE:00:00:00:80:CF:00:00:00:80:CD:80:00:00:80:CF:40:00:00:80:CD:80:00:00:80:C9:00:89:49:C0:00:FF:FF:00:00:00:AB:10:45:46]
[53:48:DA:00:C8:05:5C:00:00:80:D0:80:00:00:80:D0:00:00:00:80:CF:C0:00:00:80:CC:00:00:00:80:C6:40:00:00:80:C9:00:00:00:80:CC:80:00:00:80:CF:40:00:00:80:CE:C0:00:00:80:D1:80:00:00:80:CE:80:00:00:80:CF:C0:00:00:80:BF:C0:00:00:80:D0:40:00:00:80:A4:00:00:00:80:CB:80:00:00:80:D0:80:00:00:80:CC:80:00:00:80:D0:80:00:00:80:D0:C0:89:45:80:00:FF:FF:00:00:00:AB:10:45:46]
[53:48:DA:00:C8:05:5D:00:00:80:D1:40:00:00:80:CD:40:00:00:80:CC:80:00:00:80:C2:C0:00:00:80:C6:C0:00:00:80:D1:00:00:00:80:CD:C0:00:00:80:D1:00:00:00:80:CF:80:00:00:80:C6:00:00:00:80:CC:80:00:00:80:D0:40:00:00:80:CB:C0:00:00:80:CD:80:00:00:80:D0:00:00:00:80:C4:00:00:00:80:BE:C0:00:00:80:D1:80:00:00:80:D1:40:00:00:80:D1:40:89:28:80:00:FF:FF:00:00:00:AB:10:45:46]
[53:48:DA:00:C8:05:5E:00:00:80:CE:00:00:00:80:CC:40:00:00:80:D0:C0:00:00:80:CA:C0:00:00:80:C7:00:00:00:80:D0:00:00:00:80:CE:00:00:00:80:CE:40:00:00:80:CC:00:00:00:80:CE:C0:00:00:80:C6:40:00:00:80:CF:00:00:00:80:CD:C0:00:00:80:B3:C0:00:00:80:CA:80:00:00:80:CB:C0:00:00:80:C5:C0:00:00:80:C9:C0:00:00:80:D1:40:00:00:80:D1:40:89:35:00:00:FF:FF:00:00:00:AB:10:45:46]
[53:48:DA:00:C8:05:5F:00:00:80:CA:C0:00:00:80:C5:C0:00:00:80:C9:80:00:00:80:D1:40:00:00:80:CF:40:00:00:80:CD:40:00:00:80:C5:C0:00:00:80:CC:80:00:00:80:CD:00:00:00:80:CE:80:00:00:80:D0:00:00:00:80:CE:40:00:00:80:CF:80:00:00:80:C9:00:00:00:80:CB:80:00:00:80:CC:00:00:00:80:D0:00:00:00:80:D1:80:00:00:80:CE:00:00:00:80:CE:00:89:4C:C0:00:FF:FF:00:00:00:AB:10:45:46]
[53:48:DA:00:C8:05:60:00:00:80:C7:C0:00:00:80:CA:40:00:00:80:D2:80:00:00:80:C1:00:00:00:80:C0:00:00:00:80:D1:80:00:00:80:CF:00:00:00:80:D2:00:00:00:80:C4:40:00:00:80:CC:40:00:00:80:CE:40:00:00:80:D0:80:00:00:80:CD:40:00:00:80:CB:40:00:00:80:CE:80:00:00:80:CF:00:00:00:80:CF:80:00:00:80:D0:00:00:00:80:C9:40:00:00:80:C7:00:89:52:00:00:FF:FF:00:00:00:AB:10:45:46]
[53:48:DA:00:C8:05:61:00:00:80:CE:40:00:00:80:D2:00:00:00:80:CB:C0:00:00:80:C4:80:00:00:80:D1:C0:00:00:80:CC:80:00:00:80:D2:00:00:00:80:C7:40:00:00:80:CC:80:00:00:80:D2:40:00:00:80:CF:40:00:00:80:CD:80:00:00:80:CD:00:00:00:80:CF:C0:00:00:80:CD:C0:00:00:80:CB:00:00:00:80:C9:C0:00:00:80:D0:00:00:00:80:CD:C0:00:00:80:CF:00:89:3F:40:00:FF:FF:00:00:00:AB:10:45:46]
[53:48:DA:00:C8:05:62:00:00:80:C8:00:00:00:80:CB:80:00:00:80:D1:40:00:00:80:D1:80:00:00:80:CF:00:00:00:80:CB:C0:00:00:80:D0:40:00:00:80:CF:C0:00:00:80:C8:C0:00:00:80:C9:00:00:00:80:D0:40:00:00:80:B9:00:00:00:80:CF:00:00:00:80:CF:C0:00:00:80:CD:C0:00:00:80:CA:40:00:00:80:CE:80:00:00:80:CE:80:00:00:80:CF:80:00:00:80:CC:C0:89:48:80:00:FF:FF:00:00:00:AB:10:45:46]
[53:48:DA:00:C8:05:63:00:00:80:D2:80:00:00:80:D2:40:00:00:80:CE:00:00:00:80:CD:C0:00:00:80:CF:40:00:00:80:C8:40:00:00:80:CC:40:00:00:80:CD:40:00:00:80:CE:80:00:00:80:CF:C0:00:00:80:C8:00:00:00:80:D2:C0:00:00:80:C9:40:00:00:80:C7:40:00:00:80:CB:80:00:00:80:C9:80:00:00:80:CD:40:00:00:80:D1:00:00:00:80:C7:80:00:00:80:CD:80:89:3E:40:00:FF:FF:00:00:00:AB:10:45:46]
[53:48:DA:00:C8:05:64:00:00:80:CF:80:00:00:80:D1:00:00:00:80:CD:C0:00:00:80:CD:40:00:00:80:D2:00:00:00:80:CC:40:00:00:80:CF:00:00:00:80:D0:C0:00:00:80:CE:00:00:00:80:D0:00:00:00:80:C8:C0:00:00:80:CE:80:00:00:80:CF:40:00:00:80:D1:80:00:00:80:D3:00:00:00:80:CE:40:00:00:80:D0:00:00:00:80:CA:00:00:00:80:D4:80:00:00:80:CA:40:89:4E:C0:00:FF:FF:00:00:00:AB:10:45:46]
[53:48:DA:00:C8:05:65:00:00:80:CD:40:00:00:80:CF:00:00:00:80:D0:C0:00:00:80:CE:80:00:00:80:CD:00:00:00:80:D0:40:00:00:80:CB:C0:00:00:80:CC:C0:00:00:80:C6:80:00:00:80:C3:40:00:00:80:CD:80:00:00:80:D3:00:00:00:80:CE:40:00:00:80:C6:80:00:00:80:CE:00:00:00:80:CF:80:00:00:80:CD:00:00:00:80:CC:C0:00:00:80:D3:80:00:00:80:C7:C0:89:51:00:00:FF:FF:00:00:00:AB:10:45:46]
[53:48:DA:00:C8:05:66:00:00:80:CE:C0:00:00:80:D2:40:00:00:80:BE:40:00:00:80:C8:C0:00:00:80:CD:C0:00:00:80:CC:40:00:00:80:CF:80:00:00:80:C3:80:00:00:80:CB:40:00:00:80:CE:40:00:00:80:CD:C0:00:00:80:CA:00:00:00:80:CD:00:00:00:80:CC:80:00:00:80:C7:40:00:00:80:CC:80:00:00:80:D5:00:00:00:80:CE:00:00:00:80:CC:C0:00:00:80:CB:80:89:4D:C0:00:FF:FF:00:00:00:AB:10:45:46]
[53:48:DA:00:C8:05:67:00:00:80:D0:C0:00:00:80:D1:C0:00:00:80:D1:00:00:00:80:CD:00:00:00:80:CB:80:00:00:80:CD:80:00:00:80:C6:80:00:00:80:C7:00:00:00:80:B5:C0:00:00:80:CE:00:00:00:80:CE:40:00:00:80:D3:80:00:00:80:CE:80:00:00:80:C9:80:00:00:80:CB:00:00:00:80:CE:C0:00:00:80:CC:40:00:00:80:CC:80:00:00:80:D0:40:00:00:80:CF:00:89:60:80:00:FF:FF:00:00:00:AB:10:45:46]
[53:48:DA:00:C8:05:68:00:00:80:CC:80:00:00:80:CE:C0:00:00:80:CC:40:00:00:80:CD:00:00:00:80:C8:40:00:00:80:D1:40:00:00:80:CC:80:00:00:80:D0:80:00:00:80:CB:40:00:00:80:D1:80:00:00:80:BB:C0:00:00:80:CD:00:00:00:80:CD:40:00:00:80:CE:00:00:00:80:D2:40:00:00:80:CE:40:00:00:80:C8:00:00:00:80:CF:80:00:00:80:D1:40:00:00:80:D0:40:89:59:40:00:FF:FF:00:00:00:AB:10:45:46]
[53:48:DA:00:C8:05:69:00:00:80:CB:40:00:00:80:CA:00:00:00:80:CB:C0:00:00:80:D0:40:00:00:80:CC:80:00:00:80:D1:40:00:00:80:CD:C0:00:00:80:AB:80:00:00:80:CE:C0:00:00:80:CF:00:00:00:80:CF:C0:00:00:80:D0:80:00:00:80:CD:40:00:00:80:C9:C0:00:00:80:BD:40:00:00:80:CF:00:00:00:80:D1:40:00:00:80:CF:40:00:00:80:CC:00:00:00:80:C4:40:89:7B:40:00:FF:FF:00:00:00:AB:10:45:46]
[53:48:DA:00:C8:05:6A:00:00:80:CE:40:00:00:80:D1:C0:00:00:80:D0:00:00:00:80:D0:80:00:00:80:CE:80:00:00:80:C9:80:00:00:80:CE:C0:00:00:80:D0:40:00:00:80:CF:40:00:00:80:CA:40:00:00:80:C8:80:00:00:80:C9:80:00:00:80:CE:C0:00:00:80:CB:00:00:00:80:CB:80:00:00:80:CF:40:00:00:80:CC:C0:00:00:80:CB:40:00:00:80:CC:40:00:00:80:CE:80:89:5D:40:00:FF:FF:00:00:00:AB:10:45:46]
[53:48:DA:00:C8:05:6B:00:00:80:CD:80:00:00:80:CE:00:00:00:80:CD:00:00:00:80:D2:80:00:00:80:CF:40:00:00:80:CF:00:00:00:80:87:40:00:00:80:C6:C0:00:00:80:CC:40:00:00:80:CD:80:00:00:80:CD:C0:00:00:80:D2:40:00:00:80:D0:80:00:00:80:C7:40:00:00:80:C9:C0:00:00:80:CF:00:00:00:80:CE:40:00:00:80:C8:80:00:00:80:CD:C0:00:00:80:CF:C0:89:48:80:00:FF:FF:00:00:00:AB:10:45:46]
[53:48:DA:00:C8:05:6C:00:00:80:CF:40:00:00:80:BD:00:00:00:80:C7:80:00:00:80:CF:C0:00:00:80:CE:80:00:00:80:D2:00:00:00:80:CB:40:00:00:80:CD:40:00:00:80:CD:00:00:00:80:CC:00:00:00:80:CC:00:00:00:80:D2:80:00:00:80:D0:40:00:00:80:C6:00:00:00:80:CD:00:00:00:80:CB:C0:00:00:80:D1:40:00:00:80:D1:00:00:00:80:CE:00:00:00:80:CD:C0:89:4D:C0:00:FF:FF:00:00:00:AB:10:45:46]
[53:48:DA:00:C8:05:6D:00:00:80:CF:C0:00:00:80:D0:80:00:00:80:D1:00:00:00:80:CD:80:00:00:80:CD:C0:00:00:80:89:C0:00:00:80:CD:80:00:00:80:CB:C0:00:00:80:CF:00:00:00:80:CC:C0:00:00:80:CB:00:00:00:80:CB:C0:00:00:80:D0:00:00:00:80:C5:40:00:00:80:CE:C0:00:00:80:CA:40:00:00:80:CE:00:00:00:80:CF:00:00:00:80:D0:80:00:00:80:CF:80:89:57:00:00:FF:FF:00:00:00:AB:10:45:46]
[53:48:DA:00:C8:05:6E:00:00:80:CD:00:00:00:80:CF:00:00:00:80:CD:40:00:00:80:CB:80:00:00:80:CB:00:00:00:80:CD:C0:00:00:80:CE:C0:00:00:80:CE:C0:00:00:80:CD:C0:00:00:80:B4:C0:00:00:80:CB:80:00:00:80:CE:40:00:00:80:D3:C0:00:00:80:D0:00:00:00:80:CE:80:00:00:80:CC:00:00:00:80:CA:80:00:00:80:CD:40:00:00:80:CF:00:00:00:80:CD:00:89:58:40:00:FF:FF:00:00:00:AB:10:45:46]
[53:48:DA:00:C8:05:6F:00:00:80:CD:00:00:00:80:D0:00:00:00:80:CF:00:00:00:80:CC:C0:00:00:80:91:80:00:00:80:CC:C0:00:00:80:D1:00:00:00:80:CD:00:00:00:80:CE:80:00:00:80:D0:00:00:00:80:CE:C0:00:00:80:CE:C0:00:00:80:C7:C0:00:00:80:C3:C0:00:00:80:D1:00:00:00:80:D2:00:00:00:80:CE:00:00:00:80:CC:C0:00:00:80:CD:40:00:00:80:CF:80:89:53:00:00:FF:FF:00:00:00:AB:10:45:46]
[53:48:DA:00:C8:05:70:00:00:80:CD:80:00:00:80:CF:80:00:00:80:D1:40:00:00:80:D0:00:00:00:80:D0:00:00:00:80:D0:C0:00:00:80:CA:C0:00:00:80:CF:80:00:00:80:CF:00:00:00:80:D1:00:00:00:80:D0:C0:00:00:80:D0:00:00:00:80:D1:00:00:00:80:CF:80:00:00:80:CE:C0:00:00:80:CD:80:00:00:80:D2:40:00:00:80:C8:C0:00:00:80:CE:80:00:00:80:D0:80:89:49:C0:00:FF:FF:00:00:00:AB:10:45:46]
[53:48:DA:00:C8:05:71:00:00:80:D1:00:00:00:80:CE:00:00:00:80:D1:00:00:00:80:BC:40:00:00:80:CF:00:00:00:80:CF:00:00:00:80:CD:C0:00:00:80:D1:80:00:00:80:D1:40:00:00:80:CF:C0:00:00:80:D0:00:00:00:80:CD:80:00:00:80:D2:00:00:00:80:CF:40:00:00:80:CC:80:00:00:80:D4:00:00:00:80:CD:40:00:00:80:CD:80:00:00:80:D0:C0:00:00:80:D2:80:89:5F:80:00:FF:FF:00:00:00:AB:10:45:46]
[53:48:DA:00:C8:05:72:00:00:80:C4:40:00:00:80:CB:C0:00:00:80:CF:00:00:00:80:D0:C0:00:00:80:CD:00:00:00:80:CD:80:00:00:80:C6:C0:00:00:80:CD:80:00:00:80:D1:40:00:00:80:D0:40:00:00:80:CE:C0:00:00:80:CF:80:00:00:80:D2:80:00:00:80:CF:80:00:00:80:D1:80:00:00:80:CA:40:00:00:80:C8:00:00:00:80:D0:80:00:00:80:D1:40:00:00:80:CD:C0:89:59:40:00:FF:FF:00:00:00:AB:10:45:46]
[53:48:DA:00:C8:05:73:00:00:80:CA:C0:00:00:80:CE:80:00:00:80:9A:80:00:00:80:CD:80:00:00:80:C2:C0:00:00:80:C9:C0:00:00:80:CE:C0:00:00:80:CD:00:00:00:80:CF:80:00:00:80:D0:80:00:00:80:D0:C0:00:00:80:D3:40:00:00:80:D0:80:00:00:80:CB:C0:00:00:80:CD:00:00:00:80:CC:C0:00:00:80:CE:C0:00:00:80:D2:C0:00:00:80:D0:C0:00:00:80:D0:00:89:42:80:00:FF:FF:00:00:00:AB:10:45:46]
[53:48:DA:00:C8:05:74:00:00:80:CD:C0:00:00:80:D0:80:00:00:80:CA:40:00:00:80:D4:00:00:00:80:C9:40:00:00:80:CF:80:00:00:80:CE:00:00:00:80:CE:80:00:00:80:BC:80:00:00:80:CF:00:00:00:80:CF:00:00:00:80:D2:40:00:00:80:CF:00:00:00:80:D0:80:00:00:80:D1:40:00:00:80:D5:80:00:00:80:CF:00:00:00:80:CD:00:00:00:80:D1:40:00:00:80:D2:80:89:43:80:00:FF:FF:00:00:00:AB:10:45:46]
[53:48:DA:00:C8:05:75:00:00:80:D5:00:00:00:80:9E:40:00:00:80:D0:00:00:00:80:D0:80:00:00:80:CC:80:00:00:80:CE:80:00:00:80:CB:80:00:00:80:CF:C0:00:00:80:CE:40:00:00:80:CC:C0:00:00:80:CB:00:00:00:80:CE:80:00:00:80:C0:C0:00:00:80:CC:40:00:00:80:D2:40:00:00:80:CD:80:00:00:80:CF:80:00:00:80:D1:80:00:00:80:D2:80:00:00:80:CC:80:89:36:00:00:FF:FF:00:00:00:AB:10:45:46]
[53:48:DA:00:C8:05:76:00:00:80:CE:00:00:00:80:D0:40:00:00:80:CF:80:00:00:80:C9:C0:00:00:80:D0:80:00:00:80:CD:40:00:00:80:CF:00:00:00:80:CC:40:00:00:80:D0:80:00:00:80:C7:C0:00:00:80:CE:C0:00:00:80:D3:40:00:00:80:CE:C0:00:00:80:CF:80:00:00:80:CE:C0:00:00:80:CF:C0:00:00:80:CD:00:00:00:80:CD:80:00:00:80:C9:40:00:00:80:D0:00:89:4F:C0:00:FF:FF:00:00:00:AB:10:45:46]
[53:48:DA:00:C8:05:77:00:00:80:69:C0:00:00:80:C8:00:00:00:80:CD:80:00:00:80:D0:00:00:00:80:D0:40:00:00:80:D2:40:00:00:80:CA:40:00:00:80:D0:80:00:00:80:CF:80:00:00:80:D2:00:00:00:80:CE:00:00:00:80:D2:00:00:00:80:CE:00:00:00:80:CD:C0:00:00:80:CD:00:00:00:80:CE:C0:00:00:80:CD:00:00:00:80:D3:00:00:00:80:C8:00:00:00:80:D1:00:89:5F:80:00:FF:FF:00:00:00:AB:10:45:46]
[53:48:DA:00:C8:05:78:00:00:80:D2:40:00:00:80:D1:00:00:00:80:C5:80:00:00:80:C5:40:00:00:80:CE:80:00:00:80:D1:80:00:00:80:CE:C0:00:00:80:CD:80:00:00:80:CB:C0:00:00:80:CF:80:00:00:80:D1:80:00:00:80:C7:C0:00:00:80:D0:C0:00:00:80:D1:00:00:00:80:D1:80:00:00:80:D0:C0:00:00:80:CD:40:00:00:80:CF:C0:00:00:80:D1:40:00:00:80:C1:40:89:45:80:00:FF:FF:00:00:00:AB:10:45:46]
[53:48:DA:00:C8:05:79:00:00:80:CF:C0:00:00:80:D4:00:00:00:80:D0:00:00:00:80:C0:00:00:00:80:C9:C0:00:00:80:CD:C0:00:00:80:CD:00:00:00:80:D1:40:00:00:80:C9:40:00:00:80:CD:00:00:00:80:CD:80:00:00:80:C6:40:00:00:80:CF:00:00:00:80:D0:C0:00:00:80:CE:80:00:00:80:D0:C0:00:00:80:D1:00:00:00:80:CD:00:00:00:80:CD:80:00:00:80:CE:C0:89:66:C0:00:FF:FF:00:00:00:AB:10:45:46]
[53:48:DA:00:C8:05:7A:00:00:80:D2:00:00:00:80:CF:C0:00:00:80:D2:00:00:00:80:CF:C0:00:00:80:CD:80:00:00:80:CE:00:00:00:80:D2:00:00:00:80:C2:00:00:00:80:CF:00:00:00:80:D1:40:00:00:80:CF:00:00:00:80:CD:C0:00:00:80:CF:C0:00:00:80:C1:00:00:00:80:CF:40:00:00:80:CF:C0:00:00:80:CC:40:00:00:80:CC:80:00:00:80:D0:80:00:00:80:4D:00:89:38:00:00:FF:FF:00:00:00:AB:10:45:46]
[53:48:DA:00:C8:05:7B:00:00:80:D3:C0:00:00:80:BB:C0:00:00:80:D2:C0:00:00:80:C8:00:00:00:80:D2:00:00:00:80:D1:80:00:00:80:CE:80:00:00:80:C6:00:00:00:80:D0:40:00:00:80:CC:C0:00:00:80:D0:00:00:00:80:C4:00:00:00:80:CB:00:00:00:80:CE:40:00:00:80:CF:C0:00:00:80:D0:40:00:00:80:D0:00:00:00:80:CC:40:00:00:80:D0:80:00:00:80:C5:C0:89:40:40:00:FF:FF:00:00:00:AB:10:45:46]
[53:48:DA:00:C8:05:7C:00:00:80:CD:C0:00:00:80:D0:80:00:00:80:D0:80:00:00:80:D0:00:00:00:80:BB:40:00:00:80:CC:80:00:00:80:D1:00:00:00:80:D2:C0:00:00:80:D2:40:00:00:80:BE:C0:00:00:80:C2:C0:00:00:80:CE:00:00:00:80:CE:40:00:00:80:D1:40:00:00:80:C7:40:00:00:80:AF:C0:00:00:80:D0:80:00:00:80:D5:40:00:00:80:84:00:00:00:80:D1:00:89:49:C0:00:FF:FF:00:00:00:AB:10:45:46]
[53:48:DA:00:C8:05:7D:00:00:80:BA:80:00:00:80:D2:40:00:00:80:C3:C0:00:00:80:CF:C0:00:00:80:D1:00:00:00:80:D0:00:00:00:80:D1:00:00:00:80:CA:C0:00:00:80:CA:80:00:00:80:C6:C0:00:00:80:D0:00:00:00:80:D1:C0:00:00:80:CE:80:00:00:80:CC:80:00:00:80:D2:40:00:00:80:CC:40:00:00:80:D0:00:00:00:80:CF:C0:00:00:80:BE:C0:00:00:80:B9:00:89:59:40:00:FF:FF:00:00:00:AB:10:45:46]
[53:48:DA:00:C8:05:7E:00:00:80:BB:C0:00:00:80:D0:80:00:00:80:D0:00:00:00:80:C6:00:00:00:80:C6:40:00:00:80:CF:80:00:00:80:CE:C0:00:00:80:D2:80:00:00:80:CC:40:00:00:80:CE:40:00:00:80:CF:00:00:00:80:C3:00:00:00:80:D2:80:00:00:80:CF:40:00:00:80:CF:40:00:00:80:D1:C0:00:00:80:BA:00:00:00:80:A7:40:00:00:80:CF:80:00:00:80:CB:00:89:49:C0:00:FF:FF:00:00:00:AB:10:45:46]
[53:48:DA:00:C8:05:00:00:00:00:00:00:00:00:80:D3:40:00:00:80:D1:80:00:00:80:D1:C0:00:00:80:C0:C0:00:00:80:D6:00:00:00:80:CA:C0:00:00:80:BE:80:00:00:80:C7:00:00:00:80:CF:C0:00:00:80:CD:40:00:00:80:D0:40:00:00:80:C3:00:00:00:80:C7:C0:00:00:80:CA:40:00:00:80:CF:00:00:00:80:D1:C0:00:00:80:C6:00:00:00:80:C8:00:00:00:80:C8:00:89:48:80:00:FF:FF:00:00:00:AB:10:45:46]
[53:48:DA:00:C8:05:01:00:00:80:C5:C0:00:00:80:CE:40:00:00:80:D0:40:00:00:80:CE:C0:00:00:80:C7:40:00:00:80:C7:80:00:00:80:CA:80:00:00:80:CF:C0:00:00:80:CD:C0:00:00:80:D0:C0:00:00:80:D0:80:00:00:80:87:80:00:00:80:BE:40:00:00:80:C9:40:00:00:80:CF:00:00:00:80:D0:80:00:00:80:CE:80:00:00:80:D1:40:00:00:80:D1:80:00:00:80:CB:00:89:3A:00:00:FF:FF:00:00:00:AB:10:45:46]
[53:48:DA:00:C8:05:02:00:00:80:CE:40:00:00:80:CE:40:00:00:80:CE:C0:00:00:80:C8:80:00:00:80:CF:40:00:00:80:BD:40:00:00:80:CA:C0:00:00:80:CE:40:00:00:80:D1:C0:00:00:80:D0:C0:00:00:80:D0:80:00:00:80:D1:80:00:00:80:D0:40:00:00:80:B5:C0:00:00:80:C9:C0:00:00:80:CE:80:00:00:80:D1:40:00:00:80:C5:80:00:00:80:CE:00:00:00:80:C7:80:89:43:80:00:FF:FF:00:00:00:AB:10:45:46]
[53:48:DA:00:C8:05:03:00:00:80:CE:40:00:00:80:D0:00:00:00:80:D0:00:00:00:80:C9:C0:00:00:80:C6:C0:00:00:80:CB:00:00:00:80:CF:C0:00:00:80:D0:00:00:00:80:D1:00:00:00:80:C2:00:00:00:80:4B:00:00:00:80:CC:40:00:00:80:CF:00:00:00:80:D3:80:00:00:80:C1:80:00:00:80:CA:00:00:00:80:D0:C0:00:00:80:B8:C0:00:00:80:B8:00:00:00:80:CC:C0:89:38:00:00:FF:FF:00:00:00:AB:10:45:46]
[53:48:DA:00:C8:05:04:00:00:80:CA:80:00:00:80:C9:C0:00:00:80:CC:C0:00:00:80:CE:00:00:00:80:CD:00:00:00:80:CE:80:00:00:80:CD:80:00:00:80:CF:40:00:00:80:D1:C0:00:00:80:CF:80:00:00:80:C9:40:00:00:80:C3:C0:00:00:80:CB:80:00:00:80:CF:40:00:00:80:CF:C0:00:00:80:C7:00:00:00:80:C9:80:00:00:80:D0:80:00:00:80:CD:40:00:00:80:CF:80:89:6B:C0:00:FF:FF:00:00:00:AB:10:45:46]
[53:48:DA:00:C8:05:05:00:00:80:D0:80:00:00:80:CF:80:00:00:80:C6:80:00:00:80:D0:C0:00:00:80:D0:80:00:00:80:CE:80:00:00:80:D0:80:00:00:80:C4:00:00:00:80:C5:80:00:00:80:12:C0:00:00:80:CE:80:00:00:80:CD:00:00:00:80:C6:40:00:00:80:CF:00:00:00:80:C7:80:00:00:80:CE:00:00:00:80:D1:40:00:00:80:CE:40:00:00:80:CC:40:00:00:80:C6:C0:89:67:C0:00:FF:FF:00:00:00:AB:10:45:46]
[53:48:DA:00:C8:05:06:00:00:80:CE:40:00:00:80:D0:80:00:00:80:D2:80:00:00:80:C2:C0:00:00:80:C4:00:00:00:80:CA:C0:00:00:80:C9:00:00:00:80:C5:40:00:00:80:C3:40:00:00:80:C0:80:00:00:80:CD:40:00:00:80:C9:40:00:00:80:CA:00:00:00:80:CD:C0:00:00:80:D0:80:00:00:80:C8:C0:00:00:80:CB:40:00:00:80:C5:00:00:00:80:C9:00:00:00:80:D1:80:89:53:00:00:FF:FF:00:00:00:AB:10:45:46]
[53:48:DA:00:C8:05:07:00:00:80:CA:80:00:00:80:CF:80:00:00:80:D0:C0:00:00:80:CA:40:00:00:80:CB:C0:00:00:80:C5:00:00:00:80:C9:C0:00:00:80:CE:C0:00:00:80:11:00:00:00:80:C5:00:00:00:80:C5:40:00:00:80:CC:80:00:00:80:CA:00:00:00:80:CA:C0:00:00:80:D1:80:00:00:80:CD:00:00:00:80:CD:40:00:00:80:CB:80:00:00:80:BF:80:00:00:80:CA:C0:89:51:00:00:FF:FF:00:00:00:AB:10:45:46]
[53:48:DA:00:C8:05:08:00:00:80:CF:00:00:00:80:D0:00:00:00:80:C8:40:00:00:80:CB:40:00:00:80:CB:00:00:00:80:CB:00:00:00:80:CA:00:00:00:80:C3:00:00:00:80:C9:00:00:00:80:C5:40:00:00:80:D0:80:00:00:80:CF:40:00:00:80:CF:80:00:00:80:C7:00:00:00:80:C9:40:00:00:80:CC:80:00:00:80:CD:40:00:00:80:CF:40:00:00:80:CC:40:00:00:80:CC:80:89:5C:40:00:FF:FF:00:00:00:AB:10:45:46]
[53:48:DA:00:C8:05:09:00:00:80:C4:00:00:00:80:CE:80:00:00:80:CE:00:00:00:80:CE:C0:00:00:80:BD:80:00:00:80:CF:C0:00:00:80:C3:80:00:00:80:41:80:00:00:80:D1:C0:00:00:80:D0:80:00:00:80:CF:80:00:00:80:C9:C0:00:00:80:C8:80:00:00:80:CD:40:00:00:80:CE:C0:00:00:80:CF:C0:00:00:80:C5:00:00:00:80:CC:C0:00:00:80:CE:80:00:00:80:D2:80:89:57:00:00:FF:FF:00:00:00:AB:10:45:46]
[53:48:DA:00:C8:05:0A:00:00:80:CA:C0:00:00:80:C9:40:00:00:80:CE:80:00:00:80:CE:40:00:00:80:C0:C0:00:00:80:CD:00:00:00:80:C4:80:00:00:80:CE:C0:00:00:80:CE:00:00:00:80:CF:80:00:00:80:BF:00:00:00:80:CF:00:00:00:80:CE:40:00:00:80:CD:40:00:00:80:D1:C0:00:00:80:C5:80:00:00:80:D0:C0:00:00:80:CD:40:00:00:80:CD:40:00:00:80:D0:80:89:5E:40:00:FF:FF:00:00:00:AB:10:45:46]
[53:48:DA:00:C8:05:0B:00:00:80:D0:00:00:00:80:D3:C0:00:00:80:D0:80:00:00:80:CE:00:00:00:80:D1:80:00:00:80:CD:40:00:00:80:5C:00:00:00:80:D0:00:00:00:80:CE:00:00:00:80:BC:40:00:00:80:CF:40:00:00:80:CC:40:00:00:80:CD:00:00:00:80:CC:80:00:00:80:D1:00:00:00:80:CF:80:00:00:80:D1:40:00:00:80:CB:C0:00:00:80:D0:00:00:00:80:D0:40:89:70:00:00:FF:FF:00:00:00:AB:10:45:46]
[53:48:DA:00:C8:05:0C:00:00:80:CF:80:00:00:80:D1:40:00:00:80:CD:00:00:00:80:CA:40:00:00:80:CF:40:00:00:80:CB:C0:00:00:80:CE:C0:00:00:80:D0:80:00:00:80:D1:00:00:00:80:CB:C0:00:00:80:CE:C0:00:00:80:CF:80:00:00:80:CF:40:00:00:80:CE:C0:00:00:80:CD:00:00:00:80:C7:C0:00:00:80:CE:80:00:00:80:CC:00:00:00:80:D2:40:00:00:80:CF:80:89:7F:80:00:FF:FF:00:00:00:AB:10:45:46]
[53:48:DA:00:C8:05:0D:00:00:80:CF:40:00:00:80:CD:00:00:00:80:CE:80:00:00:80:CE:40:00:00:80:CC:80:00:00:7F:FF:00:00:00:80:D0:80:00:00:80:CF:80:00:00:80:CE:80:00:00:80:C8:C0:00:00:80:CE:40:00:00:80:CC:80:00:00:80:CC:C0:00:00:80:CB:80:00:00:80:CF:80:00:00:80:CD:C0:00:00:80:C2:C0:00:00:80:CB:80:00:00:80:CE:C0:00:00:80:CF:80:89:67:C0:00:FF:FF:00:00:00:AB:10:45:46]
[53:48:DA:00:C8:05:0E:00:00:80:CC:80:00:00:80:C6:80:00:00:80:CE:C0:00:00:80:CF:80:00:00:80:CE:C0:00:00:80:CD:40:00:00:80:CE:C0:00:00:80:C5:C0:00:00:80:CF:00:00:00:80:D1:00:00:00:80:CE:C0:00:00:80:C5:C0:00:00:80:D0:80:00:00:80:CF:00:00:00:80:CF:00:00:00:80:CC:80:00:00:80:BD:80:00:00:80:BB:80:00:00:80:CE:80:00:00:80:CF:80:89:7E:80:00:FF:FF:00:00:00:AB:10:45:46]
[53:48:DA:00:C8:05:0F:00:00:80:CE:C0:00:00:80:B8:40:00:00:80:CD:C0:00:00:80:CE:00:00:00:80:4C:80:00:00:80:CC:C0:00:00:80:C1:40:00:00:80:CA:00:00:00:80:CA:C0:00:00:80:D0:00:00:00:80:CF:00:00:00:80:CF:00:00:00:80:CE:80:00:00:80:C7:40:00:00:80:CF:40:00:00:80:CE:00:00:00:80:CE:80:00:00:80:CC:C0:00:00:80:CF:40:00:00:80:CF:00:89:71:00:00:FF:FF:00:00:00:AB:10:45:46]
[53:48:DA:00:C8:05:10:00:00:80:CE:C0:00:00:80:C6:C0:00:00:80:C8:40:00:00:80:D0:80:00:00:80:C9:C0:00:00:80:CF:80:00:00:80:CE:40:00:00:80:CB:C0:00:00:80:CC:00:00:00:80:C4:40:00:00:80:D1:00:00:00:80:CD:40:00:00:80:C5:80:00:00:80:CF:80:00:00:80:CD:C0:00:00:80:D3:40:00:00:80:CB:C0:00:00:80:C9:00:00:00:80:CD:40:00:00:80:CE:40:89:7F:80:00:FF:FF:00:00:00:AB:10:45:46]
[53:48:DA:00:C8:05:11:00:00:80:D0:00:00:00:80:D0:40:00:00:80:BB:40:00:00:7F:BD:00:00:00:80:CE:C0:00:00:80:CC:40:00:00:80:D2:00:00:00:80:C9:C0:00:00:80:CE:80:00:00:80:CD:80:00:00:80:CE:40:00:00:80:CC:40:00:00:80:CE:40:00:00:80:CE:00:00:00:80:D1:80:00:00:80:CD:40:00:00:80:CC:40:00:00:80:CF:00:00:00:80:D0:80:00:00:80:D1:00:89:89:C0:00:FF:FF:00:00:00:AB:10:45:46]
[53:48:DA:00:C8:05:12:00:00:80:CE:00:00:00:80:C7:40:00:00:80:CD:C0:00:00:80:CE:80:00:00:80:D1:40:00:00:80:B6:80:00:00:80:C8:80:00:00:80:CE:00:00:00:80:CF:00:00:00:80:CF:80:00:00:80:CB:80:00:00:80:C8:C0:00:00:80:CF:40:00:00:80:D2:00:00:00:80:CB:00:00:00:80:CE:40:00:00:80:D0:00:00:00:80:D2:00:00:00:80:D0:80:00:00:80:D1:00:89:A3:C0:00:FF:FF:00:00:00:AB:10:45:46]
[53:48:DA:00:C8:05:13:00:00:80:CC:C0:00:00:80:C0:00:00:00:80:1D:80:00:00:80:CC:80:00:00:80:CE:80:00:00:80:D0:40:00:00:80:D0:00:00:00:80:CB:C0:00:00:80:C9:80:00:00:80:CD:40:00:00:80:C7:40:00:00:80:CD:80:00:00:80:CD:80:00:00:80:CD:80:00:00:80:CE:80:00:00:80:CE:40:00:00:80:D3:00:00:00:80:D0:C0:00:00:80:C9:C0:00:00:80:D2:00:89:83:C0:00:FF:FF:00:00:00:AB:10:45:46]
[53:48:DA:00:C8:05:14:00:00:80:CD:00:00:00:80:CE:40:00:00:80:CF:40:00:00:80:CD:40:00:00:80:D2:00:00:00:80:D1:40:00:00:80:CE:80:00:00:80:CE:80:00:00:80:CE:00:00:00:80:C3:80:00:00:80:CD:C0:00:00:80:CC:C0:00:00:80:CE:00:00:00:80:D0:40:00:00:80:CA:C0:00:00:80:CD:80:00:00:80:CA:00:00:00:80:CD:C0:00:00:80:D0:80:00:00:80:CF:00:89:8B:00:00:FF:FF:00:00:00:AB:10:45:46]
[53:48:DA:00:C8:05:15:00:00:80:CF:40:00:00:80:2B:C0:00:00:80:D0:C0:00:00:80:CD:C0:00:00:80:D1:40:00:00:80:CC:C0:00:00:80:C8:C0:00:00:80:C6:C0:00:00:80:CB:C0:00:00:80:C9:00:00:00:80:CE:80:00:00:80:CF:00:00:00:80:BE:C0:00:00:80:CD:40:00:00:80:D0:40:00:00:80:CD:80:00:00:80:CF:C0:00:00:80:CC:80:00:00:80:CB:80:00:00:80:CD:40:89:75:40:00:FF:FF:00:00:00:AB:10:45:46]
[53:48:DA:00:C8:05:16:00:00:80:CD:00:00:00:80:BE:00:00:00:80:CF:80:00:00:80:C9:40:00:00:80:CD:40:00:00:80:D0:00:00:00:80:CE:80:00:00:80:D0:80:00:00:80:C7:00:00:00:80:CE:40:00:00:80:D0:80:00:00:80:CF:80:00:00:80:D0:40:00:00:80:CD:C0:00:00:80:CD:C0:00:00:80:C6:00:00:00:80:CD:80:00:00:80:CE:40:00:00:80:D1:00:00:00:80:CE:C0:89:8C:00:00:FF:FF:00:00:00:AB:10:45:46]
[53:48:DA:00:C8:05:17:00:00:80:3E:00:00:00:80:C8:80:00:00:80:C9:80:00:00:80:CE:40:00:00:80:CF:40:00:00:80:D1:00:00:00:80:CF:00:00:00:80:CE:C0:00:00:80:C9:80:00:00:80:CE:00:00:00:80:C3:40:00:00:80:C9:40:00:00:80:CD:40:00:00:80:CE:80:00:00:80:D1:C0:00:00:80:CC:C0:00:00:80:D1:C0:00:00:80:C7:40:00:00:80:CD:80:00:00:80:CF:C0:89:7A:40:00:FF:FF:00:00:00:AB:10:45:46]
[53:48:DA:00:C8:05:18:00:00:80:C3:00:00:00:80:D0:80:00:00:80:C8:40:00:00:80:CB:00:00:00:80:CE:00:00:00:80:CE:40:00:00:80:D0:C0:00:00:80:CE:40:00:00:80:CF:C0:00:00:80:C8:00:00:00:80:C8:40:00:00:80:CD:C0:00:00:80:CC:00:00:00:80:D4:C0:00:00:80:CF:00:00:00:80:D0:80:00:00:80:C9:00:00:00:80:CE:80:00:00:80:D3:00:00:00:80:CE:00:89:8B:00:00:FF:FF:00:00:00:AB:10:45:46]
[53:48:DA:00:C8:05:19:00:00:80:C6:80:00:00:80:CF:C0:00:00:80:CE:40:00:00:80:CF:C0:00:00:80:C3:00:00:00:80:D1:80:00:00:80:CF:00:00:00:80:C4:40:00:00:80:BC:C0:00:00:80:C9:C0:00:00:80:CE:80:00:00:80:D0:80:00:00:80:CB:80:00:00:80:CB:C0:00:00:80:CE:80:00:00:80:C8:40:00:00:80:CE:00:00:00:80:CC:C0:00:00:80:CD:C0:00:00:80:D0:00:89:89:C0:00:FF:FF:00:00:00:AB:10:45:46]
[53:48:DA:00:C8:05:1A:00:00:80:C6:80:00:00:80:C7:80:00:00:80:CF:40:00:00:80:BB:40:00:00:80:CD:C0:00:00:80:CA:00:00:00:80:CE:40:00:00:80:BC:00:00:00:80:CD:C0:00:00:80:D0:40:00:00:80:CE:C0:00:00:80:C8:80:00:00:80:CD:80:00:00:80:C6:40:00:00:80:D2:40:00:00:80:C6:80:00:00:80:CC:C0:00:00:80:CB:80:00:00:80:CB:40:00:00:80:79:40:89:86:C0:00:FF:FF:00:00:00:AB:10:45:46]
[53:48:DA:00:C8:05:1B:00:00:80:CF:00:00:00:80:CF:C0:00:00:80:D1:C0:00:00:80:B6:40:00:00:80:CD:40:00:00:80:CA:C0:00:00:80:CC:00:00:00:80:CF:40:00:00:80:D0:C0:00:00:80:D0:C0:00:00:80:CC:00:00:00:80:D2:40:00:00:80:D1:80:00:00:80:CF:40:00:00:80:D0:80:00:00:80:CF:80:00:00:80:CD:80:00:00:80:CA:C0:00:00:80:C9:00:00:00:80:CA:40:89:8B:00:00:FF:FF:00:00:00:AB:10:45:46]
[53:48:DA:00:C8:05:1C:00:00:80:CF:C0:00:00:80:CF:00:00:00:80:CC:00:00:00:80:CE:00:00:00:80:CD:80:00:00:80:CD:40:00:00:80:CF:40:00:00:80:CA:40:00:00:80:CF:00:00:00:80:C3:C0:00:00:80:CD:00:00:00:80:CF:00:00:00:80:D1:00:00:00:80:D2:40:00:00:80:CE:C0:00:00:80:CE:00:00:00:80:B5:00:00:00:80:CB:C0:00:00:80:C7:80:00:00:80:CE:40:89:70:00:00:FF:FF:00:00:00:AB:10:45:46]
[53:48:DA:00:C8:05:1D:00:00:80:CD:80:00:00:80:D2:40:00:00:80:CB:00:00:00:80:C3:00:00:00:80:CC:00:00:00:80:CC:C0:00:00:80:CF:40:00:00:80:CD:80:00:00:80:CD:C0:00:00:80:CF:40:00:00:80:D3:80:00:00:80:C9:C0:00:00:80:CD:40:00:00:80:CC:C0:00:00:80:C8:40:00:00:80:CD:C0:00:00:80:C0:C0:00:00:80:B7:40:00:00:80:BB:40:00:00:80:C3:C0:89:92:40:00:FF:FF:00:00:00:AB:10:45:46]
[53:48:DA:00:C8:05:1E:00:00:80:CD:80:00:00:80:C4:80:00:00:80:B4:C0:00:00:80:BF:80:00:00:80:BF:80:00:00:80:CF:C0:00:00:80:C3:80:00:00:80:C6:80:00:00:80:B5:40:00:00:80:BC:C0:00:00:80:D0:40:00:00:80:D0:C0:00:00:80:CD:40:00:00:80:C9:C0:00:00:80:C3:80:00:00:80:C7:80:00:00:80:CF:80:00:00:80:CE:40:00:00:80:D0:00:00:00:80:C4:00:89:74:00:00:FF:FF:00:00:00:AB:10:45:46]
[53:48:DA:00:C8:05:1F:00:00:80:BD:00:00:00:80:D3:00:00:00:80:C1:80:00:00:80:CD:40:00:00:80:C4:C0:00:00:80:BC:00:00:00:80:C1:40:00:00:80:D2:40:00:00:80:CE:C0:00:00:80:D2:40:00:00:80:CF:00:00:00:80:D1:40:00:00:80:CD:C0:00:00:80:C8:40:00:00:80:CF:80:00:00:80:BD:00:00:00:80:9B:40:00:00:80:D2:80:00:00:80:CF:00:00:00:80:CE:80:89:90:00:00:FF:FF:00:00:00:AB:10:45:46]
[53:48:DA:00:C8:05:20:00:00:80:CE:C0:00:00:80:C6:00:00:00:80:C8:C0:00:00:80:C6:00:00:00:80:CF:C0:00:00:80:CE:00:00:00:80:CE:00:00:00:80:D2:40:00:00:80:CC:80:00:00:80:C4:80:00:00:80:BA:C0:00:00:80:C6:C0:00:00:80:CF:40:00:00:80:CF:00:00:00:80:D0:00:00:00:80:C6:80:00:00:80:CA:C0:00:00:80:C7:80:00:00:80:C6:40:00:00:80:CE:80:89:91:00:00:FF:FF:00:00:00:AB:10:45:46]
[53:48:DA:00:C8:05:21:00:00:80:C9:00:00:00:80:BC:40:00:00:80:C0:C0:00:00:80:D0:00:00:00:80:D0:40:00:00:80:D0:40:00:00:80:C1:40:00:00:80:B4:40:00:00:80:C4:80:00:00:80:CD:00:00:00:80:CD:80:00:00:80:D0:C0:00:00:80:CD:00:00:00:80:BD:40:00:00:80:C2:80:00:00:80:79:40:00:00:80:B0:40:00:00:80:D0:40:00:00:80:9C:C0:00:00:80:6A:80:89:98:40:00:FF:FF:00:00:00:AB:10:45:46]
[53:48:DA:00:C8:05:22:00:00:80:66:80:00:00:80:6E:40:00:00:80:AF:C0:00:00:80:9B:40:00:00:80:D1:40:00:00:80:CF:C0:00:00:80:CD:C0:00:00:80:C9:80:00:00:80:BF:80:00:00:80:BE:80:00:00:80:CD:C0:00:00:80:D0:80:00:00:80:CB:40:00:00:80:C7:40:00:00:80:BC:40:00:00:80:BF:40:00:00:80:CE:40:00:00:80:CC:40:00:00:80:D2:80:00:00:80:CA:00:89:79:40:00:FF:FF:00:00:00:AB:10:45:46]
[53:48:DA:00:C8:05:23:00:00:80:BD:C0:00:00:80:C9:40:00:00:80:BB:80:00:00:80:BA:00:00:00:80:D0:80:00:00:80:CE:C0:00:00:80:D0:80:00:00:80:CE:C0:00:00:80:C7:00:00:00:80:BB:40:00:00:80:C3:40:00:00:80:CF:C0:00:00:80:C0:40:00:00:80:C3:80:00:00:80:6A:C0:00:00:80:CD:40:00:00:80:D0:C0:00:00:80:CF:00:00:00:80:C9:80:00:00:80:B5:00:89:6B:C0:00:FF:FF:00:00:00:AB:10:45:46]
[53:48:DA:00:C8:05:24:00:00:80:CF:00:00:00:80:CF:00:00:00:80:CB:80:00:00:80:B5:80:00:00:80:B7:40:00:00:80:BD:C0:00:00:80:CE:C0:00:00:80:CE:80:00:00:80:D0:C0:00:00:80:BD:40:00:00:80:CD:40:00:00:80:CD:00:00:00:80:CF:00:00:00:80:C9:40:00:00:80:C7:C0:00:00:80:C5:00:00:00:80:C0:00:00:00:80:CE:C0:00:00:80:BD:C0:00:00:80:CD:40:89:7C:80:00:FF:FF:00:00:00:AB:10:45:46]
[53:48:DA:00:C8:05:25:00:00:80:CF:40:00:00:80:CC:00:00:00:80:C9:80:00:00:80:BC:40:00:00:80:BF:80:00:00:80:CE:80:00:00:80:D2:00:00:00:80:C8:80:00:00:80:C5:C0:00:00:80:D0:C0:00:00:80:CE:40:00:00:80:CD:00:00:00:80:CC:00:00:00:80:23:80:00:00:80:C4:80:00:00:80:D1:00:00:00:80:CF:00:00:00:80:D0:00:00:00:80:CB:40:00:00:80:B9:80:89:94:40:00:FF:FF:00:00:00:AB:10:45:46]
[53:48:DA:00:C8:05:26:00:00:80:CE:C0:00:00:80:D2:40:00:00:80:C9:40:00:00:80:C0:80:00:00:80:B8:40:00:00:80:C3:80:00:00:80:CC:C0:00:00:80:CC:C0:00:00:80:CE:40:00:00:80:C9:80:00:00:80:D3:80:00:00:80:C6:80:00:00:80:D0:C0:00:00:80:CE:80:00:00:80:D0:C0:00:00:80:C7:40:00:00:80:CF:40:00:00:80:C6:00:00:00:80:CC:80:00:00:80:C9:80:89:83:C0:00:FF:FF:00:00:00:AB:10:45:46]
[53:48:DA:00:C8:05:27:00:00:80:D3:40:00:00:80:CE:80:00:00:80:D0:00:00:00:80:C4:40:00:00:80:D2:C0:00:00:80:D0:00:00:00:80:D0:80:00:00:80:CF:C0:00:00:80:CB:C0:00:00:80:CF:00:00:00:80:CF:80:00:00:80:CF:80:00:00:80:39:00:00:00:80:CF:C0:00:00:80:CC:40:00:00:80:D3:C0:00:00:80:BF:C0:00:00:80:BC:80:00:00:80:C1:40:00:00:80:CD:80:89:6C:C0:00:FF:FF:00:00:00:AB:10:45:46]
[53:48:DA:00:C8:05:28:00:00:80:CD:C0:00:00:80:CB:00:00:00:80:B9:80:00:00:80:C6:C0:00:00:80:BF:80:00:00:80:CE:C0:00:00:80:D1:C0:00:00:80:C5:40:00:00:80:BC:80:00:00:80:CF:80:00:00:80:CD:C0:00:00:80:D1:00:00:00:80:C7:80:00:00:80:CF:80:00:00:80:CE:40:00:00:80:D2:00:00:00:80:D3:C0:00:00:80:C8:80:00:00:80:C6:80:00:00:80:C0:40:89:6F:00:00:FF:FF:00:00:00:AB:10:45:46]
[53:48:DA:00:C8:05:29:00:00:80:CE:80:00:00:80:CF:C0:00:00:80:C7:40:00:00:80:CC:40:00:00:80:C8:00:00:00:80:CF:80:00:00:80:CF:00:00:00:80:C6:80:00:00:80:C7:80:00:00:80:CF:40:00:00:80:CA:00:00:00:80:62:40:00:00:80:C9:C0:00:00:80:D0:00:00:00:80:CF:00:00:00:80:C8:C0:00:00:80:CC:00:00:00:80:C8:C0:00:00:80:D1:80:00:00:80:C9:C0:89:86:C0:00:FF:FF:00:00:00:AB:10:45:46]
[53:48:DA:00:C8:05:2A:00:00:80:C8:80:00:00:80:D1:C0:00:00:80:BF:80:00:00:80:D4:00:00:00:80:CE:00:00:00:80:CF:C0:00:00:80:CF:00:00:00:80:CF:C0:00:00:80:CF:40:00:00:80:D0:00:00:00:80:C7:00:00:00:80:D1:40:00:00:80:CC:00:00:00:80:CF:00:00:00:80:C8:40:00:00:80:D0:40:00:00:80:D1:40:00:00:80:CC:80:00:00:80:B3:40:00:00:80:C8:40:89:84:C0:00:FF:FF:00:00:00:AB:10:45:46]
[53:48:DA:00:C8:05:2B:00:00:80:D1:40:00:00:80:D0:C0:00:00:80:D0:40:00:00:80:CF:00:00:00:80:CF:80:00:00:80:CA:40:00:00:80:C6:00:00:00:80:D0:00:00:00:80:CF:C0:00:00:80:C2:80:00:00:80:65:C0:00:00:80:D2:C0:00:00:80:CE:40:00:00:80:C9:00:00:00:80:CD:40:00:00:80:BF:80:00:00:80:CB:40:00:00:80:CE:C0:00:00:80:CE:C0:00:00:80:CB:C0:89:84:C0:00:FF:FF:00:00:00:AB:10:45:46]
[53:48:DA:00:C8:05:2C:00:00:80:CF:00:00:00:80:CD:40:00:00:80:CE:00:00:00:80:B3:80:00:00:80:CE:00:00:00:80:BF:00:00:00:80:D0:C0:00:00:80:C0:C0:00:00:80:CF:40:00:00:80:C3:00:00:00:80:8A:00:00:00:80:D1:00:00:00:80:D0:80:00:00:80:C5:00:00:00:80:D0:80:00:00:80:C8:80:00:00:80:D1:80:00:00:80:CE:00:00:00:80:CF:00:00:00:80:CF:40:89:9C:80:00:FF:FF:00:00:00:AB:10:45:46]
[53:48:DA:00:C8:05:2D:00:00:80:CB:C0:00:00:80:D1:C0:00:00:80:CE:00:00:00:80:CB:C0:00:00:80:BA:80:00:00:80:BE:80:00:00:80:CA:40:00:00:80:CF:C0:00:00:80:CF:C0:00:00:80:5A:40:00:00:80:D1:40:00:00:80:C9:40:00:00:80:CA:40:00:00:80:CE:00:00:00:80:C8:40:00:00:80:B5:40:00:00:80:CF:C0:00:00:80:CE:80:00:00:80:A8:C0:00:00:80:B9:C0:89:7F:80:00:FF:FF:00:00:00:AB:10:45:46]
[53:48:DA:00:C8:05:2E:00:00:80:CE:C0:00:00:80:C6:C0:00:00:80:C8:00:00:00:80:CD:40:00:00:80:D1:80:00:00:80:CF:40:00:00:80:CE:80:00:00:80:CE:00:00:00:80:CD:C0:00:00:80:64:40:00:00:80:CE:80:00:00:80:D0:C0:00:00:80:D2:00:00:00:80:CF:00:00:00:80:CC:00:00:00:80:C4:C0:00:00:80:C7:00:00:00:80:CC:00:00:00:80:D1:C0:00:00:80:CC:80:89:91:00:00:FF:FF:00:00:00:AB:10:45:46]
[53:48:DA:00:C8:05:2F:00:00:80:D1:40:00:00:80:BF:C0:00:00:80:CA:C0:00:00:80:CF:C0:00:00:80:CF:80:00:00:80:D0:C0:00:00:80:CB:40:00:00:80:CE:00:00:00:80:31:C0:00:00:80:CE:C0:00:00:80:CC:80:00:00:80:CE:80:00:00:80:C5:40:00:00:80:CD:40:00:00:80:CD:C0:00:00:80:D3:00:00:00:80:AC:40:00:00:80:CD:80:00:00:80:D0:C0:00:00:80:D0:40:89:8E:00:00:FF:FF:00:00:00:AB:10:45:46]
[53:48:DA:00:C8:05:30:00:00:80:BB:C0:00:00:80:BC:00:00:00:80:C6:40:00:00:80:BB:80:00:00:80:CF:C0:00:00:80:CB:80:00:00:80:D0:00:00:00:80:CC:80:00:00:80:B5:00:00:00:80:CA:40:00:00:80:D0:80:00:00:80:CD:C0:00:00:80:D0:40:00:00:80:CF:80:00:00:80:CE:C0:00:00:80:D0:40:00:00:80:CD:80:00:00:80:D1:40:00:00:80:C5:80:00:00:80:CF:C0:89:A2:C0:00:FF:FF:00:00:00:AB:10:45:46]
[53:48:DA:00:C8:05:31:00:00:80:D1:00:00:00:80:C1:C0:00:00:80:D1:00:00:00:80:CD:00:00:00:80:CC:C0:00:00:80:CA:80:00:00:80:D0:C0:00:00:80:04:80:00:00:80:CF:40:00:00:80:CD:80:00:00:80:CF:00:00:00:80:C4:C0:00:00:80:CE:C0:00:00:80:CE:40:00:00:80:D0:00:00:00:80:CF:40:00:00:80:CF:40:00:00:80:C1:40:00:00:80:CF:40:00:00:80:CC:80:89:8C:00:00:FF:FF:00:00:00:AB:10:45:46]
[53:48:DA:00:C8:05:32:00:00:80:C3:80:00:00:80:CC:40:00:00:80:D1:00:00:00:80:D0:80:00:00:80:C7:40:00:00:80:C4:80:00:00:80:CC:00:00:00:80:8A:00:00:00:80:CF:80:00:00:80:C9:40:00:00:80:CD:40:00:00:80:CD:C0:00:00:80:C6:00:00:00:80:D1:80:00:00:80:D1:00:00:00:80:D0:00:00:00:80:CF:40:00:00:80:C1:00:00:00:80:D0:80:00:00:80:CA:C0:89:68:C0:00:FF:FF:00:00:00:AB:10:45:46]
[53:48:DA:00:C8:05:33:00:00:80:D0:80:00:00:80:D2:C0:00:00:80:CF:40:00:00:80:CE:40:00:00:80:D0:40:00:00:80:D0:80:00:00:80:1C:40:00:00:80:D1:80:00:00:80:CE:C0:00:00:80:D1:00:00:00:80:CB:80:00:00:80:D0:C0:00:00:80:CF:C0:00:00:80:BB:80:00:00:80:D5:00:00:00:80:D0:40:00:00:80:CD:40:00:00:80:C7:80:00:00:80:C9:C0:00:00:80:CE:C0:89:82:80:00:FF:FF:00:00:00:AB:10:45:46]
[53:48:DA:00:C8:05:34:00:00:80:D1:80:00:00:80:D3:C0:00:00:80:CF:80:00:00:80:D0:80:00:00:80:CE:C0:00:00:80:CC:40:00:00:80:C2:40:00:00:80:C8:00:00:00:80:CE:80:00:00:80:D1:00:00:00:80:CC:00:00:00:80:D1:80:00:00:80:D0:00:00:00:80:CF:C0:00:00:80:D1:40:00:00:80:D1:40:00:00:80:D0:40:00:00:80:BD:C0:00:00:80:C3:80:00:00:80:CE:80:89:9A:80:00:FF:FF:00:00:00:AB:10:45:46]
[53:48:DA:00:C8:05:35:00:00:80:C7:00:00:00:80:D2:80:00:00:80:D3:40:00:00:80:CD:C0:00:00:80:D1:40:00:00:80:43:C0:00:00:80:CD:40:00:00:80:C5:80:00:00:80:D1:C0:00:00:80:D0:40:00:00:80:D0:00:00:00:80:C6:C0:00:00:80:CE:80:00:00:80:CC:C0:00:00:80:CF:40:00:00:80:C9:C0:00:00:80:D0:00:00:00:80:BD:40:00:00:80:D2:00:00:00:80:D0:00:89:91:00:00:FF:FF:00:00:00:AB:10:45:46]
[53:48:DA:00:C8:05:36:00:00:80:C0:40:00:00:80:D1:40:00:00:80:CD:00:00:00:80:D0:80:00:00:80:CC:40:00:00:80:C4:80:00:00:80:CE:40:00:00:80:CA:40:00:00:80:D2:80:00:00:80:CE:C0:00:00:80:CF:C0:00:00:80:CA:C0:00:00:80:CE:C0:00:00:80:CE:C0:00:00:80:D0:40:00:00:80:CF:80:00:00:80:CE:C0:00:00:80:C0:00:00:00:80:CE:C0:00:00:80:CC:00:89:77:40:00:FF:FF:00:00:00:AB:10:45:46]
[53:48:DA:00:C8:05:37:00:00:80:D1:40:00:00:80:C1:00:00:00:80:CB:C0:00:00:80:D1:00:00:00:80:73:C0:00:00:80:D0:00:00:00:80:CE:00:00:00:80:D0:40:00:00:80:C8:80:00:00:80:C7:00:00:00:80:D0:80:00:00:80:CE:C0:00:00:80:C9:40:00:00:80:D2:00:00:00:80:C9:40:00:00:80:D1:80:00:00:80:CE:80:00:00:80:D1:80:00:00:80:D1:80:00:00:80:D3:00:89:93:40:00:FF:FF:00:00:00:AB:10:45:46]
[53:48:DA:00:C8:05:38:00:00:80:CE:00:00:00:80:D1:00:00:00:80:CF:40:00:00:80:CE:40:00:00:80:CD:C0:00:00:80:CD:00:00:00:80:CE:80:00:00:80:CE:40:00:00:80:C8:C0:00:00:80:CF:40:00:00:80:D0:80:00:00:80:D2:00:00:00:80:C7:00:00:00:80:D0:80:00:00:80:CD:C0:00:00:80:D1:40:00:00:80:C5:80:00:00:80:D0:80:00:00:80:C3:C0:00:00:80:D0:80:89:94:40:00:FF:FF:00:00:00:AB:10:45:46]
[53:48:DA:00:C8:05:39:00:00:80:D1:40:00:00:80:CD:40:00:00:80:D0:40:00:00:80:AC:00:00:00:80:CC:80:00:00:80:AE:C0:00:00:80:CA:40:00:00:80:D2:80:00:00:80:CE:40:00:00:80:D1:C0:00:00:80:C6:C0:00:00:80:CE:00:00:00:80:C8:00:00:00:80:D0:00:00:00:80:CE:80:00:00:80:CF:40:00:00:80:C9:40:00:00:80:D1:00:00:00:80:CE:00:00:00:80:D0:40:89:A4:C0:00:FF:FF:00:00:00:AB:10:45:46]
[53:48:DA:00:C8:05:00:00:00:00:00:00:00:00:80:D1:80:00:00:80:D0:40:00:00:80:CF:C0:00:00:80:D1:C0:00:00:80:D0:40:00:00:80:D0:00:00:00:80:C8:C0:00:00:80:D2:00:00:00:80:D1:40:00:00:80:D0:40:00:00:80:D2:00:00:00:80:D2:40:00:00:80:CD:00:00:00:80:D2:C0:00:00:80:C6:00:00:00:80:C0:40:00:00:80:CF:40:00:00:80:CD:40:00:00:80:D0:C0:89:9D:80:00:FF:FF:00:00:00:AB:10:45:46]
[53:48:DA:00:C8:05:01:00:00:80:CE:C0:00:00:80:D1:80:00:00:80:CF:00:00:00:80:CE:C0:00:00:80:CF:00:00:00:80:D0:C0:00:00:80:CF:80:00:00:80:CD:C0:00:00:80:D0:80:00:00:80:CD:80:00:00:80:CF:40:00:00:80:D2:00:00:00:80:C8:00:00:00:80:CD:00:00:00:80:D0:80:00:00:80:C3:C0:00:00:80:D2:40:00:00:80:CF:40:00:00:80:CC:80:00:00:80:9A:C0:89:9B:80:00:FF:FF:00:00:00:AB:10:45:46]
[53:48:DA:00:C8:05:02:00:00:80:CE:80:00:00:80:D2:00:00:00:80:CD:40:00:00:80:C8:80:00:00:80:CE:00:00:00:80:D1:00:00:00:80:CA:40:00:00:80:D0:00:00:00:80:CE:40:00:00:80:CD:C0:00:00:80:D0:00:00:00:80:CF:80:00:00:80:D1:00:00:00:80:D0:80:00:00:80:CF:00:00:00:80:D0:80:00:00:80:CF:80:00:00:80:CE:00:00:00:80:CD:00:00:00:80:CF:C0:89:A3:C0:00:FF:FF:00:00:00:AB:10:45:46]
[53:48:DA:00:C8:05:03:00:00:80:CD:C0:00:00:80:CC:00:00:00:80:CC:C0:00:00:80:D0:00:00:00:80:CE:00:00:00:80:CF:40:00:00:80:CF:00:00:00:80:CD:C0:00:00:80:D0:40:00:00:80:CE:80:00:00:80:D0:80:00:00:80:D1:C0:00:00:80:CE:80:00:00:80:CD:80:00:00:80:CD:C0:00:00:80:CE:00:00:00:80:CD:80:00:00:80:CF:80:00:00:80:D3:00:00:00:80:CE:C0:89:C3:C0:00:FF:FF:00:00:00:AB:10:45:46]
[53:48:DA:00:C8:05:04:00:00:80:CE:00:00:00:80:CC:C0:00:00:80:C5:80:00:00:80:D0:40:00:00:80:D0:40:00:00:80:CF:40:00:00:80:CE:40:00:00:80:CF:40:00:00:80:D0:40:00:00:80:CD:00:00:00:80:D2:C0:00:00:80:D0:40:00:00:80:CE:00:00:00:80:CD:40:00:00:80:D0:00:00:00:80:CE:40:00:00:80:CD:C0:00:00:80:CD:C0:00:00:80:CF:40:00:00:80:CF:C0:89:DB:C0:00:FF:FF:00:00:00:AB:10:45:46]
[53:48:DA:00:C8:05:05:00:00:80:CE:80:00:00:80:CF:C0:00:00:80:CE:C0:00:00:80:CD:00:00:00:80:D1:80:00:00:80:CD:C0:00:00:80:CF:80:00:00:80:CE:00:00:00:80:CF:80:00:00:80:D0:40:00:00:80:CE:80:00:00:80:C9:C0:00:00:80:CC:00:00:00:80:CE:00:00:00:80:CE:80:00:00:80:D1:40:00:00:80:D0:40:00:00:80:CF:C0:00:00:80:CD:40:00:00:80:D0:80:89:CA:00:00:FF:FF:00:00:00:AB:10:45:46]
[53:48:DA:00:C8:05:06:00:00:80:D0:80:00:00:80:D1:00:00:00:80:C0:80:00:00:80:CD:C0:00:00:80:CD:C0:00:00:80:CF:80:00:00:80:CE:80:00:00:80:D1:00:00:00:80:CF:80:00:00:80:CF:80:00:00:80:D1:C0:00:00:80:CB:40:00:00:80:CC:40:00:00:80:CF:80:00:00:80:CF:40:00:00:80:CE:80:00:00:80:C9:40:00:00:80:CB:80:00:00:80:CD:00:00:00:80:D1:80:89:C8:00:00:FF:FF:00:00:00:AB:10:45:46]
[53:48:DA:00:C8:05:07:00:00:80:CF:00:00:00:80:D1:00:00:00:80:D0:40:00:00:80:CD:40:00:00:80:CE:00:00:00:80:CD:C0:00:00:80:CF:00:00:00:80:CC:80:00:00:80:CF:C0:00:00:80:CE:C0:00:00:80:CD:80:00:00:80:CF:80:00:00:80:CF:00:00:00:80:CE:C0:00:00:80:D0:00:00:00:80:CD:00:00:00:80:CD:80:00:00:80:D1:40:00:00:80:D0:40:00:00:80:D0:00:89:D3:80:00:FF:FF:00:00:00:AB:10:45:46]
[53:48:DA:00:C8:05:08:00:00:80:CD:C0:00:00:80:D0:C0:00:00:80:CD:40:00:00:80:D0:80:00:00:80:D0:80:00:00:80:CF:C0:00:00:80:CE:00:00:00:80:D2:40:00:00:80:CE:40:00:00:80:CF:80:00:00:80:D0:00:00:00:80:D1:00:00:00:80:D0:00:00:00:80:D2:C0:00:00:80:CD:C0:00:00:80:C7:C0:00:00:80:CE:00:00:00:80:D3:80:00:00:80:CC:40:00:00:80:D2:40:89:E3:00:00:FF:FF:00:00:00:AB:10:45:46]
[53:48:DA:00:C8:05:09:00:00:80:D1:C0:00:00:80:CF:80:00:00:80:D1:80:00:00:80:D1:00:00:00:80:CA:00:00:00:80:CF:00:00:00:80:D0:00:00:00:80:D0:40:00:00:80:CE:80:00:00:80:CF:00:00:00:80:CE:80:00:00:80:CB:00:00:00:80:CD:C0:00:00:80:CD:40:00:00:80:D1:C0:00:00:80:CB:80:00:00:80:CF:40:00:00:80:CB:00:00:00:80:CD:C0:00:00:80:CC:C0:89:DA:C0:00:FF:FF:00:00:00:AB:10:45:46]
[53:48:DA:00:C8:05:0A:00:00:80:CE:80:00:00:80:D1:80:00:00:80:CE:C0:00:00:80:CF:40:00:00:80:D2:80:00:00:80:CE:C0:00:00:80:D0:00:00:00:80:CF:40:00:00:80:D1:00:00:00:80:D3:40:00:00:80:CE:80:00:00:80:D0:80:00:00:80:D0:00:00:00:80:CF:C0:00:00:80:AE:40:00:00:80:D0:C0:00:00:80:CE:C0:00:00:80:CF:C0:00:00:80:D1:C0:00:00:80:D2:C0:89:CE:40:00:FF:FF:00:00:00:AB:10:45:46]
[53:48:DA:00:C8:05:0B:00:00:80:D1:40:00:00:80:CB:C0:00:00:80:CE:00:00:00:80:D0:00:00:00:80:CE:C0:00:00:80:CD:80:00:00:80:D0:00:00:00:80:CD:40:00:00:80:CF:40:00:00:80:CD:80:00:00:80:CF:C0:00:00:80:CE:C0:00:00:80:D0:40:00:00:80:CB:80:00:00:80:CF:40:00:00:80:CE:80:00:00:80:CE:40:00:00:80:CF:C0:00:00:80:CF:80:00:00:80:CF:40:89:E8:40:00:FF:FF:00:00:00:AB:10:45:46]
[53:48:DA:00:C8:05:0C:00:00:80:CF:80:00:00:80:C4:40:00:00:80:D1:40:00:00:80:D0:00:00:00:80:CE:C0:00:00:80:CD:C0:00:00:80:D2:80:00:00:80:CD:00:00:00:80:CF:40:00:00:80:BE:40:00:00:80:CD:00:00:00:80:D0:00:00:00:80:CF:00:00:00:80:9F:00:00:00:80:D1:40:00:00:80:CD:C0:00:00:80:C1:40:00:00:80:C5:00:00:00:80:BF:80:00:00:80:BD:00:89:CB:00:00:FF:FF:00:00:00:AB:10:45:46]
[53:48:DA:00:C8:05:0D:00:00:80:34:C0:00:00:7F:F6:00:00:00:7F:E8:00:00:00:7F:DD:00:00:00:7F:C9:40:00:00:80:2C:40:00:00:7F:DE:40:00:00:7F:D1:00:00:00:80:40:40:00:00:80:2F:00:00:00:7F:E2:40:00:00:7F:E3:C0:00:00:7F:E7:00:00:00:80:38:40:00:00:80:04:C0:00:00:7F:DB:00:00:00:7F:DE:00:00:00:7F:E0:40:00:00:80:23:C0:00:00:80:2A:80:89:F1:80:00:FF:FF:00:00:00:AB:10:45:46]
[53:48:DA:00:C8:05:0E:00:00:80:30:00:00:00:80:42:00:00:00:80:29:80:00:00:80:CC:40:00:00:80:CF:00:00:00:80:3E:C0:00:00:80:5B:C0:00:00:80:39:C0:00:00:80:B9:C0:00:00:80:44:40:00:00:80:46:80:00:00:80:60:00:00:00:80:76:40:00:00:80:4D:40:00:00:80:60:40:00:00:80:88:C0:00:00:80:CD:40:00:00:80:68:40:00:00:80:CA:00:00:00:80:B0:40:8A:01:00:00:FF:FF:00:00:00:AB:10:45:46]
[53:48:DA:00:C8:05:0F:00:00:80:CC:40:00:00:80:D3:80:00:00:80:D1:C0:00:00:80:9E:80:00:00:80:AD:00:00:00:80:97:C0:00:00:80:9E:C0:00:00:80:A6:40:00:00:80:B8:00:00:00:80:A4:40:00:00:80:B2:00:00:00:80:A9:C0:00:00:80:AE:00:00:00:80:B8:80:00:00:80:CA:C0:00:00:80:C7:40:00:00:80:BE:00:00:00:80:BE:40:00:00:80:C8:00:00:00:80:C2:80:89:F3:80:00:FF:FF:00:00:00:AB:10:45:46]
[53:48:DA:00:C8:05:00:00:00:00:00:00:00:00:80:C5:C0:00:00:80:D2:40:00:00:80:C1:80:00:00:80:CE:80:00:00:80:84:C0:00:00:80:CB:40:00:00:80:C2:40:00:00:80:BE:40:00:00:80:CB:00:00:00:80:CB:40:00:00:80:CF:80:00:00:80:C9:C0:00:00:80:C7:80:00:00:80:AE:00:00:00:80:D0:40:00:00:80:C1:C0:00:00:80:D0:00:00:00:80:B4:40:00:00:80:C4:80:89:D6:80:00:FF:FF:00:00:00:AB:10:45:46]
[53:48:DA:00:C8:05:01:00:00:80:D0:80:00:00:80:D1:C0:00:00:80:C9:C0:00:00:80:BF:00:00:00:80:BB:C0:00:00:80:CD:40:00:00:80:B8:00:00:00:80:AE:80:00:00:80:BC:C0:00:00:80:D0:80:00:00:80:CB:40:00:00:80:C1:00:00:00:80:C3:00:00:00:80:CD:00:00:00:80:D0:C0:00:00:80:CF:80:00:00:80:C7:C0:00:00:80:B5:00:00:00:80:BD:80:00:00:80:D1:40:89:C2:C0:00:FF:FF:00:00:00:AB:10:45:46]
[53:48:DA:00:C8:05:02:00:00:80:D0:80:00:00:80:D1:80:00:00:80:C3:80:00:00:80:C3:80:00:00:80:36:C0:00:00:80:CE:40:00:00:80:CF:40:00:00:80:C1:00:00:00:80:B7:80:00:00:80:C1:00:00:00:80:D0:80:00:00:80:D0:80:00:00:80:C1:80:00:00:80:D2:40:00:00:80:C4:00:00:00:80:C5:C0:00:00:80:CE:C0:00:00:80:D0:C0:00:00:80:C3:00:00:00:80:B9:80:89:DA:C0:00:FF:FF:00:00:00:AB:10:45:46]
[53:48:DA:00:C8:05:03:00:00:80:C9:00:00:00:80:CE:C0:00:00:80:CC:80:00:00:80:CF:C0:00:00:80:C0:40:00:00:80:B8:00:00:00:80:C2:00:00:00:80:D0:80:00:00:80:CF:80:00:00:80:C2:40:00:00:80:BF:C0:00:00:80:B6:40:00:00:80:B8:40:00:00:80:CE:00:00:00:80:D0:80:00:00:80:BE:80:00:00:80:BD:00:00:00:80:D2:40:00:00:80:C0:40:00:00:80:AD:40:89:DD:C0:00:FF:FF:00:00:00:AB:10:45:46]
[53:48:DA:00:C8:05:04:00:00:80:CD:C0:00:00:80:C8:C0:00:00:80:AD:00:00:00:80:24:C0:00:00:80:D0:00:00:00:80:D1:40:00:00:80:CB:00:00:00:80:C2:80:00:00:80:CD:00:00:00:80:CE:00:00:00:80:CF:00:00:00:80:C0:40:00:00:80:A9:80:00:00:80:C0:C0:00:00:80:CD:80:00:00:80:CF:40:00:00:80:CD:40:00:00:80:C6:40:00:00:80:B0:C0:00:00:80:BF:00:89:E8:40:00:FF:FF:00:00:00:AB:10:45:46]
[53:48:DA:00:C8:05:05:00:00:80:CF:00:00:00:80:CF:00:00:00:80:C0:80:00:00:80:B4:80:00:00:80:CE:C0:00:00:80:AA:C0:00:00:80:BF:C0:00:00:80:D0:80:00:00:80:CE:00:00:00:80:D0:C0:00:00:80:C2:80:00:00:80:C5:80:00:00:80:BD:C0:00:00:80:CF:C0:00:00:80:D1:80:00:00:80:CF:C0:00:00:80:C1:80:00:00:80:B3:80:00:00:80:C2:80:00:00:80:D1:80:89:E1:00:00:FF:FF:00:00:00:AB:10:45:46]
[53:48:DA:00:C8:05:06:00:00:80:D0:80:00:00:80:CF:C0:00:00:80:51:40:00:00:80:D2:C0:00:00:80:D0:40:00:00:80:D2:00:00:00:80:D1:00:00:00:80:CE:00:00:00:80:CE:40:00:00:80:CF:C0:00:00:80:CA:00:00:00:80:CD:00:00:00:80:D0:40:00:00:80:B5:C0:00:00:80:B2:C0:00:00:80:B9:C0:00:00:80:CA:00:00:00:80:CF:00:00:00:80:CD:00:00:00:80:C3:40:8A:09:40:00:FF:FF:00:00:00:AB:10:45:46]
[53:48:DA:00:C8:05:07:00:00:80:BF:C0:00:00:80:D0:40:00:00:80:CD:80:00:00:80:CC:80:00:00:80:C2:80:00:00:80:A4:80:00:00:80:C0:80:00:00:80:D0:C0:00:00:80:CF:40:00:00:80:C9:80:00:00:80:CC:C0:00:00:80:BF:C0:00:00:80:C4:40:00:00:80:CC:00:00:00:80:CD:C0:00:00:80:D1:80:00:00:80:C4:00:00:00:80:AF:80:00:00:80:BF:80:00:00:80:CD:80:89:FC:C0:00:FF:FF:00:00:00:AB:10:45:46]
[53:48:DA:00:C8:05:08:00:00:80:CF:80:00:00:80:50:00:00:00:80:D0:C0:00:00:80:C7:C0:00:00:80:D0:00:00:00:80:D1:00:00:00:80:CD:40:00:00:80:C3:C0:00:00:80:B4:80:00:00:80:BD:C0:00:00:80:D4:80:00:00:80:C1:00:00:00:80:D0:40:00:00:80:C4:80:00:00:80:AC:80:00:00:80:C2:80:00:00:80:CE:C0:00:00:80:D0:40:00:00:80:D0:C0:00:00:80:B0:80:8A:0B:40:00:FF:FF:00:00:00:AB:10:45:46]
[53:48:DA:00:C8:05:09:00:00:80:C0:40:00:00:80:CF:C0:00:00:80:CE:80:00:00:80:D1:00:00:00:80:C3:80:00:00:80:B3:40:00:00:80:C2:C0:00:00:80:D2:00:00:00:80:D2:C0:00:00:80:B4:80:00:00:80:BE:C0:00:00:80:D0:80:00:00:80:B6:C0:00:00:80:B5:00:00:00:80:C2:00:00:00:80:D1:00:00:00:80:CE:40:00:00:80:D0:40:00:00:80:C8:40:00:00:80:BB:00:89:F7:C0:00:FF:FF:00:00:00:AB:10:45:46]
[53:48:DA:00:C8:05:0A:00:00:80:15:40:00:00:80:D1:80:00:00:80:C5:C0:00:00:80:C9:40:00:00:80:AC:C0:00:00:80:C7:40:00:00:80:D0:00:00:00:80:CF:80:00:00:80:CC:80:00:00:80:C4:40:00:00:80:B7:40:00:00:80:C0:C0:00:00:80:D0:80:00:00:80:D1:C0:00:00:80:D1:80:00:00:80:C2:C0:00:00:80:BA:00:00:00:80:C3:80:00:00:80:D1:40:00:00:80:D0:C0:8A:01:00:00:FF:FF:00:00:00:AB:10:45:46]
[53:48:DA:00:C8:05:0B:00:00:80:C4:40:00:00:80:B9:00:00:00:80:BE:80:00:00:80:D1:40:00:00:80:CF:40:00:00:80:D0:40:00:00:80:B1:C0:00:00:80:AB:00:00:00:80:B7:C0:00:00:80:CE:00:00:00:80:CC:C0:00:00:80:CC:80:00:00:80:C5:C0:00:00:80:B1:C0:00:00:80:D1:40:00:00:80:CA:C0:00:00:80:C4:40:00:00:80:B6:00:00:00:80:C1:80:00:00:80:CE:C0:89:FA:C0:00:FF:FF:00:00:00:AB:10:45:46]
[53:48:DA:00:C8:05:0C:00:00:80:CF:C0:00:00:80:C2:80:00:00:80:BC:00:00:00:80:C8:00:00:00:80:CC:00:00:00:80:B3:C0:00:00:80:B3:C0:00:00:80:C1:40:00:00:80:D3:00:00:00:80:B6:C0:00:00:80:AA:00:00:00:80:BF:C0:00:00:80:D1:40:00:00:80:CD:80:00:00:80:CE:80:00:00:80:C8:80:00:00:80:B6:80:00:00:80:D0:40:00:00:80:CC:C0:00:00:80:BD:00:89:F5:80:00:FF:FF:00:00:00:AB:10:45:46]
[53:48:DA:00:C8:05:0D:00:00:80:CD:00:00:00:80:CD:80:00:00:80:CE:40:00:00:80:D2:C0:00:00:80:D1:C0:00:00:80:CE:C0:00:00:80:CF:80:00:00:80:CE:80:00:00:80:D2:00:00:00:80:D0:80:00:00:80:D1:40:00:00:80:CE:C0:00:00:80:CF:C0:00:00:80:D2:40:00:00:80:C5:00:00:00:80:BE:80:00:00:80:C1:80:00:00:80:CE:80:00:00:80:D1:00:00:00:80:19:80:89:EC:40:00:FF:FF:00:00:00:AB:10:45:46]
[53:48:DA:00:C8:05:0E:00:00:80:BE:80:00:00:80:C9:80:00:00:80:CD:C0:00:00:80:C9:40:00:00:80:CF:40:00:00:80:C4:C0:00:00:80:BD:40:00:00:80:C6:80:00:00:80:CF:00:00:00:80:CF:80:00:00:80:C7:C0:00:00:80:C6:00:00:00:80:CE:80:00:00:80:CD:80:00:00:80:D1:00:00:00:80:C7:C0:00:00:80:D0:40:00:00:80:CA:00:00:00:80:D0:40:00:00:80:D1:80:8A:2B:80:00:FF:FF:00:00:00:AB:10:45:46]
[53:48:DA:00:C8:05:0F:00:00:80:C8:40:00:00:80:BB:C0:00:00:80:C7:80:00:00:80:BF:00:00:00:80:C4:80:00:00:80:D1:80:00:00:80:B7:C0:00:00:80:CC:C0:00:00:80:C9:00:00:00:80:D2:40:00:00:80:CA:40:00:00:80:B6:00:00:00:80:C4:80:00:00:80:CD:80:00:00:80:CF:40:00:00:80:D2:40:00:00:80:C6:C0:00:00:80:CD:00:00:00:80:41:80:00:00:80:BC:80:8A:09:40:00:FF:FF:00:00:00:AB:10:45:46]
[53:48:DA:00:C8:05:10:00:00:80:CF:80:00:00:80:CE:00:00:00:80:CC:80:00:00:80:C6:80:00:00:80:CB:40:00:00:80:CD:40:00:00:80:BB:C0:00:00:80:C6:C0:00:00:80:BC:00:00:00:80:CB:00:00:00:80:B7:C0:00:00:80:C9:C0:00:00:80:D0:00:00:00:80:BB:40:00:00:80:C1:00:00:00:80:C5:40:00:00:80:C0:00:00:00:80:CE:80:00:00:80:D0:80:00:00:80:CE:00:8A:2D:80:00:FF:FF:00:00:00:AB:10:45:46]
[53:48:DA:00:C8:05:11:00:00:80:BA:C0:00:00:80:C9:80:00:00:80:C8:80:00:00:80:CD:00:00:00:80:CC:00:00:00:80:B6:40:00:00:80:C6:C0:00:00:80:D0:00:00:00:80:D3:40:00:00:80:CF:80:00:00:80:C9:00:00:00:80:BC:80:00:00:80:C1:C0:00:00:80:D0:00:00:00:80:C9:40:00:00:80:CD:40:00:00:80:CE:40:00:00:80:3D:C0:00:00:80:CC:40:00:00:80:CD:80:8A:3A:00:00:FF:FF:00:00:00:AB:10:45:46]
[53:48:DA:00:C8:05:12:00:00:80:CF:C0:00:00:80:C8:80:00:00:80:BB:C0:00:00:80:C7:40:00:00:80:CA:00:00:00:80:C8:80:00:00:80:D0:C0:00:00:80:C9:00:00:00:80:B9:C0:00:00:80:CA:00:00:00:80:CF:80:00:00:80:CF:00:00:00:80:AC:80:00:00:80:CF:80:00:00:80:D2:00:00:00:80:D2:C0:00:00:80:CC:40:00:00:80:D0:40:00:00:80:CF:80:00:00:80:C0:00:8A:21:00:00:FF:FF:00:00:00:AB:10:45:46]
[53:48:DA:00:C8:05:13:00:00:80:C9:C0:00:00:80:D0:40:00:00:80:D4:40:00:00:80:CD:00:00:00:80:CD:00:00:00:80:CA:00:00:00:80:D2:40:00:00:80:CB:00:00:00:80:CD:40:00:00:80:C2:40:00:00:80:C9:00:00:00:80:D0:80:00:00:80:BC:40:00:00:80:CD:C0:00:00:80:CF:80:00:00:80:D0:00:00:00:80:52:00:00:00:80:C6:80:00:00:80:D0:80:00:00:80:CC:00:8A:1D:00:00:FF:FF:00:00:00:AB:10:45:46]
[53:48:DA:00:C8:05:14:00:00:80:CE:C0:00:00:80:C7:80:00:00:80:C4:C0:00:00:80:C9:C0:00:00:80:C9:40:00:00:80:D0:80:00:00:80:CD:C0:00:00:80:CC:C0:00:00:80:CD:C0:00:00:80:D1:00:00:00:80:D0:80:00:00:80:CF:00:00:00:80:BB:C0:00:00:80:C8:C0:00:00:80:D1:00:00:00:80:CA:00:00:00:80:C4:C0:00:00:80:D2:C0:00:00:80:C5:00:00:00:80:CE:80:8A:12:80:00:FF:FF:00:00:00:AB:10:45:46]
[53:48:DA:00:C8:05:15:00:00:80:CB:00:00:00:80:D1:80:00:00:80:C0:80:00:00:80:D1:00:00:00:80:CB:80:00:00:80:CA:40:00:00:80:C5:80:00:00:80:CE:40:00:00:80:CE:C0:00:00:80:CE:40:00:00:80:CD:00:00:00:80:C9:00:00:00:80:D1:C0:00:00:80:D0:80:00:00:80:CD:80:00:00:80:A4:C0:00:00:80:C4:80:00:00:80:CB:00:00:00:80:CA:40:00:00:80:B6:80:8A:17:C0:00:FF:FF:00:00:00:AB:10:45:46]
[53:48:DA:00:C8:05:16:00:00:80:B7:80:00:00:80:BC:80:00:00:80:A8:C0:00:00:80:B2:C0:00:00:80:9B:40:00:00:80:9A:00:00:00:80:82:C0:00:00:80:7A:00:00:00:80:64:80:00:00:80:4E:80:00:00:80:39:00:00:00:80:0A:00:00:00:7F:FB:40:00:00:7F:E0:80:00:00:7F:C0:80:00:00:7F:97:80:00:00:7F:89:00:00:00:7F:33:80:00:00:7F:13:00:00:00:7E:F3:00:8A:29:80:00:FF:FF:00:00:00:AB:10:45:46]
[53:48:DA:00:C8:05:17:00:00:7E:7D:40:00:00:7E:78:40:00:00:7E:75:80:00:00:7E:3B:80:00:00:7E:25:80:00:00:7D:F9:00:00:00:7D:EC:C0:00:00:7D:D7:80:00:00:7D:DF:00:00:00:7D:B0:40:00:00:7D:84:C0:00:00:7D:7C:40:00:00:7D:6C:40:00:00:7D:96:40:00:00:7C:9B:00:00:00:7D:64:00:00:00:7D:72:80:00:00:7D:63:80:00:00:7D:39:40:00:00:7D:47:00:8A:29:80:00:FF:FF:00:00:00:AB:10:45:46]
[53:48:DA:00:C8:05:18:00:00:7D:4B:00:00:00:7D:1D:80:00:00:7C:F7:00:00:00:7C:FA:00:00:00:7D:3A:00:00:00:7D:1F:C0:00:00:7D:0E:00:00:00:7C:FE:80:00:00:7D:23:00:00:00:7D:0C:00:00:00:7C:C8:40:00:00:7C:FA:00:00:00:7C:E6:00:00:00:7D:2F:40:00:00:7C:D5:80:00:00:7C:E9:40:00:00:7C:B6:00:00:00:7C:B5:80:00:00:7C:93:00:00:00:7C:91:80:8A:2A:80:00:FF:FF:00:00:00:AB:10:45:46]
[53:48:DA:00:C8:05:19:00:00:7C:A2:80:00:00:7C:91:00:00:00:7C:AD:00:00:00:7C:79:00:00:00:7C:58:C0:00:00:7C:48:C0:00:00:7C:7C:00:00:00:7C:32:80:00:00:7C:4F:00:00:00:7C:38:80:00:00:7C:23:00:00:00:7C:42:80:00:00:7C:22:80:00:00:7C:7C:00:00:00:7C:77:80:00:00:7C:79:80:00:00:7C:2D:C0:00:00:7C:A8:80:00:00:7C:60:C0:00:00:7C:0C:40:8A:24:40:00:FF:FF:00:00:00:AB:10:45:46]
[53:48:DA:00:C8:05:1A:00:00:7C:4C:00:00:00:7C:58:C0:00:00:7C:62:00:00:00:7C:76:00:00:00:7C:6D:C0:00:00:7C:4F:80:00:00:7C:8F:80:00:00:7C:81:00:00:00:7C:64:40:00:00:7C:72:00:00:00:7C:93:40:00:00:7C:78:80:00:00:7C:67:80:00:00:7C:69:C0:00:00:7C:78:C0:00:00:7C:87:00:00:00:7C:7D:00:00:00:7C:9D:00:00:00:7C:68:40:00:00:7C:B8:C0:8A:1F:00:00:FF:FF:00:00:00:AB:10:45:46]
[53:48:DA:00:C8:05:1B:00:00:7C:EA:40:00:00:7D:08:80:00:00:7D:05:40:00:00:7D:96:80:00:00:7D:7A:C0:00:00:7D:90:00:00:00:7D:70:00:00:00:7D:B5:40:00:00:7D:D1:00:00:00:7D:D0:00:00:00:7E:14:00:00:00:7D:FB:C0:00:00:7E:0F:40:00:00:7E:38:80:00:00:7E:40:80:00:00:7E:7E:00:00:00:7E:90:00:00:00:7E:AD:C0:00:00:7E:AC:40:00:00:7E:B1:40:8A:12:80:00:FF:FF:00:00:00:AB:10:45:46]
[53:48:DA:00:C8:05:1C:00:00:7E:BD:C0:00:00:7E:E2:80:00:00:7E:EE:00:00:00:7E:EE:C0:00:00:7E:F3:80:00:00:7E:C9:C0:00:00:7E:CB:40:00:00:7E:DF:80:00:00:7F:26:40:00:00:7E:F8:40:00:00:7F:10:00:00:00:7F:1F:00:00:00:7F:4B:40:00:00:7F:6D:80:00:00:7F:7B:40:00:00:7F:7C:C0:00:00:7F:92:80:00:00:7F:A4:C0:00:00:7F:B6:C0:00:00:7F:C2:80:8A:31:C0:00:FF:FF:00:00:00:AB:10:45:46]
[53:48:DA:00:C8:05:1D:00:00:7F:B8:00:00:00:7F:BD:C0:00:00:7F:D2:40:00:00:7F:E2:40:00:00:7F:E1:80:00:00:7F:E9:80:00:00:7F:E0:00:00:00:7F:F9:40:00:00:80:00:C0:00:00:80:11:80:00:00:80:21:40:00:00:80:23:C0:00:00:80:1A:40:00:00:80:4D:00:00:00:80:3E:40:00:00:80:58:C0:00:00:80:6B:C0:00:00:80:51:80:00:00:80:61:40:00:00:80:67:40:8A:28:40:00:FF:FF:00:00:00:AB:10:45:46]
[53:48:DA:00:C8:05:1E:00:00:80:48:00:00:00:80:49:00:00:00:80:51:80:00:00:80:5E:00:00:00:80:5D:C0:00:00:80:61:C0:00:00:80:6E:C0:00:00:80:69:C0:00:00:80:6F:80:00:00:80:82:40:00:00:80:45:80:00:00:80:8F:40:00:00:80:8D:C0:00:00:80:92:40:00:00:80:92:40:00:00:80:9B:80:00:00:80:A4:00:00:00:80:A0:40:00:00:80:95:00:00:00:80:98:40:8A:20:00:00:FF:FF:00:00:00:AB:10:45:46]
[53:48:DA:00:C8:05:1F:00:00:80:B2:00:00:00:80:AF:C0:00:00:80:B4:40:00:00:80:96:C0:00:00:80:AF:C0:00:00:80:BC:40:00:00:80:C3:C0:00:00:80:C7:80:00:00:80:CB:00:00:00:80:C5:C0:00:00:80:CE:C0:00:00:80:C0:80:00:00:80:CA:80:00:00:80:C6:00:00:00:80:C8:00:00:00:80:C5:40:00:00:80:AB:00:00:00:80:B8:80:00:00:80:C5:00:00:00:80:CA:C0:8A:1B:00:00:FF:FF:00:00:00:AB:10:45:46]
[53:48:DA:00:C8:05:20:00:00:80:CF:40:00:00:80:C9:80:00:00:80:CD:00:00:00:80:CF:80:00:00:80:D6:80:00:00:80:CD:C0:00:00:80:D1:C0:00:00:80:D6:80:00:00:80:DA:C0:00:00:80:58:80:00:00:80:D2:40:00:00:80:B8:80:00:00:80:CC:40:00:00:80:CB:00:00:00:80:C2:C0:00:00:80:C2:C0:00:00:80:BE:00:00:00:80:C8:00:00:00:80:B1:40:00:00:80:CD:80:8A:29:80:00:FF:FF:00:00:00:AB:10:45:46]
[53:48:DA:00:C8:05:21:00:00:80:D2:80:00:00:80:DA:00:00:00:80:D4:40:00:00:80:D7:00:00:00:80:D4:80:00:00:80:CE:40:00:00:80:D0:00:00:00:80:B8:00:00:00:80:CF:80:00:00:80:CF:C0:00:00:80:C5:00:00:00:80:C7:80:00:00:80:CA:00:00:00:80:CF:00:00:00:80:CE:C0:00:00:80:CE:80:00:00:80:D0:40:00:00:80:C5:C0:00:00:80:CB:C0:00:00:80:D0:40:8A:08:40:00:FF:FF:00:00:00:AB:10:45:46]
[53:48:DA:00:C8:05:22:00:00:80:CE:C0:00:00:80:D2:00:00:00:80:CF:00:00:00:80:B7:80:00:00:80:C2:80:00:00:80:D1:00:00:00:80:B4:C0:00:00:80:CF:80:00:00:80:11:40:00:00:80:D0:00:00:00:80:D2:C0:00:00:80:CE:80:00:00:80:D2:80:00:00:80:CD:C0:00:00:80:CF:80:00:00:80:D0:80:00:00:80:CE:80:00:00:80:C1:00:00:00:80:CF:C0:00:00:80:CE:40:8A:25:40:00:FF:FF:00:00:00:AB:10:45:46]
[53:48:DA:00:C8:05:23:00:00:80:BA:00:00:00:80:CF:C0:00:00:80:CE:00:00:00:80:C7:80:00:00:80:CF:40:00:00:80:D2:40:00:00:80:D0:40:00:00:80:D0:80:00:00:80:C5:00:00:00:80:C5:80:00:00:80:D1:40:00:00:80:CF:00:00:00:80:CE:80:00:00:80:CE:80:00:00:80:CE:40:00:00:80:C7:00:00:00:80:B9:C0:00:00:80:CC:80:00:00:80:D3:40:00:00:80:D1:80:8A:2E:80:00:FF:FF:00:00:00:AB:10:45:46]
[53:48:DA:00:C8:05:24:00:00:80:D0:00:00:00:80:CC:00:00:00:80:CD:C0:00:00:80:CE:80:00:00:80:CB:40:00:00:80:C9:40:00:00:80:CB:C0:00:00:80:02:80:00:00:80:CB:00:00:00:80:CB:C0:00:00:80:C8:00:00:00:80:D1:00:00:00:80:D0:40:00:00:80:C5:80:00:00:80:C5:80:00:00:80:D3:C0:00:00:80:CF:00:00:00:80:D2:C0:00:00:80:D0:00:00:00:80:CE:80:8A:2C:80:00:FF:FF:00:00:00:AB:10:45:46]
[53:48:DA:00:C8:05:25:00:00:80:CC:40:00:00:80:CC:40:00:00:80:CB:C0:00:00:80:C9:80:00:00:80:C6:C0:00:00:80:C8:40:00:00:80:C3:40:00:00:80:C9:C0:00:00:80:C7:00:00:00:80:C7:40:00:00:80:C9:40:00:00:80:BB:C0:00:00:80:C9:40:00:00:80:CC:40:00:00:80:A9:80:00:00:80:BC:80:00:00:80:CC:40:00:00:80:C7:40:00:00:80:BC:C0:00:00:80:C9:40:8A:26:40:00:FF:FF:00:00:00:AB:10:45:46]
[53:48:DA:00:C8:05:26:00:00:80:C3:C0:00:00:80:B9:00:00:00:80:D0:C0:00:00:80:D2:40:00:00:80:D0:C0:00:00:80:DD:80:00:00:80:33:80:00:00:80:E9:00:00:00:80:E6:C0:00:00:80:EC:00:00:00:80:EE:C0:00:00:80:F0:40:00:00:80:EE:40:00:00:80:E4:80:00:00:80:E1:40:00:00:80:EE:40:00:00:80:EC:00:00:00:80:EE:40:00:00:80:EB:00:00:00:80:EC:80:8A:26:40:00:FF:FF:00:00:00:AB:10:45:46]
[53:48:DA:00:C8:05:27:00:00:80:F3:C0:00:00:81:18:00:00:00:81:07:40:00:00:80:F3:00:00:00:81:3C:80:00:00:81:0B:C0:00:00:81:20:80:00:00:81:2C:C0:00:00:81:60:C0:00:00:81:4C:00:00:00:81:8E:00:00:00:81:84:80:00:00:81:FC:00:00:00:81:A8:40:00:00:83:60:40:00:00:84:13:80:00:00:85:07:40:00:00:85:B2:00:00:00:87:3D:C0:00:00:88:6A:C0:8A:2A:80:00:FF:FF:00:00:00:AB:10:45:46]
[53:48:DA:00:C8:05:28:00:00:84:B8:40:00:00:86:19:00:00:00:8A:5E:80:00:00:8A:89:00:00:00:88:2D:C0:00:00:8A:D2:00:00:00:7E:9B:00:00:00:7B:0A:40:00:00:91:98:00:00:00:86:19:C0:00:00:7E:E9:C0:00:00:8F:A0:80:00:00:92:95:00:00:00:88:AF:40:00:00:82:90:00:00:00:75:D2:00:00:00:78:60:C0:00:00:86:D5:80:00:00:82:FA:00:00:00:90:DB:00:8A:37:00:00:FF:FF:00:00:00:AB:10:45:46]
[53:48:DA:00:C8:05:29:00:00:86:BA:00:00:00:8B:42:80:00:00:8B:7C:40:00:00:79:52:40:00:00:9D:DD:C0:00:00:8B:BB:C0:00:00:7F:CB:40:00:00:9E:C7:40:00:00:8E:BA:C0:00:00:89:00:C0:00:00:8F:0D:00:00:00:8D:E3:40:00:00:89:7C:C0:00:00:87:2D:40:00:00:87:60:C0:00:00:81:C0:C0:00:00:80:D5:C0:00:00:86:3E:C0:00:00:86:83:80:00:00:86:71:00:8A:30:C0:00:FF:FF:00:00:00:AB:10:45:46]
[53:48:DA:00:C8:05:2A:00:00:8B:4A:40:00:00:85:C9:80:00:00:84:7C:C0:00:00:88:DD:00:00:00:86:86:00:00:00:84:75:C0:00:00:86:F9:40:00:00:7F:E8:40:00:00:81:41:C0:00:00:84:F8:80:00:00:83:E6:C0:00:00:87:0C:80:00:00:87:D7:00:00:00:87:16:C0:00:00:83:02:00:00:00:87:88:00:00:00:81:55:40:00:00:8A:42:C0:00:00:89:1E:80:00:00:89:FE:80:8A:13:C0:00:FF:FF:00:00:00:AB:10:45:46]
[53:48:DA:00:C8:05:2B:00:00:85:B3:80:00:00:87:3D:80:00:00:82:E5:40:00:00:81:A4:80:00:00:83:91:C0:00:00:86:38:C0:00:00:86:39:00:00:00:85:87:40:00:00:85:66:80:00:00:85:1F:80:00:00:85:56:40:00:00:7F:C7:40:00:00:7F:22:80:00:00:80:AE:00:00:00:80:AF:00:00:00:81:C0:C0:00:00:84:DE:80:00:00:82:98:40:00:00:8B:08:C0:00:00:81:38:40:8A:31:C0:00:FF:FF:00:00:00:AB:10:45:46]
[53:48:DA:00:C8:05:2C:00:00:81:1E:C0:00:00:80:84:C0:00:00:81:3C:80:00:00:80:F1:40:00:00:84:BF:00:00:00:84:62:40:00:00:82:C9:00:00:00:83:A6:80:00:00:84:35:00:00:00:84:FB:40:00:00:81:96:00:00:00:80:C9:00:00:00:80:A2:C0:00:00:82:F9:C0:00:00:82:45:80:00:00:86:04:C0:00:00:81:E3:C0:00:00:83:4B:80:00:00:81:94:40:00:00:81:7D:C0:8A:33:C0:00:FF:FF:00:00:00:AB:10:45:46]
[53:48:DA:00:C8:05:2D:00:00:81:34:00:00:00:81:84:C0:00:00:82:2A:80:00:00:80:CF:80:00:00:81:1B:40:00:00:81:A8:00:00:00:80:E2:00:00:00:82:59:80:00:00:81:AC:80:00:00:81:59:00:00:00:80:FA:40:00:00:82:32:00:00:00:81:85:C0:00:00:81:AD:80:00:00:81:6E:C0:00:00:81:EC:C0:00:00:81:7E:80:00:00:81:7E:C0:00:00:81:86:C0:00:00:81:3D:80:8A:23:40:00:FF:FF:00:00:00:AB:10:45:46]
[53:48:DA:00:C8:05:2E:00:00:81:35:00:00:00:81:77:80:00:00:80:86:C0:00:00:80:FC:40:00:00:81:23:C0:00:00:81:25:40:00:00:81:00:C0:00:00:81:6A:00:00:00:80:BD:00:00:00:80:C5:80:00:00:81:0D:40:00:00:81:71:40:00:00:81:63:C0:00:00:81:52:00:00:00:81:1D:40:00:00:80:D0:80:00:00:81:29:40:00:00:80:BD:C0:00:00:80:F5:00:00:00:81:01:00:8A:26:40:00:FF:FF:00:00:00:AB:10:45:46]
[53:48:DA:00:C8:05:2F:00:00:80:F6:40:00:00:80:F6:40:00:00:81:15:40:00:00:81:56:40:00:00:81:16:80:00:00:81:3B:C0:00:00:81:1B:40:00:00:81:1C:00:00:00:81:02:80:00:00:81:0D:00:00:00:80:F0:40:00:00:80:FC:80:00:00:81:2B:40:00:00:81:3D:40:00:00:80:FF:80:00:00:80:E1:00:00:00:80:FB:80:00:00:80:FA:80:00:00:80:E8:C0:00:00:81:16:00:8A:13:C0:00:FF:FF:00:00:00:AB:10:45:46]
[53:48:DA:00:C8:05:30:00:00:81:16:40:00:00:80:37:C0:00:00:81:0B:80:00:00:81:20:00:00:00:80:FA:40:00:00:80:E5:40:00:00:80:D2:C0:00:00:80:C9:00:00:00:80:CF:80:00:00:80:EC:00:00:00:80:DC:40:00:00:80:E8:40:00:00:80:F3:00:00:00:80:EA:40:00:00:80:E0:C0:00:00:80:E9:00:00:00:80:F6:C0:00:00:80:F4:40:00:00:80:EC:C0:00:00:80:E8:40:8A:23:40:00:FF:FF:00:00:00:AB:10:45:46]
[53:48:DA:00:C8:05:31:00:00:80:DE:C0:00:00:80:D3:C0:00:00:80:E5:C0:00:00:80:DD:C0:00:00:80:E5:C0:00:00:80:F2:C0:00:00:80:F4:80:00:00:80:DF:80:00:00:80:E3:00:00:00:80:D4:80:00:00:80:BF:80:00:00:80:F0:C0:00:00:80:F5:40:00:00:80:DE:40:00:00:80:D8:80:00:00:80:D3:40:00:00:80:B3:80:00:00:80:D3:80:00:00:80:D6:C0:00:00:80:EC:80:8A:2F:C0:00:FF:FF:00:00:00:AB:10:45:46]
[53:48:DA:00:C8:05:32:00:00:80:28:40:00:00:80:D0:C0:00:00:80:C9:80:00:00:80:D8:C0:00:00:80:D9:80:00:00:80:ED:C0:00:00:80:E6:40:00:00:80:B8:80:00:00:80:E6:C0:00:00:80:C7:40:00:00:80:D0:80:00:00:80:B3:80:00:00:80:D6:40:00:00:80:DF:40:00:00:80:D3:C0:00:00:80:C7:40:00:00:80:C2:00:00:00:80:EA:80:00:00:80:DA:C0:00:00:80:D7:80:8A:1F:00:00:FF:FF:00:00:00:AB:10:45:46]
[53:48:DA:00:C8:05:33:00:00:80:D4:40:00:00:80:C6:80:00:00:80:B5:C0:00:00:80:C7:C0:00:00:80:CE:C0:00:00:80:D7:80:00:00:80:D8:40:00:00:80:E8:00:00:00:80:E2:40:00:00:80:E0:00:00:00:80:DE:C0:00:00:80:DC:40:00:00:80:DF:40:00:00:80:BD:C0:00:00:80:BA:80:00:00:80:D6:40:00:00:80:D5:00:00:00:80:D7:80:00:00:80:D0:00:00:00:80:C3:80:8A:21:00:00:FF:FF:00:00:00:AB:10:45:46]
[53:48:DA:00:C8:05:34:00:00:80:C8:C0:00:00:80:D3:40:00:00:80:DD:00:00:00:80:D5:40:00:00:80:D3:80:00:00:80:D2:40:00:00:80:D0:80:00:00:80:C9:80:00:00:80:D4:C0:00:00:80:CF:C0:00:00:80:D7:80:00:00:80:B2:80:00:00:80:D9:80:00:00:80:D2:C0:00:00:80:D3:80:00:00:80:D2:80:00:00:80:CF:80:00:00:80:B0:80:00:00:80:D3:80:00:00:80:AE:C0:8A:35:C0:00:FF:FF:00:00:00:AB:10:45:46]
[53:48:DA:00:C8:05:35:00:00:80:BF:80:00:00:80:BE:80:00:00:80:D3:C0:00:00:80:C4:00:00:00:80:DA:80:00:00:80:C7:00:00:00:80:AA:00:00:00:80:B8:C0:00:00:80:CD:40:00:00:80:AC:00:00:00:80:D0:40:00:00:80:CF:80:00:00:80:D1:C0:00:00:80:C6:00:00:00:80:D3:00:00:00:80:C3:C0:00:00:80:D3:40:00:00:80:CC:80:00:00:80:D6:00:00:00:80:85:40:8A:2D:80:00:FF:FF:00:00:00:AB:10:45:46]
[53:48:DA:00:C8:05:36:00:00:80:C9:40:00:00:80:D0:C0:00:00:80:D2:40:00:00:80:D4:C0:00:00:80:C6:80:00:00:80:B3:00:00:00:80:CD:C0:00:00:80:CD:40:00:00:80:CC:80:00:00:80:A5:80:00:00:80:BD:C0:00:00:80:D2:C0:00:00:80:D2:40:00:00:80:D1:C0:00:00:80:C7:40:00:00:80:AD:40:00:00:80:C0:80:00:00:80:CC:00:00:00:80:D3:40:00:00:80:D0:00:8A:34:C0:00:FF:FF:00:00:00:AB:10:45:46]
[53:48:DA:00:C8:05:37:00:00:80:9B:40:00:00:80:C4:80:00:00:80:D3:80:00:00:80:BF:00:00:00:80:CF:80:00:00:80:CF:00:00:00:80:C8:40:00:00:80:C3:00:00:00:80:AA:80:00:00:80:BB:40:00:00:80:D1:40:00:00:80:D2:00:00:00:80:D6:C0:00:00:80:BE:C0:00:00:80:D4:00:00:00:80:C9:C0:00:00:80:A1:80:00:00:80:CB:80:00:00:80:C9:80:00:00:80:D5:80:8A:09:40:00:FF:FF:00:00:00:AB:10:45:46]
[53:48:DA:00:C8:05:38:00:00:80:C6:40:00:00:80:D5:C0:00:00:80:CC:40:00:00:80:BE:80:00:00:80:C4:00:00:00:80:CC:C0:00:00:80:D0:40:00:00:80:D1:80:00:00:80:CB:00:00:00:80:B1:80:00:00:80:D3:C0:00:00:80:D3:00:00:00:80:D1:80:00:00:80:A5:00:00:00:80:C9:40:00:00:80:D0:00:00:00:80:D2:80:00:00:80:CA:80:00:00:80:B4:80:00:00:80:D0:C0:8A:1C:00:00:FF:FF:00:00:00:AB:10:45:46]
[53:48:DA:00:C8:05:39:00:00:80:B2:80:00:00:80:BD:40:00:00:80:D0:00:00:00:80:C2:00:00:00:80:A2:00:00:00:80:C9:00:00:00:80:CC:C0:00:00:80:D5:40:00:00:80:C9:C0:00:00:80:D3:40:00:00:80:D1:C0:00:00:80:AA:40:00:00:80:CC:00:00:00:80:BC:80:00:00:80:D1:C0:00:00:80:CC:40:00:00:80:CF:00:00:00:80:CD:40:00:00:80:B7:40:00:00:80:BC:40:8A:2F:C0:00:FF:FF:00:00:00:AB:10:45:46]
[53:48:DA:00:C8:05:3A:00:00:80:C1:C0:00:00:80:C0:80:00:00:80:C3:C0:00:00:80:CA:C0:00:00:80:B1:80:00:00:80:BE:00:00:00:80:C0:C0:00:00:80:AB:80:00:00:80:A5:00:00:00:80:AC:40:00:00:80:A1:40:00:00:80:81:00:00:00:80:7F:C0:00:00:80:4E:80:00:00:80:3E:C0:00:00:80:31:00:00:00:80:04:00:00:00:7F:EA:40:00:00:7F:A6:00:00:00:7F:53:C0:8A:27:40:00:FF:FF:00:00:00:AB:10:45:46]
[53:48:DA:00:C8:05:3B:00:00:7E:ED:40:00:00:7E:AD:40:00:00:7E:69:00:00:00:7E:01:00:00:00:7D:A4:40:00:00:7D:58:40:00:00:7D:44:40:00:00:7C:F5:C0:00:00:7D:12:40:00:00:7C:C3:40:00:00:7C:E0:00:00:00:7C:AA:C0:00:00:7C:98:00:00:00:7C:95:C0:00:00:7C:3F:40:00:00:7C:1F:40:00:00:7C:2E:00:00:00:7C:49:80:00:00:7C:3A:00:00:00:7C:32:40:8A:25:40:00:FF:FF:00:00:00:AB:10:45:46]
[53:48:DA:00:C8:05:3C:00:00:7C:3F:00:00:00:7C:22:40:00:00:7B:D3:40:00:00:7C:17:00:00:00:7B:F1:80:00:00:7C:20:C0:00:00:7C:36:C0:00:00:7C:07:00:00:00:7C:2E:00:00:00:7C:18:40:00:00:7C:11:00:00:00:7B:DD:C0:00:00:7B:C6:00:00:00:7B:E3:40:00:00:7B:CF:C0:00:00:7B:BA:00:00:00:7C:22:80:00:00:7B:FD:C0:00:00:7C:11:40:00:00:7B:F5:80:8A:0E:80:00:FF:FF:00:00:00:AB:10:45:46]
[53:48:DA:00:C8:05:3D:00:00:7C:0E:00:00:00:7C:20:40:00:00:7B:FD:40:00:00:7C:01:40:00:00:7C:23:C0:00:00:7C:59:C0:00:00:7C:2E:80:00:00:7C:4E:C0:00:00:7C:58:80:00:00:7C:67:40:00:00:7C:68:80:00:00:7C:79:00:00:00:7C:75:80:00:00:7C:4F:40:00:00:7C:90:00:00:00:7C:A2:40:00:00:7C:BB:40:00:00:7C:D7:00:00:00:7C:C2:C0:00:00:7C:EB:00:8A:24:40:00:FF:FF:00:00:00:AB:10:45:46]
[53:48:DA:00:C8:05:3E:00:00:7C:F5:C0:00:00:7C:FC:C0:00:00:7C:F1:C0:00:00:7C:CE:40:00:00:7C:E0:40:00:00:7D:06:C0:00:00:7D:3B:80:00:00:7D:24:40:00:00:7D:70:00:00:00:7D:59:00:00:00:7D:80:C0:00:00:7D:C0:C0:00:00:7D:A9:C0:00:00:7D:9B:80:00:00:7D:6F:40:00:00:7D:EE:40:00:00:7D:E9:C0:00:00:7E:27:C0:00:00:7E:2A:C0:00:00:7E:1D:C0:8A:33:C0:00:FF:FF:00:00:00:AB:10:45:46]
[53:48:DA:00:C8:05:3F:00:00:7E:7C:00:00:00:7E:8F:00:00:00:7E:7B:40:00:00:7E:C1:C0:00:00:7E:CE:80:00:00:7E:E1:40:00:00:7F:05:00:00:00:7F:00:40:00:00:7F:31:40:00:00:7F:36:00:00:00:7F:47:40:00:00:7F:62:80:00:00:7F:79:80:00:00:7F:9B:C0:00:00:7F:B7:80:00:00:7F:E1:00:00:00:7F:F2:80:00:00:80:0D:80:00:00:80:15:00:00:00:80:12:00:8A:3A:00:00:FF:FF:00:00:00:AB:10:45:46]
[53:48:DA:00:C8:05:40:00:00:80:33:00:00:00:80:50:80:00:00:80:51:C0:00:00:80:57:40:00:00:80:56:00:00:00:80:51:40:00:00:80:63:40:00:00:80:71:80:00:00:80:61:00:00:00:80:82:80:00:00:80:74:C0:00:00:80:6E:C0:00:00:80:85:80:00:00:80:23:00:00:00:80:8B:80:00:00:80:71:C0:00:00:80:8C:80:00:00:80:8A:40:00:00:80:96:00:00:00:80:95:00:8A:41:40:00:FF:FF:00:00:00:AB:10:45:46]
[53:48:DA:00:C8:05:41:00:00:80:96:00:00:00:80:96:40:00:00:80:88:40:00:00:80:96:40:00:00:80:A3:80:00:00:80:A6:40:00:00:80:A6:C0:00:00:80:A0:80:00:00:80:AD:00:00:00:80:AB:00:00:00:80:AB:40:00:00:80:B0:00:00:00:80:AE:00:00:00:80:A6:40:00:00:80:A6:C0:00:00:80:B1:C0:00:00:80:AE:40:00:00:80:B3:C0:00:00:80:A8:00:00:00:80:AD:C0:8A:41:40:00:FF:FF:00:00:00:AB:10:45:46]
[53:48:DA:00:C8:05:42:00:00:80:A7:40:00:00:80:B4:00:00:00:80:B7:80:00:00:80:B6:40:00:00:80:B0:00:00:00:80:AD:80:00:00:80:AF:C0:00:00:80:B8:80:00:00:80:B1:C0:00:00:80:B7:00:00:00:80:B4:40:00:00:80:9F:40:00:00:80:12:C0:00:00:80:B9:00:00:00:80:B7:40:00:00:80:A6:00:00:00:80:B2:40:00:00:80:9A:40:00:00:80:AF:00:00:00:80:AF:C0:8A:2D:80:00:FF:FF:00:00:00:AB:10:45:46]
[53:48:DA:00:C8:05:43:00:00:80:AF:00:00:00:80:A5:00:00:00:80:A0:40:00:00:80:B1:40:00:00:80:AE:80:00:00:80:AD:80:00:00:80:AE:00:00:00:80:A5:80:00:00:80:A8:40:00:00:80:9E:80:00:00:80:B1:C0:00:00:80:A9:00:00:00:80:A5:40:00:00:80:AF:00:00:00:80:A7:C0:00:00:80:AE:C0:00:00:80:B7:40:00:00:80:BB:00:00:00:80:C1:C0:00:00:80:BF:80:8A:31:C0:00:FF:FF:00:00:00:AB:10:45:46]
[53:48:DA:00:C8:05:44:00:00:80:C5:80:00:00:80:CC:C0:00:00:80:CA:C0:00:00:80:CD:80:00:00:80:CE:C0:00:00:80:BD:00:00:00:80:B8:00:00:00:80:CD:80:00:00:80:CA:40:00:00:80:AA:40:00:00:80:BE:00:00:00:80:01:00:00:00:80:C3:80:00:00:80:C3:40:00:00:80:C4:C0:00:00:80:BF:80:00:00:80:BA:40:00:00:80:BA:40:00:00:80:C4:00:00:00:80:C4:40:8A:4E:C0:00:FF:FF:00:00:00:AB:10:45:46]
[53:48:DA:00:C8:05:45:00:00:80:BC:80:00:00:80:BD:80:00:00:80:B6:00:00:00:80:C4:00:00:00:80:B3:40:00:00:80:C3:80:00:00:80:BD:80:00:00:80:BF:80:00:00:80:B1:80:00:00:80:B6:00:00:00:80:BD:C0:00:00:80:B7:C0:00:00:80:BC:40:00:00:80:AF:00:00:00:80:B4:C0:00:00:80:BC:80:00:00:80:BB:C0:00:00:80:BC:00:00:00:80:B8:C0:00:00:80:A3:80:8A:34:C0:00:FF:FF:00:00:00:AB:10:45:46]
[53:48:DA:00:C8:05:46:00:00:80:B3:80:00:00:80:B6:80:00:00:80:BD:40:00:00:80:BD:80:00:00:80:B0:00:00:00:80:C3:80:00:00:80:C1:80:00:00:80:C2:C0:00:00:80:C9:40:00:00:80:C7:00:00:00:80:16:80:00:00:80:C0:00:00:00:80:B7:00:00:00:80:C9:40:00:00:80:C6:40:00:00:80:CA:C0:00:00:80:B8:C0:00:00:80:C9:80:00:00:80:C6:00:00:00:80:CD:40:8A:38:00:00:FF:FF:00:00:00:AB:10:45:46]
[53:48:DA:00:C8:05:47:00:00:80:CE:C0:00:00:80:CA:80:00:00:80:BE:80:00:00:80:CA:80:00:00:80:CF:C0:00:00:80:D1:C0:00:00:80:D1:40:00:00:80:BC:40:00:00:80:D2:00:00:00:80:CE:C0:00:00:80:D2:80:00:00:80:CB:C0:00:00:80:CB:80:00:00:80:CC:00:00:00:80:D2:80:00:00:80:D0:80:00:00:80:CE:40:00:00:80:CB:40:00:00:80:CB:C0:00:00:80:CD:00:8A:38:00:00:FF:FF:00:00:00:AB:10:45:46]
[53:48:DA:00:C8:05:48:00:00:80:D3:40:00:00:80:CF:40:00:00:80:D4:80:00:00:80:C7:80:00:00:80:CF:40:00:00:80:CE:40:00:00:80:C2:40:00:00:80:D0:80:00:00:80:CF:80:00:00:80:4C:00:00:00:80:CF:C0:00:00:80:C6:80:00:00:80:CB:C0:00:00:80:CF:80:00:00:80:CB:80:00:00:80:C5:80:00:00:80:CD:C0:00:00:80:CF:C0:00:00:80:D0:00:00:00:80:D1:80:8A:43:40:00:FF:FF:00:00:00:AB:10:45:46]
[53:48:DA:00:C8:05:49:00:00:80:CE:00:00:00:80:D1:00:00:00:80:CA:80:00:00:80:D2:40:00:00:80:D2:40:00:00:80:CB:C0:00:00:80:CE:C0:00:00:80:D5:40:00:00:80:D3:40:00:00:80:D1:C0:00:00:80:C8:C0:00:00:80:D1:C0:00:00:80:CD:80:00:00:80:CE:C0:00:00:80:D4:C0:00:00:80:D2:C0:00:00:80:D3:80:00:00:80:D2:40:00:00:80:D5:40:00:00:80:D5:C0:8A:29:80:00:FF:FF:00:00:00:AB:10:45:46]
[53:48:DA:00:C8:05:4A:00:00:80:D3:00:00:00:80:D3:80:00:00:80:D1:C0:00:00:80:D3:40:00:00:80:D3:40:00:00:80:CC:40:00:00:80:D4:40:00:00:80:D0:00:00:00:80:7E:C0:00:00:80:CD:40:00:00:80:CD:00:00:00:80:D2:00:00:00:80:CD:40:00:00:80:D1:40:00:00:80:C4:C0:00:00:80:CE:00:00:00:80:CA:80:00:00:80:CB:C0:00:00:80:D0:40:00:00:80:CD:C0:8A:51:C0:00:FF:FF:00:00:00:AB:10:45:46]
[53:48:DA:00:C8:05:4B:00:00:80:CE:C0:00:00:80:D1:40:00:00:80:D2:C0:00:00:80:D3:80:00:00:80:D0:80:00:00:80:D0:40:00:00:80:CD:80:00:00:80:CF:40:00:00:80:D0:C0:00:00:80:CE:00:00:00:80:CB:80:00:00:80:D4:00:00:00:80:CF:00:00:00:80:CD:80:00:00:80:CA:00:00:00:80:CD:C0:00:00:80:CF:C0:00:00:80:D2:40:00:00:80:D0:80:00:00:80:D9:40:8A:4E:C0:00:FF:FF:00:00:00:AB:10:45:46]
[53:48:DA:00:C8:05:4C:00:00:80:BE:40:00:00:80:D0:00:00:00:80:D4:40:00:00:80:BC:00:00:00:80:C5:40:00:00:80:CE:C0:00:00:80:D0:C0:00:00:80:55:40:00:00:80:CE:80:00:00:80:D2:00:00:00:80:B7:C0:00:00:80:C9:C0:00:00:80:CE:80:00:00:80:BF:C0:00:00:80:BE:00:00:00:80:CA:80:00:00:80:CB:C0:00:00:80:CB:C0:00:00:80:CB:C0:00:00:80:CA:80:8A:27:40:00:FF:FF:00:00:00:AB:10:45:46]
[53:48:DA:00:C8:05:4D:00:00:80:CC:40:00:00:80:B2:C0:00:00:80:CE:C0:00:00:80:D3:00:00:00:80:CE:80:00:00:80:CC:C0:00:00:80:CD:C0:00:00:80:D1:40:00:00:80:C9:80:00:00:80:CD:00:00:00:80:D3:C0:00:00:80:CC:40:00:00:80:C3:80:00:00:80:CA:80:00:00:80:CC:40:00:00:80:C7:40:00:00:80:CE:40:00:00:80:CA:40:00:00:80:BB:80:00:00:80:C0:C0:8A:50:C0:00:FF:FF:00:00:00:AB:10:45:46]
[53:48:DA:00:C8:05:4E:00:00:80:C8:80:00:00:80:C6:40:00:00:80:C9:80:00:00:80:CA:40:00:00:80:C9:00:00:00:80:B3:C0:00:00:80:2F:80:00:00:80:C4:C0:00:00:80:CC:C0:00:00:80:C8:00:00:00:80:CA:40:00:00:80:CE:00:00:00:80:C7:80:00:00:80:CE:00:00:00:80:CE:00:00:00:80:C8:00:00:00:80:CB:00:00:00:80:C7:40:00:00:80:CE:80:00:00:80:C9:00:8A:3B:00:00:FF:FF:00:00:00:AB:10:45:46]
[53:48:DA:00:C8:05:4F:00:00:80:CD:00:00:00:80:C1:00:00:00:80:C6:00:00:00:80:B8:C0:00:00:80:93:00:00:00:80:B6:40:00:00:80:AA:C0:00:00:80:AB:C0:00:00:80:AA:40:00:00:80:A0:80:00:00:80:AD:80:00:00:80:AC:80:00:00:80:B1:00:00:00:80:B0:00:00:00:80:B4:80:00:00:80:B4:00:00:00:80:B2:80:00:00:80:B4:40:00:00:80:94:40:00:00:80:A9:40:8A:54:00:00:FF:FF:00:00:00:AB:10:45:46]
[53:48:DA:00:C8:05:50:00:00:80:B6:00:00:00:80:BA:80:00:00:80:B2:80:00:00:80:BB:C0:00:00:80:B5:C0:00:00:80:4A:80:00:00:80:C2:40:00:00:80:C3:40:00:00:80:C7:C0:00:00:80:C8:00:00:00:80:A4:C0:00:00:80:C1:00:00:00:80:C5:40:00:00:80:BA:C0:00:00:80:D2:80:00:00:80:D3:00:00:00:80:CF:C0:00:00:80:D0:C0:00:00:80:D5:C0:00:00:80:D3:80:8A:31:C0:00:FF:FF:00:00:00:AB:10:45:46]
[53:48:DA:00:C8:05:51:00:00:80:D1:40:00:00:80:D0:80:00:00:80:D1:C0:00:00:80:D4:00:00:00:80:D5:00:00:00:80:D5:40:00:00:80:D3:40:00:00:80:D3:80:00:00:80:D3:40:00:00:80:CF:40:00:00:80:D4:40:00:00:80:D1:40:00:00:80:CE:00:00:00:80:CB:C0:00:00:80:D6:40:00:00:80:D5:C0:00:00:80:D4:40:00:00:80:BB:C0:00:00:80:CE:80:00:00:80:D2:C0:8A:3E:40:00:FF:FF:00:00:00:AB:10:45:46]
[53:48:DA:00:C8:05:52:00:00:80:D6:40:00:00:80:DA:00:00:00:80:DA:C0:00:00:80:D6:C0:00:00:80:8A:00:00:00:80:D4:C0:00:00:80:D4:C0:00:00:80:D5:00:00:00:80:D9:40:00:00:80:D6:C0:00:00:80:D6:00:00:00:80:D8:80:00:00:80:D9:80:00:00:80:D8:00:00:00:80:D7:80:00:00:80:D2:C0:00:00:80:CD:00:00:00:80:D5:80:00:00:80:D8:C0:00:00:80:D7:40:8A:3F:40:00:FF:FF:00:00:00:AB:10:45:46]
[53:48:DA:00:C8:05:53:00:00:80:BE:C0:00:00:80:CE:C0:00:00:80:DA:00:00:00:80:D8:80:00:00:80:D7:C0:00:00:80:D9:40:00:00:80:D4:80:00:00:80:CF:C0:00:00:80:CE:40:00:00:80:D7:80:00:00:80:CC:C0:00:00:80:D3:40:00:00:80:D1:80:00:00:80:D4:C0:00:00:80:D4:00:00:00:80:C7:40:00:00:80:CC:80:00:00:80:CE:C0:00:00:80:CB:C0:00:00:80:D3:40:8A:42:40:00:FF:FF:00:00:00:AB:10:45:46]
[53:48:DA:00:C8:05:54:00:00:80:D4:80:00:00:80:D4:C0:00:00:80:C6:00:00:00:80:9E:00:00:00:80:C3:40:00:00:80:D0:00:00:00:80:D3:80:00:00:80:D1:80:00:00:80:D2:40:00:00:80:D0:C0:00:00:80:D4:00:00:00:80:D4:00:00:00:80:D6:C0:00:00:80:CC:80:00:00:80:D0:C0:00:00:80:D4:C0:00:00:80:D4:C0:00:00:80:D3:40:00:00:80:D4:C0:00:00:80:CB:C0:8A:3C:00:00:FF:FF:00:00:00:AB:10:45:46]
[53:48:DA:00:C8:05:55:00:00:80:D6:80:00:00:80:D3:80:00:00:80:D6:40:00:00:80:D5:00:00:00:80:D5:80:00:00:80:D7:00:00:00:80:C8:40:00:00:80:D0:00:00:00:80:C8:00:00:00:80:D4:00:00:00:80:D2:00:00:00:80:D2:00:00:00:80:C5:40:00:00:80:CD:C0:00:00:80:D2:40:00:00:80:D0:00:00:00:80:D3:00:00:00:80:D3:00:00:00:80:C9:00:00:00:80:B8:00:8A:3D:00:00:FF:FF:00:00:00:AB:10:45:46]
[53:48:DA:00:C8:05:56:00:00:80:D2:80:00:00:80:D7:80:00:00:80:A6:C0:00:00:80:C6:40:00:00:80:CB:C0:00:00:80:D4:00:00:00:80:D2:C0:00:00:80:D1:00:00:00:80:D3:40:00:00:80:D3:C0:00:00:80:D2:40:00:00:80:CF:00:00:00:80:CB:C0:00:00:80:D7:00:00:00:80:D1:00:00:00:80:D1:00:00:00:80:D3:00:00:00:80:C5:00:00:00:80:D1:C0:00:00:80:D1:40:8A:42:40:00:FF:FF:00:00:00:AB:10:45:46]
[53:48:DA:00:C8:05:57:00:00:80:CF:C0:00:00:80:CB:00:00:00:80:D2:00:00:00:80:D1:80:00:00:80:D4:C0:00:00:80:CF:80:00:00:80:CE:40:00:00:80:CA:00:00:00:80:CF:40:00:00:80:CD:00:00:00:80:CF:80:00:00:80:D0:40:00:00:80:C9:40:00:00:80:D3:00:00:00:80:CD:80:00:00:80:D3:00:00:00:80:C5:80:00:00:80:D4:80:00:00:80:D0:C0:00:00:80:C9:40:8A:22:40:00:FF:FF:00:00:00:AB:10:45:46]
[53:48:DA:00:C8:05:58:00:00:80:CA:40:00:00:80:CF:00:00:00:80:CF:C0:00:00:80:D0:80:00:00:80:D2:00:00:00:80:D4:00:00:00:80:C7:80:00:00:80:CF:00:00:00:80:D3:40:00:00:80:D1:00:00:00:80:CD:C0:00:00:80:D3:40:00:00:80:C8:80:00:00:80:CF:C0:00:00:80:CF:40:00:00:80:CC:80:00:00:80:D0:80:00:00:80:D3:40:00:00:80:C8:00:00:00:80:D2:C0:8A:34:C0:00:FF:FF:00:00:00:AB:10:45:46]
[53:48:DA:00:C8:05:59:00:00:80:C7:80:00:00:80:D1:80:00:00:80:D2:C0:00:00:80:D1:40:00:00:80:D2:40:00:00:80:CD:80:00:00:80:D3:C0:00:00:80:C1:C0:00:00:80:C3:00:00:00:80:D3:80:00:00:80:D0:40:00:00:80:D4:40:00:00:80:CD:80:00:00:80:D4:C0:00:00:80:D1:C0:00:00:80:CE:C0:00:00:80:C1:80:00:00:80:D0:40:00:00:80:C6:00:00:00:80:D0:C0:8A:41:40:00:FF:FF:00:00:00:AB:10:45:46]
[53:48:DA:00:C8:05:5A:00:00:80:D1:00:00:00:80:CE:40:00:00:80:CD:40:00:00:80:CD:40:00:00:80:D4:40:00:00:80:D0:80:00:00:80:D1:80:00:00:80:CC:C0:00:00:80:C7:80:00:00:80:C6:00:00:00:80:D0:80:00:00:80:D1:00:00:00:80:D2:80:00:00:80:CE:C0:00:00:80:CC:80:00:00:80:CE:C0:00:00:80:C7:40:00:00:80:CA:00:00:00:80:CF:40:00:00:80:D2:80:8A:38:00:00:FF:FF:00:00:00:AB:10:45:46]
[53:48:DA:00:C8:05:5B:00:00:80:D4:40:00:00:80:D5:40:00:00:80:CE:00:00:00:80:D4:00:00:00:80:CD:40:00:00:80:CC:C0:00:00:80:D2:00:00:00:80:CC:40:00:00:80:CF:00:00:00:80:D3:80:00:00:80:D3:40:00:00:80:D1:40:00:00:80:CE:40:00:00:80:D1:C0:00:00:80:D0:00:00:00:80:D0:C0:00:00:80:D4:00:00:00:80:D3:00:00:00:80:C5:00:00:00:80:BE:00:8A:3A:00:00:FF:FF:00:00:00:AB:10:45:46]
[53:48:DA:00:C8:05:5C:00:00:80:CB:C0:00:00:80:D4:00:00:00:80:D1:40:00:00:80:C6:80:00:00:80:BE:40:00:00:80:BC:40:00:00:80:D3:40:00:00:80:D1:40:00:00:80:D5:40:00:00:80:CD:00:00:00:80:AF:80:00:00:80:B9:40:00:00:80:D2:40:00:00:80:D3:00:00:00:80:D3:80:00:00:80:C4:00:00:00:80:BE:00:00:00:80:C9:40:00:00:80:CF:40:00:00:80:BD:40:8A:37:00:00:FF:FF:00:00:00:AB:10:45:46]
[53:48:DA:00:C8:05:5D:00:00:80:CF:00:00:00:80:CF:C0:00:00:80:D1:C0:00:00:80:CA:00:00:00:80:C8:80:00:00:80:CF:40:00:00:80:CF:00:00:00:80:CC:80:00:00:80:D1:C0:00:00:80:D3:80:00:00:80:CE:40:00:00:80:CE:80:00:00:80:D2:00:00:00:80:CE:80:00:00:80:D4:C0:00:00:80:C7:C0:00:00:80:C7:C0:00:00:80:D1:80:00:00:80:C6:00:00:00:80:D2:00:8A:38:00:00:FF:FF:00:00:00:AB:10:45:46]
[53:48:DA:00:C8:05:5E:00:00:80:CD:00:00:00:80:D3:00:00:00:80:D3:00:00:00:80:CB:80:00:00:80:CF:C0:00:00:80:CF:40:00:00:80:D1:00:00:00:80:CD:80:00:00:80:D1:80:00:00:80:C3:C0:00:00:80:CE:C0:00:00:80:CC:80:00:00:80:D2:80:00:00:80:CD:00:00:00:80:D1:C0:00:00:80:CC:80:00:00:80:C4:80:00:00:80:CB:40:00:00:80:AB:C0:00:00:80:C7:C0:8A:45:80:00:FF:FF:00:00:00:AB:10:45:46]
[53:48:DA:00:C8:05:5F:00:00:80:D0:C0:00:00:80:CE:00:00:00:80:D2:C0:00:00:80:CA:40:00:00:80:C5:00:00:00:80:C8:40:00:00:80:C9:C0:00:00:80:CF:C0:00:00:80:CD:C0:00:00:80:C1:80:00:00:80:D3:C0:00:00:80:D3:00:00:00:80:CC:C0:00:00:80:CD:80:00:00:80:D0:C0:00:00:80:CC:C0:00:00:80:D0:40:00:00:80:CE:C0:00:00:80:C7:40:00:00:80:D1:00:8A:47:80:00:FF:FF:00:00:00:AB:10:45:46]
[53:48:DA:00:C8:05:60:00:00:80:CD:80:00:00:80:CE:40:00:00:80:C7:00:00:00:80:CB:40:00:00:80:BE:80:00:00:80:C9:40:00:00:80:CF:40:00:00:80:CA:00:00:00:80:D0:00:00:00:80:CB:00:00:00:80:C3:00:00:00:80:CC:40:00:00:80:D1:40:00:00:80:C8:80:00:00:80:C8:00:00:00:80:CF:C0:00:00:80:CF:40:00:00:80:94:00:00:00:80:CC:80:00:00:80:D0:80:8A:48:80:00:FF:FF:00:00:00:AB:10:45:46]
[53:48:DA:00:C8:05:61:00:00:80:CD:80:00:00:80:D1:00:00:00:80:CE:40:00:00:80:D0:C0:00:00:80:CD:C0:00:00:80:C1:80:00:00:80:B7:80:00:00:80:D3:80:00:00:80:D0:C0:00:00:80:D1:C0:00:00:80:CA:C0:00:00:80:C6:C0:00:00:80:CA:00:00:00:80:D1:00:00:00:80:D1:80:00:00:80:D1:80:00:00:80:CC:C0:00:00:80:CC:00:00:00:80:CA:C0:00:00:80:CE:40:8A:35:C0:00:FF:FF:00:00:00:AB:10:45:46]
[53:48:DA:00:C8:05:62:00:00:80:CE:C0:00:00:80:D0:C0:00:00:80:C2:80:00:00:80:C9:80:00:00:80:D1:40:00:00:80:CF:C0:00:00:80:D1:80:00:00:80:CE:00:00:00:80:C2:C0:00:00:80:CC:40:00:00:80:C4:80:00:00:80:D2:40:00:00:80:CF:40:00:00:80:CE:40:00:00:80:C2:40:00:00:80:CE:C0:00:00:80:78:80:00:00:80:D3:00:00:00:80:D1:00:00:00:80:CB:00:8A:45:80:00:FF:FF:00:00:00:AB:10:45:46]
[53:48:DA:00:C8:05:63:00:00:80:CF:00:00:00:80:CE:80:00:00:80:D0:80:00:00:80:D3:00:00:00:80:C8:80:00:00:80:BE:80:00:00:80:D0:00:00:00:80:CF:40:00:00:80:D1:80:00:00:80:D1:40:00:00:80:CE:C0:00:00:80:C6:80:00:00:80:CC:40:00:00:80:CE:C0:00:00:80:D1:40:00:00:80:D1:40:00:00:80:CD:80:00:00:80:C5:40:00:00:80:CA:40:00:00:80:CD:40:8A:35:C0:00:FF:FF:00:00:00:AB:10:45:46]
[53:48:DA:00:C8:05:64:00:00:80:D1:40:00:00:80:C7:C0:00:00:80:C3:80:00:00:80:C5:C0:00:00:80:D0:00:00:00:80:CF:00:00:00:80:CE:40:00:00:80:C2:80:00:00:80:C5:C0:00:00:80:CA:C0:00:00:80:D1:C0:00:00:80:C5:00:00:00:80:D2:40:00:00:80:D0:00:00:00:80:D1:80:00:00:80:70:40:00:00:80:D0:00:00:00:80:D1:00:00:00:80:D1:40:00:00:80:CC:40:8A:28:40:00:FF:FF:00:00:00:AB:10:45:46]
[53:48:DA:00:C8:05:65:00:00:80:CF:40:00:00:80:D1:00:00:00:80:CB:00:00:00:80:C6:00:00:00:80:CE:00:00:00:80:CB:C0:00:00:80:CE:C0:00:00:80:CF:80:00:00:80:D0:40:00:00:80:D0:C0:00:00:80:D2:00:00:00:80:D3:C0:00:00:80:CF:80:00:00:80:CF:80:00:00:80:CD:40:00:00:80:C6:40:00:00:80:C6:80:00:00:80:D1:C0:00:00:80:CD:C0:00:00:80:CF:00:8A:3B:00:00:FF:FF:00:00:00:AB:10:45:46]
[53:48:DA:00:C8:05:66:00:00:80:D0:00:00:00:80:BB:00:00:00:80:D0:C0:00:00:80:D0:00:00:00:80:CF:40:00:00:80:D2:40:00:00:80:C1:C0:00:00:80:CC:40:00:00:80:CE:00:00:00:80:D2:C0:00:00:80:CF:80:00:00:80:C7:00:00:00:80:C3:80:00:00:80:CE:00:00:00:80:7C:80:00:00:80:D0:40:00:00:80:CE:C0:00:00:80:CA:C0:00:00:80:CC:80:00:00:80:D0:00:8A:58:00:00:FF:FF:00:00:00:AB:10:45:46]
[53:48:DA:00:C8:05:67:00:00:80:D1:C0:00:00:80:D1:C0:00:00:80:D2:80:00:00:80:D3:40:00:00:80:CF:00:00:00:80:C6:00:00:00:80:C4:C0:00:00:80:C6:00:00:00:80:CA:80:00:00:80:D0:C0:00:00:80:CE:00:00:00:80:CF:80:00:00:80:C9:80:00:00:80:C6:80:00:00:80:CA:00:00:00:80:D0:40:00:00:80:D0:00:00:00:80:D0:00:00:00:80:CB:40:00:00:80:C0:C0:8A:44:40:00:FF:FF:00:00:00:AB:10:45:46]
[53:48:DA:00:C8:05:68:00:00:80:CE:40:00:00:80:CF:80:00:00:80:D3:C0:00:00:80:C9:C0:00:00:80:CC:00:00:00:80:CF:40:00:00:80:CC:C0:00:00:80:C6:40:00:00:80:CE:00:00:00:80:BF:00:00:00:80:D1:C0:00:00:80:D1:40:00:00:80:CE:00:00:00:80:82:00:00:00:80:D1:80:00:00:80:CE:C0:00:00:80:CF:80:00:00:80:C9:C0:00:00:80:CD:C0:00:00:80:C8:80:8A:63:80:00:FF:FF:00:00:00:AB:10:45:46]
[53:48:DA:00:C8:05:69:00:00:80:CC:80:00:00:80:D4:00:00:00:80:CD:C0:00:00:80:D1:40:00:00:80:CF:40:00:00:80:D1:00:00:00:80:D0:40:00:00:80:CF:C0:00:00:80:C9:00:00:00:80:D1:00:00:00:80:CC:00:00:00:80:D2:80:00:00:80:CF:40:00:00:80:CD:C0:00:00:80:D2:40:00:00:80:CF:00:00:00:80:D1:40:00:00:80:CD:80:00:00:80:D0:40:00:00:80:CF:40:8A:40:40:00:FF:FF:00:00:00:AB:10:45:46]
[53:48:DA:00:C8:05:6A:00:00:80:D0:00:00:00:80:CE:80:00:00:80:D2:C0:00:00:80:CC:80:00:00:80:CB:C0:00:00:80:CD:C0:00:00:80:C7:00:00:00:80:CF:C0:00:00:80:CB:40:00:00:80:CC:80:00:00:80:D1:40:00:00:80:D3:40:00:00:80:8B:40:00:00:80:C5:00:00:00:80:D3:00:00:00:80:CF:00:00:00:80:CC:00:00:00:80:BF:80:00:00:80:C5:00:00:00:80:CF:C0:8A:2E:80:00:FF:FF:00:00:00:AB:10:45:46]
[53:48:DA:00:C8:05:6B:00:00:80:D2:40:00:00:80:D1:C0:00:00:80:D3:40:00:00:80:D6:40:00:00:80:CC:00:00:00:80:C6:40:00:00:80:CF:C0:00:00:80:D0:C0:00:00:80:CD:80:00:00:80:D3:40:00:00:80:D0:40:00:00:80:C7:00:00:00:80:D1:C0:00:00:80:D2:80:00:00:80:D0:C0:00:00:80:CC:00:00:00:80:CD:C0:00:00:80:C6:C0:00:00:80:CF:00:00:00:80:CF:40:8A:3E:40:00:FF:FF:00:00:00:AB:10:45:46]
[53:48:DA:00:C8:05:6C:00:00:80:C2:C0:00:00:80:C6:C0:00:00:80:D0:40:00:00:80:D4:00:00:00:80:D1:C0:00:00:80:CB:00:00:00:80:D0:C0:00:00:80:CF:C0:00:00:80:CF:80:00:00:80:CB:C0:00:00:80:CD:80:00:00:80:94:C0:00:00:80:CF:40:00:00:80:CF:40:00:00:80:D1:80:00:00:80:C1:C0:00:00:80:D2:80:00:00:80:CE:C0:00:00:80:CE:80:00:00:80:D0:C0:8A:2C:80:00:FF:FF:00:00:00:AB:10:45:46]
[53:48:DA:00:C8:05:6D:00:00:80:CE:C0:00:00:80:C8:40:00:00:80:C8:C0:00:00:80:D2:00:00:00:80:C6:C0:00:00:80:D1:40:00:00:80:CD:C0:00:00:80:C6:C0:00:00:80:C7:00:00:00:80:D1:C0:00:00:80:D2:C0:00:00:80:D2:00:00:00:80:CE:C0:00:00:80:C6:40:00:00:80:CA:80:00:00:80:D0:40:00:00:80:CD:C0:00:00:80:CE:C0:00:00:80:C7:40:00:00:80:D1:00:8A:38:00:00:FF:FF:00:00:00:AB:10:45:46]
[53:48:DA:00:C8:05:05:00:00:80:D0:80:00:00:80:D0:80:00:00:80:CD:C0:00:00:80:D1:00:00:00:80:CD:80:00:00:80:CB:C0:00:00:80:CF:80:00:00:80:CE:80:00:00:80:CF:40:00:00:80:D0:00:00:00:80:D3:00:00:00:80:D0:00:00:00:80:CC:40:00:00:80:CE:C0:00:00:80:D0:00:00:00:80:D2:C0:00:00:80:D1:40:00:00:80:CF:00:00:00:80:CF:C0:00:00:80:D1:00:8A:28:40:00:FF:FF:00:00:00:AB:10:45:46]
[53:48:DA:00:C8:05:06:00:00:80:D2:80:00:00:80:D0:80:00:00:80:D2:40:00:00:80:CF:C0:00:00:80:D2:40:00:00:80:CF:C0:00:00:80:CF:40:00:00:80:D1:C0:00:00:80:CF:40:00:00:80:CF:00:00:00:80:CD:80:00:00:80:D1:00:00:00:80:CC:40:00:00:80:CF:40:00:00:80:CC:80:00:00:80:D1:80:00:00:80:CF:00:00:00:80:CF:C0:00:00:80:D2:C0:00:00:80:CE:C0:8A:4B:80:00:FF:FF:00:00:00:AB:10:45:46]
[53:48:DA:00:C8:05:07:00:00:80:D2:80:00:00:80:D2:80:00:00:80:CE:C0:00:00:80:CF:80:00:00:80:CD:C0:00:00:80:CC:C0:00:00:80:CF:40:00:00:80:D3:C0:00:00:80:D3:40:00:00:80:CF:00:00:00:80:D1:C0:00:00:80:D0:C0:00:00:80:D0:80:00:00:80:CE:80:00:00:80:D3:40:00:00:80:D1:00:00:00:80:CE:80:00:00:80:CF:C0:00:00:80:D0:40:00:00:80:D1:00:8A:5E:40:00:FF:FF:00:00:00:AB:10:45:46]
[53:48:DA:00:C8:05:08:00:00:80:D0:C0:00:00:80:CE:00:00:00:80:CF:C0:00:00:80:CF:C0:00:00:80:CF:80:00:00:80:CC:00:00:00:80:CF:C0:00:00:80:CC:00:00:00:80:CF:80:00:00:80:CC:40:00:00:80:CB:40:00:00:80:D0:80:00:00:80:D0:80:00:00:80:CD:80:00:00:80:CE:00:00:00:80:CE:00:00:00:80:CD:40:00:00:80:D0:80:00:00:80:CE:C0:00:00:80:CF:C0:8A:52:C0:00:FF:FF:00:00:00:AB:10:45:46]
[53:48:DA:00:C8:05:09:00:00:80:D0:40:00:00:80:CF:80:00:00:80:D0:C0:00:00:80:D1:40:00:00:80:D1:40:00:00:80:CF:00:00:00:80:C7:80:00:00:80:CC:00:00:00:80:CF:C0:00:00:80:CF:00:00:00:80:CF:40:00:00:80:D0:00:00:00:80:CB:40:00:00:80:CD:40:00:00:80:CF:00:00:00:80:D0:80:00:00:80:CF:C0:00:00:80:D0:80:00:00:80:D0:00:00:00:80:CE:40:8A:68:C0:00:FF:FF:00:00:00:AB:10:45:46]
[53:48:DA:00:C8:05:0A:00:00:80:CD:80:00:00:80:CF:C0:00:00:80:D0:80:00:00:80:C9:C0:00:00:80:D4:00:00:00:80:CE:C0:00:00:80:CF:80:00:00:80:D0:00:00:00:80:CF:80:00:00:80:D0:00:00:00:80:D0:00:00:00:80:CB:C0:00:00:80:CE:00:00:00:80:D1:00:00:00:80:CE:40:00:00:80:CF:40:00:00:80:CF:00:00:00:80:D0:40:00:00:80:D1:40:00:00:80:CF:C0:8A:5D:40:00:FF:FF:00:00:00:AB:10:45:46]
[53:48:DA:00:C8:05:0B:00:00:80:CF:00:00:00:80:CE:40:00:00:80:CD:80:00:00:80:CF:80:00:00:80:CF:00:00:00:80:B9:00:00:00:80:C7:40:00:00:80:CA:80:00:00:80:CF:C0:00:00:80:D1:C0:00:00:80:D4:80:00:00:80:D1:80:00:00:80:D1:80:00:00:80:D0:80:00:00:80:CE:40:00:00:80:D1:00:00:00:80:D3:00:00:00:80:CF:C0:00:00:80:CF:00:00:00:80:CE:40:8A:52:C0:00:FF:FF:00:00:00:AB:10:45:46]
[53:48:DA:00:C8:05:0C:00:00:80:D3:80:00:00:80:D1:C0:00:00:80:CC:00:00:00:80:CF:C0:00:00:80:CD:40:00:00:80:D1:C0:00:00:80:D1:00:00:00:80:CD:C0:00:00:80:D0:00:00:00:80:CA:C0:00:00:80:CE:80:00:00:80:D1:80:00:00:80:C9:40:00:00:80:CF:00:00:00:80:CC:00:00:00:80:CF:80:00:00:80:CE:80:00:00:80:D1:80:00:00:80:CF:C0:00:00:80:D0:80:8A:69:C0:00:FF:FF:00:00:00:AB:10:45:46]
[53:48:DA:00:C8:05:0D:00:00:80:CE:40:00:00:80:CF:40:00:00:80:D4:40:00:00:80:D0:40:00:00:80:A7:80:00:00:80:CE:80:00:00:80:CC:C0:00:00:80:CF:40:00:00:80:CF:80:00:00:80:D0:80:00:00:80:D1:C0:00:00:80:CF:40:00:00:80:CD:C0:00:00:80:D0:40:00:00:80:D0:00:00:00:80:CF:80:00:00:80:D0:C0:00:00:80:CE:40:00:00:80:CD:40:00:00:80:CF:00:8A:56:00:00:FF:FF:00:00:00:AB:10:45:46]
[53:48:DA:00:C8:05:0E:00:00:80:D1:40:00:00:80:CF:00:00:00:80:CE:C0:00:00:80:B7:40:00:00:80:CF:00:00:00:80:D2:C0:00:00:80:CF:C0:00:00:80:D2:40:00:00:80:CF:80:00:00:80:CF:80:00:00:80:D2:00:00:00:80:CF:40:00:00:80:CF:C0:00:00:80:D0:00:00:00:80:D0:40:00:00:80:CC:C0:00:00:80:CE:80:00:00:80:CD:C0:00:00:80:D1:C0:00:00:80:CD:40:8A:66:80:00:FF:FF:00:00:00:AB:10:45:46]
[53:48:DA:00:C8:05:0F:00:00:80:CE:40:00:00:80:D0:80:00:00:80:CE:00:00:00:80:AB:00:00:00:80:D0:C0:00:00:80:D1:80:00:00:80:CB:40:00:00:80:D1:40:00:00:80:CF:80:00:00:80:CF:40:00:00:80:D3:C0:00:00:80:CE:00:00:00:80:D1:C0:00:00:80:CE:80:00:00:80:D0:80:00:00:80:D0:80:00:00:80:D0:40:00:00:80:CC:40:00:00:80:CE:80:00:00:80:D2:40:8A:65:80:00:FF:FF:00:00:00:AB:10:45:46]
[53:48:DA:00:C8:05:10:00:00:80:D1:80:00:00:80:CE:C0:00:00:80:D1:00:00:00:80:D0:40:00:00:80:CD:C0:00:00:80:D3:80:00:00:80:CF:C0:00:00:80:CE:00:00:00:80:CD:00:00:00:80:C9:80:00:00:80:CE:C0:00:00:80:CF:00:00:00:80:CD:00:00:00:80:D1:C0:00:00:80:D0:80:00:00:80:D1:C0:00:00:80:CF:00:00:00:80:CF:80:00:00:80:CF:00:00:00:80:D1:C0:8A:6E:C0:00:FF:FF:00:00:00:AB:10:45:46]
[53:48:DA:00:C8:05:11:00:00:80:D1:80:00:00:80:D3:40:00:00:80:B5:00:00:00:80:D0:40:00:00:80:D1:00:00:00:80:D4:00:00:00:80:CA:80:00:00:80:CE:C0:00:00:80:CE:C0:00:00:80:CE:C0:00:00:80:D0:80:00:00:80:CF:40:00:00:80:CD:80:00:00:80:D2:00:00:00:80:D0:C0:00:00:80:D0:00:00:00:80:CE:40:00:00:80:CB:00:00:00:80:CD:00:00:00:80:D2:00:8A:73:00:00:FF:FF:00:00:00:AB:10:45:46]
[53:48:DA:00:C8:05:12:00:00:80:CF:80:00:00:80:D1:80:00:00:80:CC:00:00:00:80:C4:C0:00:00:80:D0:40:00:00:80:D1:00:00:00:80:CE:80:00:00:80:CD:00:00:00:80:CD:00:00:00:80:CF:80:00:00:80:CC:40:00:00:80:CA:C0:00:00:80:D1:C0:00:00:80:CD:00:00:00:80:D0:80:00:00:80:D0:80:00:00:80:CC:C0:00:00:80:CC:C0:00:00:80:CC:80:00:00:80:CA:00:8A:3C:00:00:FF:FF:00:00:00:AB:10:45:46]
[53:48:DA:00:C8:05:13:00:00:80:D0:C0:00:00:80:B7:C0:00:00:80:CC:80:00:00:80:D0:00:00:00:80:D1:C0:00:00:80:CE:C0:00:00:80:D0:80:00:00:80:D4:C0:00:00:80:D0:40:00:00:80:C9:C0:00:00:80:CE:C0:00:00:80:D1:40:00:00:80:D0:00:00:00:80:D0:40:00:00:80:CC:00:00:00:80:CC:80:00:00:80:D0:80:00:00:80:D0:80:00:00:80:CD:00:00:00:80:D2:C0:8A:61:80:00:FF:FF:00:00:00:AB:10:45:46]
[53:48:DA:00:C8:05:14:00:00:80:CF:40:00:00:80:CB:80:00:00:80:D1:00:00:00:80:D0:40:00:00:80:D1:80:00:00:80:D2:00:00:00:80:D0:00:00:00:80:D1:40:00:00:80:CE:80:00:00:80:D0:00:00:00:80:D1:40:00:00:80:CF:C0:00:00:80:D2:40:00:00:80:CE:C0:00:00:80:D1:80:00:00:80:D1:00:00:00:80:D2:40:00:00:80:CD:80:00:00:80:CF:80:00:00:80:D3:80:8A:55:00:00:FF:FF:00:00:00:AB:10:45:46]
[53:48:DA:00:C8:05:15:00:00:80:B7:80:00:00:80:CF:C0:00:00:80:D2:00:00:00:80:BE:C0:00:00:80:D4:80:00:00:80:CF:80:00:00:80:CD:40:00:00:80:CD:00:00:00:80:D0:80:00:00:80:D1:80:00:00:80:CE:C0:00:00:80:D0:40:00:00:80:D0:C0:00:00:80:D3:C0:00:00:80:D2:00:00:00:80:CF:40:00:00:80:CD:C0:00:00:80:D2:40:00:00:80:D2:80:00:00:80:D0:80:8A:68:C0:00:FF:FF:00:00:00:AB:10:45:46]
[53:48:DA:00:C8:05:16:00:00:80:CF:80:00:00:80:CF:80:00:00:80:D2:40:00:00:80:D3:80:00:00:80:D3:00:00:00:80:D0:C0:00:00:80:D1:00:00:00:80:C9:40:00:00:80:CF:C0:00:00:80:CF:80:00:00:80:CF:00:00:00:80:CB:C0:00:00:80:CD:80:00:00:80:D5:80:00:00:80:CF:C0:00:00:80:CE:00:00:00:80:D3:C0:00:00:80:D2:80:00:00:80:CD:80:00:00:80:D1:C0:8A:62:80:00:FF:FF:00:00:00:AB:10:45:46]
[53:48:DA:00:C8:05:17:00:00:80:CF:C0:00:00:80:D2:C0:00:00:80:D2:40:00:00:80:CE:C0:00:00:80:CA:C0:00:00:80:CD:00:00:00:80:C5:80:00:00:80:CC:C0:00:00:80:D1:C0:00:00:80:D0:40:00:00:80:D1:C0:00:00:80:C9:80:00:00:80:CD:40:00:00:80:D3:00:00:00:80:C6:80:00:00:80:CC:00:00:00:80:A3:40:00:00:80:9A:40:00:00:80:A0:00:00:00:80:A0:00:8A:58:00:00:FF:FF:00:00:00:AB:10:45:46]
[53:48:DA:00:C8:05:18:00:00:80:BD:C0:00:00:80:97:C0:00:00:80:9B:C0:00:00:80:AD:C0:00:00:80:C9:00:00:00:80:CC:80:00:00:80:C9:00:00:00:80:CC:40:00:00:80:CC:C0:00:00:80:D1:00:00:00:80:D3:80:00:00:80:D0:80:00:00:80:D0:80:00:00:80:D0:00:00:00:80:CF:80:00:00:80:CB:80:00:00:80:D2:C0:00:00:80:C0:C0:00:00:80:BC:C0:00:00:80:82:80:8A:5A:00:00:FF:FF:00:00:00:AB:10:45:46]
[53:48:DA:00:C8:05:19:00:00:80:A0:00:00:00:80:98:40:00:00:80:89:C0:00:00:80:6E:C0:00:00:80:55:40:00:00:80:39:00:00:00:80:1D:C0:00:00:7F:F6:40:00:00:7F:CE:80:00:00:7F:9D:40:00:00:7F:5B:40:00:00:7E:F3:80:00:00:7E:BC:80:00:00:7E:64:00:00:00:7E:2C:80:00:00:7D:C6:80:00:00:7D:7B:80:00:00:7D:69:40:00:00:7D:27:00:00:00:7C:77:40:8A:74:00:00:FF:FF:00:00:00:AB:10:45:46]
[53:48:DA:00:C8:05:1A:00:00:7C:3D:40:00:00:7C:11:00:00:00:7B:F6:80:00:00:7B:90:00:00:00:7B:90:00:00:00:7B:58:80:00:00:7A:E9:80:00:00:7A:B9:40:00:00:7A:87:40:00:00:7A:3B:C0:00:00:7A:1A:80:00:00:79:C3:C0:00:00:79:78:40:00:00:79:1A:C0:00:00:79:31:C0:00:00:78:CB:40:00:00:78:8B:40:00:00:78:E4:40:00:00:78:90:00:00:00:78:4D:80:8A:50:C0:00:FF:FF:00:00:00:AB:10:45:46]
[53:48:DA:00:C8:05:1B:00:00:78:82:C0:00:00:78:67:C0:00:00:78:C8:40:00:00:78:F0:00:00:00:78:C0:40:00:00:78:81:80:00:00:79:20:00:00:00:78:9E:80:00:00:78:AB:00:00:00:79:05:80:00:00:79:01:C0:00:00:78:FC:40:00:00:78:D1:C0:00:00:79:50:80:00:00:79:33:40:00:00:79:1D:40:00:00:79:1C:40:00:00:79:63:C0:00:00:79:31:C0:00:00:79:87:C0:8A:6B:C0:00:FF:FF:00:00:00:AB:10:45:46]
[53:48:DA:00:C8:05:1C:00:00:79:80:40:00:00:7A:43:00:00:00:79:F9:80:00:00:7A:18:80:00:00:7A:35:80:00:00:7A:0F:C0:00:00:7A:65:00:00:00:7A:A1:C0:00:00:7A:F6:80:00:00:7A:ED:80:00:00:7A:D4:80:00:00:7B:3E:C0:00:00:7B:25:00:00:00:7B:81:40:00:00:7B:8E:C0:00:00:7B:B3:00:00:00:7B:C4:C0:00:00:7B:B5:80:00:00:7B:F2:40:00:00:7B:FC:C0:8A:70:00:00:FF:FF:00:00:00:AB:10:45:46]
[53:48:DA:00:C8:05:1D:00:00:7C:63:40:00:00:7C:1C:40:00:00:7C:57:80:00:00:7C:8B:40:00:00:7C:90:C0:00:00:7C:AF:40:00:00:7C:ED:00:00:00:7D:13:80:00:00:7D:15:80:00:00:7D:54:C0:00:00:7D:40:40:00:00:7D:6F:80:00:00:7D:E4:C0:00:00:7D:BA:00:00:00:7D:E0:00:00:00:7D:F8:80:00:00:7E:1B:00:00:00:7E:4E:80:00:00:7E:58:40:00:00:7E:83:C0:8A:57:00:00:FF:FF:00:00:00:AB:10:45:46]
[53:48:DA:00:C8:05:1E:00:00:7E:C7:80:00:00:7E:E0:C0:00:00:7E:F6:C0:00:00:7E:F6:40:00:00:7F:0C:80:00:00:7F:05:40:00:00:7F:12:80:00:00:7F:49:40:00:00:7F:54:00:00:00:7F:67:00:00:00:7F:5F:00:00:00:7F:77:40:00:00:7F:80:C0:00:00:7F:96:80:00:00:7F:92:C0:00:00:7F:A4:40:00:00:7F:41:40:00:00:7F:78:C0:00:00:7F:AE:80:00:00:7F:A8:00:8A:7E:80:00:FF:FF:00:00:00:AB:10:45:46]
[53:48:DA:00:C8:05:1F:00:00:7F:B4:80:00:00:7F:BC:40:00:00:7F:99:40:00:00:7F:AE:80:00:00:7F:E2:00:00:00:7F:F3:80:00:00:80:0D:C0:00:00:80:31:00:00:00:80:16:C0:00:00:80:2B:C0:00:00:80:4A:00:00:00:80:51:C0:00:00:80:5C:40:00:00:80:4E:80:00:00:80:4A:40:00:00:80:62:80:00:00:80:74:40:00:00:80:7A:00:00:00:80:7A:80:00:00:80:80:00:8A:5A:00:00:FF:FF:00:00:00:AB:10:45:46]
[53:48:DA:00:C8:05:20:00:00:80:82:40:00:00:80:88:C0:00:00:80:85:00:00:00:80:92:C0:00:00:80:85:40:00:00:80:A2:40:00:00:80:9E:00:00:00:80:A3:40:00:00:80:A6:00:00:00:80:97:80:00:00:80:A1:C0:00:00:80:AD:00:00:00:80:AD:80:00:00:80:B1:00:00:00:80:AD:C0:00:00:80:82:C0:00:00:80:B9:40:00:00:80:C1:80:00:00:80:C3:80:00:00:80:C3:80:8A:5D:40:00:FF:FF:00:00:00:AB:10:45:46]
[53:48:DA:00:C8:05:21:00:00:80:B3:80:00:00:80:B5:C0:00:00:80:BE:C0:00:00:80:CC:00:00:00:80:C1:C0:00:00:80:D1:80:00:00:80:CD:80:00:00:80:D4:C0:00:00:80:DD:00:00:00:80:DD:C0:00:00:80:CB:00:00:00:80:D3:40:00:00:80:CB:40:00:00:80:CA:00:00:00:80:CB:C0:00:00:80:C6:80:00:00:80:C1:80:00:00:80:BD:00:00:00:80:B9:40:00:00:80:C1:C0:8A:59:00:00:FF:FF:00:00:00:AB:10:45:46]
[53:48:DA:00:C8:05:22:00:00:80:CE:C0:00:00:80:C9:40:00:00:80:C9:C0:00:00:80:C4:40:00:00:80:D0:00:00:00:80:C6:80:00:00:80:D3:80:00:00:80:C7:00:00:00:80:CE:80:00:00:80:D3:C0:00:00:80:CE:C0:00:00:80:D0:C0:00:00:80:C3:C0:00:00:80:C6:80:00:00:80:CB:40:00:00:80:CD:00:00:00:80:CE:C0:00:00:80:CF:40:00:00:80:C9:80:00:00:80:C4:80:8A:5A:00:00:FF:FF:00:00:00:AB:10:45:46]
[53:48:DA:00:C8:05:23:00:00:80:CB:80:00:00:80:CA:00:00:00:80:D6:00:00:00:80:CB:C0:00:00:80:CA:40:00:00:80:D2:C0:00:00:80:D4:40:00:00:80:CE:C0:00:00:80:C8:00:00:00:80:C1:80:00:00:80:C2:C0:00:00:80:C7:80:00:00:80:C9:C0:00:00:80:CC:40:00:00:80:CB:80:00:00:80:C1:40:00:00:80:C0:C0:00:00:80:CB:80:00:00:80:CB:C0:00:00:80:C9:40:8A:72:00:00:FF:FF:00:00:00:AB:10:45:46]
[53:48:DA:00:C8:05:24:00:00:80:C7:40:00:00:80:D0:C0:00:00:80:C9:00:00:00:80:C9:80:00:00:80:D2:00:00:00:80:D4:00:00:00:80:D2:80:00:00:80:C7:00:00:00:80:C6:C0:00:00:80:BD:80:00:00:80:C7:40:00:00:80:CA:40:00:00:80:CC:C0:00:00:80:C3:40:00:00:80:C3:C0:00:00:80:C5:00:00:00:80:C9:C0:00:00:80:CF:40:00:00:80:C2:80:00:00:80:CA:00:8A:7B:40:00:FF:FF:00:00:00:AB:10:45:46]
[53:48:DA:00:C8:05:25:00:00:80:B8:C0:00:00:80:CB:00:00:00:80:C5:00:00:00:80:C8:C0:00:00:80:CF:C0:00:00:80:CE:C0:00:00:80:D2:00:00:00:80:CA:C0:00:00:80:D1:C0:00:00:80:C0:C0:00:00:80:CA:40:00:00:80:CD:C0:00:00:80:C5:80:00:00:80:CC:C0:00:00:80:C9:40:00:00:80:C5:00:00:00:80:C8:C0:00:00:80:BD:C0:00:00:80:C8:40:00:00:80:C8:C0:8A:56:00:00:FF:FF:00:00:00:AB:10:45:46]
[53:48:DA:00:C8:05:26:00:00:80:C3:40:00:00:80:C5:40:00:00:80:C3:40:00:00:80:C3:00:00:00:80:C5:C0:00:00:80:C9:80:00:00:80:CB:80:00:00:80:CE:80:00:00:80:D6:40:00:00:80:D9:40:00:00:80:DA:00:00:00:80:DA:40:00:00:80:DA:40:00:00:80:DB:C0:00:00:80:D7:80:00:00:80:D6:C0:00:00:80:D4:80:00:00:80:CF:C0:00:00:80:C5:80:00:00:80:C4:00:8A:60:40:00:FF:FF:00:00:00:AB:10:45:46]
[53:48:DA:00:C8:05:27:00:00:80:C1:40:00:00:80:C4:C0:00:00:80:C8:80:00:00:80:C2:C0:00:00:80:BB:00:00:00:80:CB:40:00:00:80:C7:C0:00:00:80:C8:00:00:00:80:C2:C0:00:00:80:C9:C0:00:00:80:C4:40:00:00:80:BA:80:00:00:80:C2:C0:00:00:80:C4:40:00:00:80:BF:00:00:00:80:CC:00:00:00:80:BA:C0:00:00:80:C6:C0:00:00:80:CA:00:00:00:80:BB:80:8A:66:80:00:FF:FF:00:00:00:AB:10:45:46]
[53:48:DA:00:C8:05:28:00:00:80:C1:C0:00:00:80:C8:C0:00:00:80:BE:00:00:00:80:C1:40:00:00:80:BE:80:00:00:80:CB:00:00:00:80:C4:80:00:00:80:C6:00:00:00:80:CA:C0:00:00:80:C1:40:00:00:80:C9:40:00:00:80:C3:40:00:00:80:C8:00:00:00:80:CF:80:00:00:80:D3:80:00:00:80:D6:00:00:00:80:D5:00:00:00:80:D0:40:00:00:80:CF:C0:00:00:80:C6:80:8A:89:C0:00:FF:FF:00:00:00:AB:10:45:46]
[53:48:DA:00:C8:05:29:00:00:80:CF:80:00:00:80:D1:40:00:00:80:D2:00:00:00:80:D0:00:00:00:80:D3:40:00:00:80:CE:40:00:00:80:CA:40:00:00:80:DA:80:00:00:80:D7:40:00:00:80:DE:00:00:00:80:9E:80:00:00:80:C3:40:00:00:80:D1:C0:00:00:80:D0:C0:00:00:80:C3:00:00:00:80:BF:40:00:00:80:CA:40:00:00:80:C6:80:00:00:80:C1:00:00:00:80:C8:C0:8A:67:80:00:FF:FF:00:00:00:AB:10:45:46]
[53:48:DA:00:C8:05:2A:00:00:80:D3:40:00:00:80:D3:00:00:00:80:D0:C0:00:00:80:D8:00:00:00:80:CD:40:00:00:80:CC:C0:00:00:80:CC:C0:00:00:80:D5:80:00:00:80:D3:C0:00:00:80:D1:40:00:00:80:C6:00:00:00:80:CA:80:00:00:80:C4:C0:00:00:80:CE:C0:00:00:80:CE:40:00:00:80:D1:80:00:00:80:CF:40:00:00:80:D2:00:00:00:80:CD:C0:00:00:80:D5:80:8A:6C:C0:00:FF:FF:00:00:00:AB:10:45:46]
[53:48:DA:00:C8:05:2B:00:00:80:D4:00:00:00:80:D7:00:00:00:80:CD:40:00:00:80:CF:80:00:00:80:D7:00:00:00:80:E1:40:00:00:80:EB:00:00:00:80:F0:00:00:00:80:FE:00:00:00:80:C4:40:00:00:81:34:80:00:00:81:68:00:00:00:81:C5:C0:00:00:82:52:C0:00:00:83:32:C0:00:00:84:A4:40:00:00:86:F1:00:00:00:89:E9:40:00:00:8E:70:80:00:00:90:94:40:8A:67:80:00:FF:FF:00:00:00:AB:10:45:46]
[53:48:DA:00:C8:05:2C:00:00:95:67:80:00:00:98:2E:C0:00:00:9A:78:40:00:00:99:E2:00:00:00:97:01:80:00:00:97:C4:C0:00:00:94:AC:80:00:00:91:32:C0:00:00:93:52:80:00:00:90:63:40:00:00:8F:3C:00:00:00:8F:F8:C0:00:00:8F:4E:40:00:00:91:C0:C0:00:00:90:46:C0:00:00:8D:3C:00:00:00:8D:70:00:00:00:89:91:00:00:00:8D:93:80:00:00:8C:5E:80:8A:64:80:00:FF:FF:00:00:00:AB:10:45:46]
[53:48:DA:00:C8:05:2D:00:00:8C:0C:40:00:00:8A:9D:80:00:00:8A:07:80:00:00:8A:1A:C0:00:00:8B:14:C0:00:00:87:CC:80:00:00:8A:A3:C0:00:00:88:86:C0:00:00:89:A6:00:00:00:88:DF:C0:00:00:85:E4:C0:00:00:87:CD:00:00:00:88:CD:C0:00:00:87:76:00:00:00:88:83:C0:00:00:87:19:40:00:00:88:89:80:00:00:87:D6:C0:00:00:87:7C:C0:00:00:86:5A:00:8A:82:80:00:FF:FF:00:00:00:AB:10:45:46]
[53:48:DA:00:C8:05:2E:00:00:87:1E:80:00:00:86:CC:C0:00:00:86:96:80:00:00:86:AC:00:00:00:86:77:40:00:00:85:0F:80:00:00:87:07:80:00:00:86:B8:80:00:00:85:FE:80:00:00:85:08:80:00:00:87:19:C0:00:00:86:A5:80:00:00:85:3A:40:00:00:85:48:00:00:00:85:E7:C0:00:00:85:0E:40:00:00:84:BA:40:00:00:85:09:40:00:00:85:9C:00:00:00:84:14:00:8A:79:40:00:FF:FF:00:00:00:AB:10:45:46]
[53:48:DA:00:C8:05:2F:00:00:84:89:C0:00:00:84:37:40:00:00:84:57:C0:00:00:83:E8:80:00:00:83:DA:C0:00:00:83:D8:40:00:00:83:28:C0:00:00:82:A1:C0:00:00:82:99:C0:00:00:82:E7:80:00:00:82:91:40:00:00:82:D3:40:00:00:82:A0:C0:00:00:82:5F:C0:00:00:82:52:80:00:00:82:7F:80:00:00:82:62:00:00:00:81:DB:80:00:00:81:FB:80:00:00:81:F1:80:8A:8B:C0:00:FF:FF:00:00:00:AB:10:45:46]
[53:48:DA:00:C8:05:30:00:00:81:B6:C0:00:00:81:A4:40:00:00:81:9A:40:00:00:81:E9:40:00:00:81:92:40:00:00:81:81:40:00:00:81:78:C0:00:00:81:9B:00:00:00:81:72:40:00:00:81:33:80:00:00:81:62:C0:00:00:81:3F:00:00:00:81:55:00:00:00:81:4F:80:00:00:81:69:C0:00:00:81:3F:80:00:00:81:1A:00:00:00:81:2F:80:00:00:81:24:40:00:00:81:3F:C0:8A:7C:40:00:FF:FF:00:00:00:AB:10:45:46]
[53:48:DA:00:C8:05:31:00:00:81:1C:40:00:00:81:19:00:00:00:81:14:00:00:00:81:18:00:00:00:80:FC:00:00:00:80:F7:80:00:00:80:74:80:00:00:81:0B:00:00:00:80:F6:00:00:00:80:F6:40:00:00:80:F6:C0:00:00:81:02:00:00:00:80:F5:C0:00:00:80:F1:80:00:00:80:ED:40:00:00:80:E4:00:00:00:80:F0:40:00:00:80:F2:80:00:00:80:F6:00:00:00:80:F4:00:8A:9C:80:00:FF:FF:00:00:00:AB:10:45:46]
[53:48:DA:00:C8:05:32:00:00:80:EF:40:00:00:80:F1:40:00:00:80:DD:C0:00:00:80:EB:40:00:00:80:EB:40:00:00:80:EB:C0:00:00:80:E8:00:00:00:80:E8:C0:00:00:80:D3:80:00:00:80:E8:40:00:00:80:EB:80:00:00:80:E5:C0:00:00:80:E5:C0:00:00:80:DE:C0:00:00:80:E3:00:00:00:80:E5:40:00:00:80:E8:00:00:00:80:DC:C0:00:00:80:E7:40:00:00:80:DE:C0:8A:78:40:00:FF:FF:00:00:00:AB:10:45:46]
[53:48:DA:00:C8:05:33:00:00:80:E9:00:00:00:80:E0:C0:00:00:80:E8:40:00:00:80:E4:80:00:00:80:D0:40:00:00:80:6A:00:00:00:80:DD:C0:00:00:80:E3:80:00:00:80:E3:80:00:00:80:E4:00:00:00:80:E2:80:00:00:80:E4:C0:00:00:80:D5:40:00:00:80:DD:40:00:00:80:DF:C0:00:00:80:E0:00:00:00:80:E3:40:00:00:80:E3:80:00:00:80:D5:C0:00:00:80:E0:00:8A:88:C0:00:FF:FF:00:00:00:AB:10:45:46]
[53:48:DA:00:C8:05:34:00:00:80:DD:80:00:00:80:C4:80:00:00:80:CF:40:00:00:80:D5:00:00:00:80:DD:00:00:00:80:DB:40:00:00:80:DA:40:00:00:80:D5:00:00:00:80:D1:80:00:00:80:D7:40:00:00:80:D9:80:00:00:80:DB:00:00:00:80:DC:C0:00:00:80:D5:00:00:00:80:E1:80:00:00:80:DE:00:00:00:80:DF:80:00:00:80:DF:40:00:00:80:DC:40:00:00:80:E0:00:8A:82:80:00:FF:FF:00:00:00:AB:10:45:46]
[53:48:DA:00:C8:05:35:00:00:80:DA:40:00:00:80:CF:00:00:00:80:D9:C0:00:00:80:D8:80:00:00:80:66:40:00:00:80:DA:C0:00:00:80:D3:00:00:00:80:D8:C0:00:00:80:D7:00:00:00:80:D7:C0:00:00:80:CE:00:00:00:80:D3:80:00:00:80:CB:C0:00:00:80:D1:40:00:00:80:D6:80:00:00:80:D7:80:00:00:80:D5:C0:00:00:80:D1:40:00:00:80:CD:00:00:00:80:D0:C0:8A:8F:00:00:FF:FF:00:00:00:AB:10:45:46]
[53:48:DA:00:C8:05:36:00:00:80:D1:40:00:00:80:D1:C0:00:00:80:CC:00:00:00:80:C5:C0:00:00:80:CF:00:00:00:80:D1:00:00:00:80:D3:40:00:00:80:D1:C0:00:00:80:CC:80:00:00:80:CA:80:00:00:80:B9:C0:00:00:80:D1:C0:00:00:80:C4:40:00:00:80:CD:00:00:00:80:CF:C0:00:00:80:D2:C0:00:00:80:D4:00:00:00:80:D4:80:00:00:80:CB:40:00:00:80:D2:40:8A:87:C0:00:FF:FF:00:00:00:AB:10:45:46]
[53:48:DA:00:C8:05:37:00:00:80:D6:C0:00:00:80:DA:40:00:00:80:D9:40:00:00:80:3D:40:00:00:80:CA:C0:00:00:80:D3:80:00:00:80:D2:00:00:00:80:D4:80:00:00:80:CA:00:00:00:80:CF:C0:00:00:80:D0:C0:00:00:80:CE:C0:00:00:80:D5:C0:00:00:80:D1:C0:00:00:80:B5:40:00:00:80:B6:C0:00:00:80:D5:80:00:00:80:D7:40:00:00:80:D7:C0:00:00:80:D5:C0:8A:8D:00:00:FF:FF:00:00:00:AB:10:45:46]
[53:48:DA:00:C8:05:38:00:00:80:CE:C0:00:00:80:CF:C0:00:00:80:D3:40:00:00:80:D3:80:00:00:80:D3:00:00:00:80:D1:00:00:00:80:D5:C0:00:00:80:D3:80:00:00:80:D5:40:00:00:80:D7:80:00:00:80:D1:80:00:00:80:D0:80:00:00:80:D6:40:00:00:80:CF:40:00:00:80:D8:00:00:00:80:D5:C0:00:00:80:D6:80:00:00:80:D6:C0:00:00:80:C2:00:00:00:80:D1:80:8A:83:80:00:FF:FF:00:00:00:AB:10:45:46]
[53:48:DA:00:C8:05:39:00:00:80:D6:80:00:00:80:CD:00:00:00:80:46:00:00:00:80:DB:40:00:00:80:CC:80:00:00:80:D7:00:00:00:80:D6:C0:00:00:80:CE:40:00:00:80:D5:40:00:00:80:D5:00:00:00:80:D2:40:00:00:80:D5:00:00:00:80:D7:C0:00:00:80:BE:40:00:00:80:D6:00:00:00:80:CF:80:00:00:80:D7:80:00:00:80:CD:C0:00:00:80:D8:00:00:00:80:C6:C0:8A:88:C0:00:FF:FF:00:00:00:AB:10:45:46]
[53:48:DA:00:C8:05:3A:00:00:80:D7:40:00:00:80:CA:40:00:00:80:D1:80:00:00:80:CE:C0:00:00:80:C5:80:00:00:80:D4:80:00:00:80:D3:00:00:00:80:D5:00:00:00:80:D5:40:00:00:80:D0:80:00:00:80:D0:C0:00:00:80:CF:C0:00:00:80:D0:40:00:00:80:D2:40:00:00:80:C6:80:00:00:80:D1:40:00:00:80:CE:80:00:00:80:CA:40:00:00:80:CB:C0:00:00:80:C8:80:8A:7D:40:00:FF:FF:00:00:00:AB:10:45:46]
[53:48:DA:00:C8:05:3B:00:00:80:CA:80:00:00:80:37:40:00:00:80:C9:40:00:00:80:CE:40:00:00:80:CA:C0:00:00:80:BA:40:00:00:80:C8:80:00:00:80:C9:00:00:00:80:CC:00:00:00:80:BD:80:00:00:80:BD:80:00:00:80:C1:80:00:00:80:C4:80:00:00:80:CD:80:00:00:80:CA:80:00:00:80:CA:00:00:00:80:C6:80:00:00:80:C6:00:00:00:80:BD:40:00:00:80:CA:80:8A:7C:40:00:FF:FF:00:00:00:AB:10:45:46]
[53:48:DA:00:C8:05:3C:00:00:80:CC:C0:00:00:80:BE:40:00:00:80:CD:00:00:00:80:C1:C0:00:00:80:CD:80:00:00:80:CE:40:00:00:80:C8:00:00:00:80:C1:80:00:00:80:C7:00:00:00:80:BE:80:00:00:80:C7:40:00:00:80:C9:40:00:00:80:CA:C0:00:00:80:CC:00:00:00:80:C7:40:00:00:80:CC:C0:00:00:80:C8:80:00:00:80:C8:80:00:00:80:C7:C0:00:00:80:C4:C0:8A:7A:40:00:FF:FF:00:00:00:AB:10:45:46]
[53:48:DA:00:C8:05:3D:00:00:80:22:C0:00:00:80:C1:C0:00:00:80:C0:C0:00:00:80:B7:00:00:00:80:B0:C0:00:00:80:A4:C0:00:00:80:9C:00:00:00:80:8C:00:00:00:80:71:00:00:00:80:52:40:00:00:80:32:40:00:00:80:0D:00:00:00:7F:D6:40:00:00:7F:8E:00:00:00:7F:4D:40:00:00:7E:F0:00:00:00:7E:51:C0:00:00:7E:18:00:00:00:7D:AC:80:00:00:7D:79:40:8A:84:80:00:FF:FF:00:00:00:AB:10:45:46]
[53:48:DA:00:C8:05:3E:00:00:7C:81:40:00:00:7C:10:80:00:00:7B:BF:00:00:00:7B:5C:40:00:00:7B:12:00:00:00:7A:84:40:00:00:7A:90:00:00:00:7A:22:80:00:00:79:7D:00:00:00:79:53:40:00:00:79:63:40:00:00:79:7F:00:00:00:79:5B:00:00:00:79:4E:C0:00:00:78:FA:00:00:00:79:1F:00:00:00:79:07:C0:00:00:79:03:40:00:00:79:15:80:00:00:78:F6:C0:8A:7B:40:00:FF:FF:00:00:00:AB:10:45:46]
[53:48:DA:00:C8:05:3F:00:00:78:C5:C0:00:00:78:A7:00:00:00:78:C5:C0:00:00:79:12:00:00:00:78:B4:C0:00:00:78:B5:80:00:00:78:B7:C0:00:00:78:7B:C0:00:00:78:83:40:00:00:78:52:40:00:00:78:E1:C0:00:00:78:73:00:00:00:78:92:00:00:00:78:A2:00:00:00:78:B6:40:00:00:78:DC:40:00:00:79:5D:C0:00:00:79:40:80:00:00:79:3D:C0:00:00:79:29:C0:8A:6E:C0:00:FF:FF:00:00:00:AB:10:45:46]
[53:48:DA:00:C8:05:40:00:00:79:46:C0:00:00:79:B7:C0:00:00:79:88:C0:00:00:79:F4:80:00:00:79:A7:40:00:00:7A:12:40:00:00:79:A2:00:00:00:7A:2B:C0:00:00:7A:1D:00:00:00:7A:31:00:00:00:7A:37:C0:00:00:7A:69:80:00:00:7A:62:00:00:00:7A:99:40:00:00:7A:E0:40:00:00:7A:FE:C0:00:00:7A:F3:40:00:00:7B:1D:40:00:00:7B:77:00:00:00:7B:60:40:8A:75:00:00:FF:FF:00:00:00:AB:10:45:46]
[53:48:DA:00:C8:05:41:00:00:7B:E3:80:00:00:7C:29:40:00:00:7C:2F:80:00:00:7C:75:80:00:00:7C:96:40:00:00:7C:CC:80:00:00:7D:21:00:00:00:7C:FC:C0:00:00:7D:71:80:00:00:7D:A5:80:00:00:7D:4C:00:00:00:7D:A4:00:00:00:7D:77:00:00:00:7D:91:80:00:00:7D:F4:80:00:00:7D:FB:80:00:00:7E:0D:00:00:00:7E:25:80:00:00:7E:08:40:00:00:7E:51:40:8A:6B:C0:00:FF:FF:00:00:00:AB:10:45:46]
[53:48:DA:00:C8:05:42:00:00:7E:5D:40:00:00:7E:6D:C0:00:00:7E:7D:80:00:00:7E:5E:40:00:00:7E:95:40:00:00:7E:7B:00:00:00:7E:91:80:00:00:7E:94:00:00:00:7E:8F:00:00:00:7E:87:80:00:00:7E:AC:80:00:00:7E:A0:40:00:00:7E:C7:C0:00:00:7E:E0:80:00:00:7E:F1:C0:00:00:7F:2B:40:00:00:7F:23:40:00:00:7F:33:C0:00:00:7F:57:80:00:00:7F:53:00:8A:63:80:00:FF:FF:00:00:00:AB:10:45:46]
[53:48:DA:00:C8:05:43:00:00:7F:63:40:00:00:7F:7B:80:00:00:7F:8D:C0:00:00:7F:86:00:00:00:7F:82:00:00:00:7F:91:C0:00:00:7F:A3:C0:00:00:7F:B9:C0:00:00:7F:A0:80:00:00:7F:C3:80:00:00:7F:CA:00:00:00:7F:B6:80:00:00:7F:BE:80:00:00:7F:C6:00:00:00:7F:D5:00:00:00:7F:D2:C0:00:00:7F:D3:00:00:00:7F:CA:C0:00:00:7F:B7:80:00:00:7F:B2:80:8A:5F:40:00:FF:FF:00:00:00:AB:10:45:46]
[53:48:DA:00:C8:05:44:00:00:7F:D9:C0:00:00:7F:B7:00:00:00:7F:D4:00:00:00:7F:EC:C0:00:00:80:03:80:00:00:80:05:00:00:00:80:22:00:00:00:80:24:40:00:00:80:15:40:00:00:80:2F:40:00:00:80:3A:00:00:00:80:4D:40:00:00:80:35:40:00:00:80:39:40:00:00:80:40:00:00:00:80:44:00:00:00:80:5A:40:00:00:80:5F:00:00:00:80:67:40:00:00:80:69:40:8A:83:80:00:FF:FF:00:00:00:AB:10:45:46]
[53:48:DA:00:C8:05:45:00:00:80:6F:00:00:00:80:6E:C0:00:00:80:68:80:00:00:80:69:C0:00:00:80:69:40:00:00:80:69:C0:00:00:80:6D:80:00:00:80:7A:00:00:00:80:7E:00:00:00:80:86:80:00:00:80:8E:80:00:00:80:8E:C0:00:00:80:90:00:00:00:80:99:80:00:00:80:98:C0:00:00:80:A3:40:00:00:80:97:80:00:00:80:A5:40:00:00:80:AB:C0:00:00:80:AE:C0:8A:87:C0:00:FF:FF:00:00:00:AB:10:45:46]
[53:48:DA:00:C8:05:46:00:00:80:B9:C0:00:00:80:BB:C0:00:00:80:BF:40:00:00:80:C2:C0:00:00:80:C8:00:00:00:80:CE:40:00:00:80:D3:80:00:00:80:C8:40:00:00:80:D9:C0:00:00:80:D0:40:00:00:80:E1:C0:00:00:80:E8:40:00:00:80:E4:00:00:00:80:DF:80:00:00:80:E5:00:00:00:80:DD:C0:00:00:80:D7:00:00:00:80:CF:00:00:00:80:C4:80:00:00:80:BC:C0:8A:79:40:00:FF:FF:00:00:00:AB:10:45:46]
[53:48:DA:00:C8:05:47:00:00:80:B7:80:00:00:80:B4:00:00:00:80:BE:80:00:00:80:B5:80:00:00:80:C3:00:00:00:80:C7:80:00:00:80:C9:40:00:00:80:DF:40:00:00:80:E2:80:00:00:80:E2:C0:00:00:80:D4:C0:00:00:80:BC:80:00:00:80:DB:40:00:00:80:E2:00:00:00:80:DD:80:00:00:80:BC:C0:00:00:80:C1:80:00:00:80:B6:80:00:00:80:B3:C0:00:00:80:BF:00:8A:8B:C0:00:FF:FF:00:00:00:AB:10:45:46]
[53:48:DA:00:C8:05:48:00:00:80:BC:40:00:00:80:AC:C0:00:00:80:C6:40:00:00:80:C5:00:00:00:80:BC:00:00:00:80:C3:80:00:00:80:D5:00:00:00:80:D8:80:00:00:80:C5:80:00:00:80:CF:00:00:00:80:C4:80:00:00:80:D0:00:00:00:80:DA:C0:00:00:80:DB:40:00:00:80:CF:00:00:00:80:C6:80:00:00:80:D0:40:00:00:80:BE:C0:00:00:80:C8:40:00:00:80:CA:00:8A:81:80:00:FF:FF:00:00:00:AB:10:45:46]
[53:48:DA:00:C8:05:49:00:00:80:CA:40:00:00:80:AF:40:00:00:80:BD:C0:00:00:80:CB:80:00:00:80:CB:00:00:00:80:CC:C0:00:00:80:CE:80:00:00:80:BA:80:00:00:80:CF:C0:00:00:80:DB:C0:00:00:80:D9:80:00:00:80:C6:C0:00:00:80:CC:40:00:00:80:C7:C0:00:00:80:6A:80:00:00:80:C4:C0:00:00:80:C5:40:00:00:80:C5:40:00:00:80:B2:00:00:00:80:A8:40:8A:7C:40:00:FF:FF:00:00:00:AB:10:45:46]
[53:48:DA:00:C8:05:4A:00:00:80:CE:00:00:00:80:CE:80:00:00:80:C7:00:00:00:80:D0:80:00:00:80:E2:40:00:00:80:E0:C0:00:00:80:E0:80:00:00:80:D3:00:00:00:80:C0:00:00:00:80:D7:00:00:00:80:CB:C0:00:00:80:BB:C0:00:00:80:AD:C0:00:00:80:C6:C0:00:00:80:C1:40:00:00:80:A5:C0:00:00:80:C8:80:00:00:80:C8:00:00:00:80:C9:40:00:00:80:B4:00:8A:70:00:00:FF:FF:00:00:00:AB:10:45:46]
[53:48:DA:00:C8:05:4B:00:00:80:C3:C0:00:00:80:C0:00:00:00:80:BD:00:00:00:80:D4:80:00:00:80:CC:40:00:00:80:D6:00:00:00:80:BB:40:00:00:80:B5:00:00:00:80:C3:80:00:00:80:D5:00:00:00:80:D5:00:00:00:80:D0:C0:00:00:80:BD:00:00:00:80:37:80:00:00:80:CF:C0:00:00:80:D3:40:00:00:80:D3:40:00:00:80:D2:40:00:00:80:C7:00:00:00:80:AB:80:8A:89:C0:00:FF:FF:00:00:00:AB:10:45:46]
[53:48:DA:00:C8:05:4C:00:00:80:D4:40:00:00:80:D6:80:00:00:80:DB:40:00:00:80:C7:C0:00:00:80:D8:C0:00:00:80:C6:00:00:00:80:DE:80:00:00:80:DC:80:00:00:80:D8:C0:00:00:80:C9:80:00:00:80:B6:C0:00:00:80:C6:00:00:00:80:D5:80:00:00:80:A4:80:00:00:80:BC:40:00:00:80:C2:C0:00:00:80:D3:00:00:00:80:CF:80:00:00:80:B5:40:00:00:80:C4:40:8A:80:80:00:FF:FF:00:00:00:AB:10:45:46]
[53:48:DA:00:C8:05:4D:00:00:80:DD:80:00:00:80:E1:40:00:00:80:BF:80:00:00:80:D4:C0:00:00:80:D1:80:00:00:80:DC:80:00:00:80:E1:80:00:00:80:C2:40:00:00:80:C3:00:00:00:80:AE:C0:00:00:80:C6:40:00:00:80:D4:40:00:00:7F:FC:80:00:00:80:C8:00:00:00:80:C7:00:00:00:80:D5:C0:00:00:80:D8:C0:00:00:80:D9:40:00:00:80:D5:40:00:00:80:B6:C0:8A:82:80:00:FF:FF:00:00:00:AB:10:45:46]
[53:48:DA:00:C8:05:4E:00:00:80:D4:40:00:00:80:D6:80:00:00:80:CA:80:00:00:80:B4:80:00:00:80:B6:40:00:00:80:C5:80:00:00:80:D9:00:00:00:80:CC:80:00:00:80:E1:80:00:00:80:E1:80:00:00:80:D3:40:00:00:80:E0:C0:00:00:80:CE:40:00:00:80:CF:C0:00:00:80:D7:40:00:00:80:D6:80:00:00:80:D8:00:00:00:80:DD:C0:00:00:80:DE:40:00:00:80:E4:00:8A:89:C0:00:FF:FF:00:00:00:AB:10:45:46]
[53:48:DA:00:C8:05:4F:00:00:80:D6:80:00:00:80:CA:00:00:00:80:EC:00:00:00:80:EF:40:00:00:80:F4:80:00:00:80:F6:00:00:00:80:F5:80:00:00:80:FF:00:00:00:81:02:00:00:00:81:04:40:00:00:81:0F:80:00:00:80:47:80:00:00:81:23:00:00:00:81:10:00:00:00:81:4C:40:00:00:81:60:80:00:00:81:81:40:00:00:81:9A:40:00:00:81:AC:40:00:00:82:08:40:8A:8F:00:00:FF:FF:00:00:00:AB:10:45:46]
[53:48:DA:00:C8:05:50:00:00:82:72:C0:00:00:82:AC:40:00:00:83:4B:80:00:00:82:BD:C0:00:00:84:1D:80:00:00:84:75:40:00:00:84:13:00:00:00:85:58:C0:00:00:85:55:C0:00:00:87:50:C0:00:00:86:84:40:00:00:88:31:40:00:00:88:AA:80:00:00:88:30:40:00:00:89:7D:00:00:00:88:5E:00:00:00:88:25:80:00:00:8A:F2:00:00:00:8E:D2:C0:00:00:8C:B7:80:8A:84:80:00:FF:FF:00:00:00:AB:10:45:46]
[53:48:DA:00:C8:05:51:00:00:8E:1F:80:00:00:8D:4E:C0:00:00:90:D9:40:00:00:8E:4F:C0:00:00:8B:F7:40:00:00:8D:AD:C0:00:00:91:4C:80:00:00:8D:9C:00:00:00:8F:E3:00:00:00:8E:BB:40:00:00:8F:1F:C0:00:00:90:17:80:00:00:8E:39:00:00:00:8E:F2:C0:00:00:8C:D5:40:00:00:8D:64:40:00:00:8D:C6:40:00:00:8D:76:C0:00:00:8A:DA:40:00:00:8A:2F:C0:8A:8D:00:00:FF:FF:00:00:00:AB:10:45:46]
[53:48:DA:00:C8:05:52:00:00:8B:3C:00:00:00:8B:C2:00:00:00:8A:C0:40:00:00:8A:82:C0:00:00:89:B9:80:00:00:89:FA:00:00:00:89:06:C0:00:00:88:FB:80:00:00:88:9B:80:00:00:88:F2:40:00:00:87:DB:80:00:00:87:45:80:00:00:86:E1:00:00:00:86:72:00:00:00:88:C1:80:00:00:86:A7:C0:00:00:85:8D:40:00:00:85:F3:00:00:00:85:B8:00:00:00:87:42:40:8A:81:80:00:FF:FF:00:00:00:AB:10:45:46]
[53:48:DA:00:C8:05:53:00:00:85:F1:40:00:00:85:5C:40:00:00:85:59:C0:00:00:86:3F:C0:00:00:84:38:C0:00:00:85:36:C0:00:00:84:DF:40:00:00:85:EC:40:00:00:85:0E:80:00:00:84:82:80:00:00:84:8F:00:00:00:84:6A:40:00:00:83:F3:80:00:00:85:1E:00:00:00:83:C6:00:00:00:83:F8:C0:00:00:83:A3:C0:00:00:83:A5:C0:00:00:83:8D:40:00:00:83:D3:C0:8A:8D:00:00:FF:FF:00:00:00:AB:10:45:46]
[53:48:DA:00:C8:05:54:00:00:82:FB:00:00:00:82:E1:40:00:00:82:97:40:00:00:82:B3:40:00:00:82:7E:40:00:00:82:B5:C0:00:00:82:C0:80:00:00:82:2E:80:00:00:82:6F:C0:00:00:82:63:00:00:00:82:77:00:00:00:82:06:40:00:00:82:52:C0:00:00:82:67:C0:00:00:82:27:00:00:00:81:E0:00:00:00:81:FF:00:00:00:82:02:80:00:00:81:D6:80:00:00:81:FD:80:8A:7D:40:00:FF:FF:00:00:00:AB:10:45:46]
[53:48:DA:00:C8:05:55:00:00:81:A6:C0:00:00:81:BD:80:00:00:81:DD:00:00:00:81:AF:C0:00:00:81:7B:C0:00:00:81:7C:80:00:00:81:A2:C0:00:00:81:9A:00:00:00:81:5E:80:00:00:81:B2:C0:00:00:81:79:C0:00:00:81:75:00:00:00:81:4B:40:00:00:81:5D:80:00:00:81:4B:00:00:00:81:7B:00:00:00:81:42:00:00:00:81:20:80:00:00:81:5B:80:00:00:81:6E:C0:8A:93:40:00:FF:FF:00:00:00:AB:10:45:46]
[53:48:DA:00:C8:05:56:00:00:81:3C:80:00:00:81:3A:C0:00:00:81:4B:80:00:00:81:24:80:00:00:81:44:80:00:00:81:49:40:00:00:81:24:40:00:00:81:45:40:00:00:81:3D:40:00:00:81:4E:80:00:00:81:42:C0:00:00:81:3C:00:00:00:81:23:40:00:00:81:30:C0:00:00:81:1F:40:00:00:81:36:40:00:00:81:2E:40:00:00:81:2F:C0:00:00:81:1F:80:00:00:81:21:C0:8A:81:80:00:FF:FF:00:00:00:AB:10:45:46]
[53:48:DA:00:C8:05:57:00:00:81:21:40:00:00:81:24:40:00:00:81:18:40:00:00:81:16:00:00:00:81:18:00:00:00:81:23:00:00:00:81:0E:C0:00:00:80:FB:00:00:00:81:19:40:00:00:81:1B:C0:00:00:81:18:80:00:00:81:0B:00:00:00:81:1E:40:00:00:81:13:00:00:00:81:0C:00:00:00:80:FC:40:00:00:81:06:00:00:00:81:05:40:00:00:80:FF:C0:00:00:80:F9:00:8A:74:00:00:FF:FF:00:00:00:AB:10:45:46]
[53:48:DA:00:C8:05:58:00:00:81:0A:C0:00:00:81:05:80:00:00:81:09:C0:00:00:80:F6:80:00:00:81:06:40:00:00:81:00:40:00:00:80:F7:00:00:00:80:F9:C0:00:00:80:FE:00:00:00:80:FC:40:00:00:80:F1:80:00:00:80:FC:40:00:00:81:00:80:00:00:80:FE:C0:00:00:80:F9:00:00:00:80:F1:00:00:00:80:F9:00:00:00:80:F7:40:00:00:80:F4:C0:00:00:80:F5:40:8A:87:C0:00:FF:FF:00:00:00:AB:10:45:46]
[53:48:DA:00:C8:05:59:00:00:80:EC:80:00:00:80:E9:C0:00:00:80:F6:C0:00:00:80:FE:80:00:00:80:F2:40:00:00:80:F0:00:00:00:80:C8:40:00:00:80:F0:00:00:00:80:F8:C0:00:00:80:EE:C0:00:00:80:E8:40:00:00:80:E5:80:00:00:80:E9:40:00:00:80:EB:C0:00:00:80:E9:00:00:00:80:EC:80:00:00:80:E6:80:00:00:80:E5:80:00:00:80:EA:C0:00:00:80:E8:40:8A:80:80:00:FF:FF:00:00:00:AB:10:45:46]
[53:48:DA:00:C8:05:5A:00:00:80:EC:C0:00:00:80:F1:C0:00:00:80:EC:80:00:00:80:E8:40:00:00:80:D2:80:00:00:80:E9:C0:00:00:80:E8:80:00:00:80:E7:80:00:00:80:E3:80:00:00:80:EE:00:00:00:80:EA:40:00:00:80:E5:00:00:00:80:D9:C0:00:00:80:E1:80:00:00:80:E1:00:00:00:80:E5:C0:00:00:80:E5:40:00:00:80:EE:40:00:00:80:E7:C0:00:00:80:E7:00:8A:95:40:00:FF:FF:00:00:00:AB:10:45:46]
[53:48:DA:00:C8:05:5B:00:00:80:E3:C0:00:00:80:E5:C0:00:00:80:DA:40:00:00:80:E1:00:00:00:80:DD:40:00:00:80:B5:80:00:00:80:E1:C0:00:00:80:DE:80:00:00:80:CA:80:00:00:80:E6:40:00:00:80:E3:80:00:00:80:E4:40:00:00:80:DF:00:00:00:80:E1:80:00:00:80:DE:40:00:00:80:DD:C0:00:00:80:DE:80:00:00:80:DF:40:00:00:80:DB:00:00:00:80:E0:C0:8A:88:C0:00:FF:FF:00:00:00:AB:10:45:46]
[53:48:DA:00:C8:05:5C:00:00:80:E1:00:00:00:80:DD:00:00:00:80:D8:C0:00:00:80:DE:40:00:00:80:E5:40:00:00:80:DF:C0:00:00:80:DC:00:00:00:80:DD:40:00:00:80:D8:80:00:00:80:D9:00:00:00:80:DC:40:00:00:80:DF:40:00:00:80:D2:40:00:00:80:DA:80:00:00:80:D6:C0:00:00:80:DC:40:00:00:80:DF:00:00:00:80:E1:00:00:00:80:DA:80:00:00:80:D4:40:8A:89:C0:00:FF:FF:00:00:00:AB:10:45:46]
[53:48:DA:00:C8:05:5D:00:00:80:D7:40:00:00:80:DA:C0:00:00:80:DD:80:00:00:80:E1:80:00:00:80:B9:00:00:00:80:DF:80:00:00:80:E3:00:00:00:80:DA:C0:00:00:80:DD:00:00:00:80:DA:C0:00:00:80:D5:80:00:00:80:D9:00:00:00:80:D9:40:00:00:80:DE:40:00:00:80:DE:00:00:00:80:DB:80:00:00:80:CD:00:00:00:80:D5:00:00:00:80:D6:C0:00:00:80:D9:80:8A:86:C0:00:FF:FF:00:00:00:AB:10:45:46]
[53:48:DA:00:C8:05:5E:00:00:80:D9:80:00:00:80:D7:00:00:00:80:D8:40:00:00:80:DD:40:00:00:80:D9:00:00:00:80:DB:C0:00:00:80:D8:80:00:00:80:D8:00:00:00:80:D5:80:00:00:80:D7:80:00:00:80:D5:80:00:00:80:D6:C0:00:00:80:D5:80:00:00:80:D3:40:00:00:80:D8:00:00:00:80:D4:40:00:00:80:D7:80:00:00:80:D0:C0:00:00:80:D6:C0:00:00:80:D6:C0:8A:77:40:00:FF:FF:00:00:00:AB:10:45:46]
[53:48:DA:00:C8:05:5F:00:00:80:D7:40:00:00:80:D8:80:00:00:80:CE:00:00:00:80:BC:80:00:00:80:D4:C0:00:00:80:D8:C0:00:00:80:D7:40:00:00:80:D5:C0:00:00:80:CF:80:00:00:80:D1:C0:00:00:80:D4:40:00:00:80:D0:00:00:00:80:D4:00:00:00:80:D0:80:00:00:80:D4:C0:00:00:80:D3:80:00:00:80:D4:40:00:00:80:D0:C0:00:00:80:D1:80:00:00:80:D0:C0:8A:90:00:00:FF:FF:00:00:00:AB:10:45:46]
[53:48:DA:00:C8:05:60:00:00:80:D0:40:00:00:80:D5:80:00:00:80:D2:80:00:00:80:C7:80:00:00:80:C9:00:00:00:80:D0:C0:00:00:80:D2:C0:00:00:80:C4:40:00:00:80:CF:C0:00:00:80:CE:00:00:00:80:C4:00:00:00:80:CC:00:00:00:80:D1:80:00:00:80:D2:80:00:00:80:D2:40:00:00:80:CD:80:00:00:80:CD:80:00:00:80:CF:40:00:00:80:CC:80:00:00:80:D1:40:8A:83:80:00:FF:FF:00:00:00:AB:10:45:46]
[53:48:DA:00:C8:05:61:00:00:80:CF:00:00:00:80:CA:00:00:00:80:CC:80:00:00:80:C9:C0:00:00:80:CF:00:00:00:80:D1:80:00:00:80:CC:40:00:00:80:C2:C0:00:00:80:D0:00:00:00:80:CC:C0:00:00:80:CA:00:00:00:80:D0:80:00:00:80:CF:40:00:00:80:C9:80:00:00:80:CE:C0:00:00:80:CF:40:00:00:80:D0:C0:00:00:80:CF:00:00:00:80:CA:80:00:00:80:D0:40:8A:85:C0:00:FF:FF:00:00:00:AB:10:45:46]
[53:48:DA:00:C8:05:62:00:00:80:D0:40:00:00:80:D0:40:00:00:80:CD:80:00:00:80:CF:00:00:00:80:C7:80:00:00:80:CE:80:00:00:80:CD:00:00:00:80:CC:40:00:00:80:CC:40:00:00:80:CC:00:00:00:80:C9:00:00:00:80:B4:C0:00:00:80:CF:C0:00:00:80:D1:80:00:00:80:CF:00:00:00:80:C9:80:00:00:80:D0:40:00:00:80:D0:80:00:00:80:D1:C0:00:00:80:CE:80:8A:82:80:00:FF:FF:00:00:00:AB:10:45:46]
[53:48:DA:00:C8:05:63:00:00:80:D2:00:00:00:80:D4:00:00:00:80:D3:C0:00:00:80:D0:40:00:00:80:CF:40:00:00:80:D0:40:00:00:80:CC:C0:00:00:80:D2:00:00:00:80:D1:00:00:00:80:CD:00:00:00:80:D4:00:00:00:80:CF:C0:00:00:80:D1:00:00:00:80:D2:C0:00:00:80:CB:C0:00:00:80:BE:C0:00:00:80:D0:80:00:00:80:D0:C0:00:00:80:D0:80:00:00:80:D2:00:8A:82:80:00:FF:FF:00:00:00:AB:10:45:46]
[53:48:DA:00:C8:05:64:00:00:80:D0:80:00:00:80:D2:C0:00:00:80:CE:80:00:00:80:CF:C0:00:00:80:CD:00:00:00:80:CF:80:00:00:80:CF:80:00:00:80:D0:C0:00:00:80:D0:40:00:00:80:CA:80:00:00:80:CE:C0:00:00:80:CD:80:00:00:80:D0:C0:00:00:80:C9:80:00:00:80:D0:C0:00:00:80:D0:40:00:00:80:D1:C0:00:00:80:D1:00:00:00:80:D1:00:00:00:80:C0:80:8A:76:00:00:FF:FF:00:00:00:AB:10:45:46]
[53:48:DA:00:C8:05:65:00:00:80:D3:00:00:00:80:CA:40:00:00:80:CF:00:00:00:80:D3:40:00:00:80:CF:C0:00:00:80:D4:00:00:00:80:D0:80:00:00:80:CB:C0:00:00:80:CE:80:00:00:80:D3:00:00:00:80:D3:40:00:00:80:D0:80:00:00:80:D3:00:00:00:80:D1:40:00:00:80:D0:80:00:00:80:D1:C0:00:00:80:D3:40:00:00:80:CA:00:00:00:80:CF:40:00:00:80:D2:40:8A:8A:C0:00:FF:FF:00:00:00:AB:10:45:46]
[53:48:DA:00:C8:05:66:00:00:80:D1:00:00:00:80:D2:80:00:00:80:C1:40:00:00:80:CB:40:00:00:80:D3:40:00:00:80:CE:C0:00:00:80:CC:40:00:00:80:CA:40:00:00:80:D0:00:00:00:80:CF:00:00:00:80:CB:80:00:00:80:CF:00:00:00:80:D1:80:00:00:80:D2:80:00:00:80:CA:C0:00:00:80:CD:00:00:00:80:CF:C0:00:00:80:CF:40:00:00:80:CE:80:00:00:80:CD:C0:8A:79:40:00:FF:FF:00:00:00:AB:10:45:46]
[53:48:DA:00:C8:05:67:00:00:80:D5:40:00:00:80:D0:80:00:00:80:D1:00:00:00:80:D1:80:00:00:80:CD:40:00:00:80:CF:00:00:00:80:C2:40:00:00:80:CC:00:00:00:80:CF:00:00:00:80:CE:80:00:00:80:CB:C0:00:00:80:D0:C0:00:00:80:CF:00:00:00:80:D0:00:00:00:80:CE:80:00:00:80:D1:00:00:00:80:CF:80:00:00:80:C9:C0:00:00:80:CE:C0:00:00:80:BF:C0:8A:9C:80:00:FF:FF:00:00:00:AB:10:45:46]
[53:48:DA:00:C8:05:68:00:00:80:D0:00:00:00:80:CD:80:00:00:80:CF:40:00:00:80:D0:C0:00:00:80:D1:00:00:00:80:C9:80:00:00:80:CE:00:00:00:80:CE:80:00:00:80:D0:C0:00:00:80:CA:80:00:00:80:C8:40:00:00:80:D0:40:00:00:80:D4:80:00:00:80:D0:80:00:00:80:D0:C0:00:00:80:CE:C0:00:00:80:CC:40:00:00:80:D0:80:00:00:80:D2:C0:00:00:80:D0:40:8A:98:40:00:FF:FF:00:00:00:AB:10:45:46]
[53:48:DA:00:C8:05:69:00:00:80:CF:00:00:00:80:CF:80:00:00:80:CF:00:00:00:80:C6:C0:00:00:80:D0:80:00:00:80:CD:00:00:00:80:CE:00:00:00:80:D1:40:00:00:80:D0:80:00:00:80:CF:80:00:00:80:CF:40:00:00:80:CC:80:00:00:80:D1:00:00:00:80:CA:00:00:00:80:CC:40:00:00:80:CE:40:00:00:80:D3:00:00:00:80:D0:C0:00:00:80:B5:00:00:00:80:CC:00:8A:9C:80:00:FF:FF:00:00:00:AB:10:45:46]
[53:48:DA:00:C8:05:6A:00:00:80:D1:40:00:00:80:CD:C0:00:00:80:D0:C0:00:00:80:D3:00:00:00:80:CD:C0:00:00:80:CB:00:00:00:80:D2:00:00:00:80:CF:C0:00:00:80:CD:C0:00:00:80:D1:00:00:00:80:CE:40:00:00:80:D0:80:00:00:80:D1:40:00:00:80:CE:80:00:00:80:CD:C0:00:00:80:CC:C0:00:00:80:CE:C0:00:00:80:CC:00:00:00:80:CB:80:00:00:80:D0:C0:8A:83:80:00:FF:FF:00:00:00:AB:10:45:46]
[53:48:DA:00:C8:05:6B:00:00:80:D0:00:00:00:80:D2:80:00:00:80:CF:00:00:00:80:D1:00:00:00:80:D0:C0:00:00:80:CD:C0:00:00:80:D0:C0:00:00:80:CE:40:00:00:80:CF:C0:00:00:80:CE:C0:00:00:80:D0:80:00:00:80:CE:00:00:00:80:CE:00:00:00:80:CF:C0:00:00:80:D0:00:00:00:80:D3:C0:00:00:80:CE:00:00:00:80:BB:00:00:00:80:D2:C0:00:00:80:D0:80:8A:80:80:00:FF:FF:00:00:00:AB:10:45:46]
[53:48:DA:00:C8:05:6C:00:00:80:D3:00:00:00:80:BC:80:00:00:80:C8:80:00:00:80:D1:00:00:00:80:CD:80:00:00:80:CB:80:00:00:80:D0:00:00:00:80:D0:C0:00:00:80:D2:00:00:00:80:D2:C0:00:00:80:D2:00:00:00:80:CE:80:00:00:80:CE:80:00:00:80:D1:40:00:00:80:D0:80:00:00:80:D1:00:00:00:80:D2:80:00:00:80:D2:40:00:00:80:CF:C0:00:00:80:CF:80:8A:74:00:00:FF:FF:00:00:00:AB:10:45:46]
[53:48:DA:00:C8:05:6D:00:00:80:D2:00:00:00:80:D2:80:00:00:80:CE:C0:00:00:80:D5:00:00:00:80:D0:80:00:00:80:BC:C0:00:00:80:D6:80:00:00:80:CF:00:00:00:80:D3:80:00:00:80:CF:80:00:00:80:CF:C0:00:00:80:CF:C0:00:00:80:CF:00:00:00:80:D0:40:00:00:80:D0:40:00:00:80:D3:40:00:00:80:B4:C0:00:00:80:D1:80:00:00:80:CF:00:00:00:80:D1:00:8A:92:00:00:FF:FF:00:00:00:AB:10:45:46]
[53:48:DA:00:C8:05:6E:00:00:80:D1:80:00:00:80:D3:00:00:00:80:D1:00:00:00:80:C4:40:00:00:80:D0:00:00:00:80:D1:00:00:00:80:CE:80:00:00:80:D0:C0:00:00:80:CF:00:00:00:80:BD:C0:00:00:80:D1:40:00:00:80:CD:C0:00:00:80:D3:40:00:00:80:D1:00:00:00:80:CD:80:00:00:80:C8:40:00:00:80:D0:40:00:00:80:D2:40:00:00:80:CF:00:00:00:80:D2:00:8A:8A:C0:00:FF:FF:00:00:00:AB:10:45:46]
[53:48:DA:00:C8:05:6F:00:00:80:CD:80:00:00:80:D1:40:00:00:80:D3:00:00:00:80:C9:40:00:00:80:CE:80:00:00:80:CE:00:00:00:80:CA:40:00:00:80:CF:40:00:00:80:D1:C0:00:00:80:CF:40:00:00:80:CE:80:00:00:80:CE:C0:00:00:80:D2:00:00:00:80:C6:00:00:00:80:D0:40:00:00:80:B2:80:00:00:80:CA:00:00:00:80:CD:00:00:00:80:D0:00:00:00:80:D1:C0:8A:8D:00:00:FF:FF:00:00:00:AB:10:45:46]
[53:48:DA:00:C8:05:70:00:00:80:D1:80:00:00:80:CE:80:00:00:80:C3:C0:00:00:80:BF:40:00:00:80:D1:80:00:00:80:D0:40:00:00:80:C8:40:00:00:80:CF:00:00:00:80:D0:C0:00:00:80:D0:80:00:00:80:D1:00:00:00:80:CB:40:00:00:80:C7:00:00:00:80:D1:00:00:00:80:D1:00:00:00:80:CE:40:00:00:80:D1:00:00:00:80:C5:C0:00:00:80:CD:C0:00:00:80:D2:80:8A:81:80:00:FF:FF:00:00:00:AB:10:45:46]
[53:48:DA:00:C8:05:71:00:00:80:D2:40:00:00:80:D1:40:00:00:80:C7:C0:00:00:80:C6:40:00:00:80:CF:00:00:00:80:D3:00:00:00:80:CC:40:00:00:80:CC:40:00:00:80:D1:00:00:00:80:CC:80:00:00:80:CF:C0:00:00:80:C8:00:00:00:80:C7:40:00:00:80:C9:C0:00:00:80:B0:00:00:00:80:D2:00:00:00:80:D4:40:00:00:80:CF:80:00:00:80:C5:00:00:00:80:D1:00:8A:88:C0:00:FF:FF:00:00:00:AB:10:45:46]
[53:48:DA:00:C8:05:72:00:00:80:C8:40:00:00:80:C0:40:00:00:80:D3:C0:00:00:80:CC:C0:00:00:80:D1:C0:00:00:80:D1:C0:00:00:80:D2:80:00:00:80:CE:C0:00:00:80:CD:80:00:00:80:D2:80:00:00:80:D0:C0:00:00:80:D1:C0:00:00:80:D0:80:00:00:80:D2:C0:00:00:80:CE:00:00:00:80:CF:00:00:00:80:D3:80:00:00:80:CE:80:00:00:80:D1:80:00:00:80:D0:80:8A:90:00:00:FF:FF:00:00:00:AB:10:45:46]
[53:48:DA:00:C8:05:73:00:00:80:D3:00:00:00:80:CE:40:00:00:80:D1:40:00:00:80:D3:40:00:00:80:CB:40:00:00:80:D0:40:00:00:80:D0:80:00:00:80:D2:40:00:00:80:D0:40:00:00:80:CF:00:00:00:80:D2:80:00:00:80:D0:40:00:00:80:D0:40:00:00:80:AA:C0:00:00:80:CF:40:00:00:80:D0:80:00:00:80:D0:80:00:00:80:D3:80:00:00:80:CF:00:00:00:80:D0:80:8A:AA:00:00:FF:FF:00:00:00:AB:10:45:46]
[53:48:DA:00:C8:05:74:00:00:80:C2:00:00:00:80:C6:80:00:00:80:D0:C0:00:00:80:D1:80:00:00:80:D1:C0:00:00:80:CB:C0:00:00:80:CF:C0:00:00:80:D3:40:00:00:80:B6:C0:00:00:80:CE:00:00:00:80:D1:C0:00:00:80:D1:00:00:00:80:D0:C0:00:00:80:D0:40:00:00:80:CF:00:00:00:80:CE:C0:00:00:80:CE:C0:00:00:80:D0:80:00:00:80:D1:00:00:00:80:CF:80:8A:81:80:00:FF:FF:00:00:00:AB:10:45:46]
[53:48:DA:00:C8:05:75:00:00:80:D0:C0:00:00:80:D1:00:00:00:80:CF:C0:00:00:80:D1:00:00:00:80:CF:00:00:00:80:D1:00:00:00:80:D1:C0:00:00:80:CF:80:00:00:80:CF:40:00:00:80:D1:C0:00:00:80:D0:C0:00:00:80:D2:00:00:00:80:94:80:00:00:80:D2:40:00:00:80:D3:C0:00:00:80:D0:40:00:00:80:D0:40:00:00:80:D3:40:00:00:80:D0:C0:00:00:80:D3:C0:8A:8B:C0:00:FF:FF:00:00:00:AB:10:45:46]
[53:48:DA:00:C8:05:76:00:00:80:C2:80:00:00:80:C0:00:00:00:80:CF:C0:00:00:80:A6:40:00:00:80:C3:40:00:00:80:B4:80:00:00:80:C4:C0:00:00:80:96:40:00:00:80:97:00:00:00:80:AF:C0:00:00:80:AD:40:00:00:80:CF:C0:00:00:80:D1:80:00:00:80:D1:C0:00:00:80:D2:40:00:00:80:CF:00:00:00:80:BF:C0:00:00:80:D4:40:00:00:80:CD:80:00:00:80:CE:40:8A:9B:80:00:FF:FF:00:00:00:AB:10:45:46]
[53:48:DA:00:C8:05:77:00:00:80:CC:40:00:00:80:D2:40:00:00:80:D1:00:00:00:80:D0:00:00:00:80:D1:40:00:00:80:D0:C0:00:00:80:D0:C0:00:00:80:D5:00:00:00:80:D1:80:00:00:80:D3:00:00:00:80:D0:00:00:00:80:C1:80:00:00:80:D2:40:00:00:80:CE:00:00:00:80:CF:40:00:00:80:D1:C0:00:00:80:CF:00:00:00:80:D0:C0:00:00:80:CD:80:00:00:80:C5:00:8A:93:40:00:FF:FF:00:00:00:AB:10:45:46]
[53:48:DA:00:C8:05:78:00:00:80:D2:80:00:00:80:CF:80:00:00:80:CD:00:00:00:80:D0:80:00:00:80:D0:40:00:00:80:CF:C0:00:00:80:D0:C0:00:00:80:CF:40:00:00:80:CE:40:00:00:80:CD:C0:00:00:80:D0:80:00:00:80:CF:C0:00:00:80:CE:40:00:00:80:D0:40:00:00:80:CF:00:00:00:80:CD:C0:00:00:80:CE:C0:00:00:80:CF:00:00:00:80:CE:C0:00:00:80:CF:00:8A:84:80:00:FF:FF:00:00:00:AB:10:45:46]
[53:48:DA:00:C8:05:79:00:00:80:CB:C0:00:00:80:D0:80:00:00:80:CF:00:00:00:80:C8:40:00:00:80:CD:C0:00:00:80:CC:C0:00:00:80:CA:C0:00:00:80:CA:00:00:00:80:CF:40:00:00:80:C8:80:00:00:80:E3:40:00:00:80:CD:C0:00:00:80:CE:40:00:00:80:CE:80:00:00:80:CB:40:00:00:80:CB:40:00:00:80:CC:40:00:00:80:CB:C0:00:00:80:CB:80:00:00:80:C8:00:8A:9D:80:00:FF:FF:00:00:00:AB:10:45:46]
[53:48:DA:00:C8:05:7A:00:00:80:C8:40:00:00:80:C8:80:00:00:80:C5:00:00:00:80:C7:80:00:00:80:C7:00:00:00:80:C9:40:00:00:80:C6:C0:00:00:80:BE:40:00:00:80:B9:C0:00:00:80:C3:80:00:00:80:C2:40:00:00:80:C4:C0:00:00:80:C0:C0:00:00:80:C4:40:00:00:80:C0:00:00:00:80:BF:C0:00:00:80:C0:40:00:00:80:BE:C0:00:00:80:BD:C0:00:00:80:BD:00:8A:84:80:00:FF:FF:00:00:00:AB:10:45:46]
[53:48:DA:00:C8:05:7B:00:00:80:C1:C0:00:00:80:C0:40:00:00:80:C2:80:00:00:80:BD:40:00:00:80:C0:00:00:00:80:C2:00:00:00:80:BF:C0:00:00:80:BF:00:00:00:80:BE:40:00:00:7F:7B:40:00:00:80:C2:80:00:00:80:B9:80:00:00:80:BE:C0:00:00:80:C1:80:00:00:80:BD:00:00:00:80:BB:40:00:00:80:B9:C0:00:00:80:BC:00:00:00:80:BA:80:00:00:80:B8:40:8A:A0:80:00:FF:FF:00:00:00:AB:10:45:46]
[53:48:DA:00:C8:05:7C:00:00:80:B8:00:00:00:80:B9:00:00:00:80:B5:80:00:00:80:B5:40:00:00:80:B7:C0:00:00:80:B6:C0:00:00:80:B6:00:00:00:80:B4:C0:00:00:80:B9:00:00:00:80:BB:C0:00:00:80:B8:80:00:00:80:BA:40:00:00:80:B8:80:00:00:80:BD:00:00:00:80:BC:00:00:00:80:A5:80:00:00:80:AD:00:00:00:80:BD:40:00:00:80:BB:C0:00:00:80:B8:C0:8A:8A:C0:00:FF:FF:00:00:00:AB:10:45:46]
[53:48:DA:00:C8:05:7D:00:00:80:BE:80:00:00:80:BE:00:00:00:80:BF:00:00:00:80:BD:C0:00:00:80:BE:00:00:00:80:BF:40:00:00:80:C2:C0:00:00:80:BB:40:00:00:80:91:80:00:00:80:C3:80:00:00:80:BF:40:00:00:80:BF:C0:00:00:80:C1:80:00:00:80:C7:00:00:00:80:C6:80:00:00:80:C1:C0:00:00:80:AD:40:00:00:80:C6:C0:00:00:80:C5:00:00:00:80:B0:C0:8A:8A:C0:00:FF:FF:00:00:00:AB:10:45:46]
[53:48:DA:00:C8:05:7E:00:00:80:CA:40:00:00:80:C8:C0:00:00:80:C6:40:00:00:80:BD:C0:00:00:80:B6:C0:00:00:80:C9:C0:00:00:80:CD:80:00:00:80:CA:40:00:00:80:CE:00:00:00:80:D1:40:00:00:80:BF:80:00:00:80:CF:00:00:00:80:CC:C0:00:00:80:CC:40:00:00:80:CF:40:00:00:80:C6:00:00:00:80:CE:80:00:00:80:C7:00:00:00:80:CF:40:00:00:80:D0:C0:8A:9A:80:00:FF:FF:00:00:00:AB:10:45:46]
[53:48:DA:00:C8:05:7F:00:00:80:CF:80:00:00:80:CF:00:00:00:80:BE:40:00:00:80:C0:80:00:00:80:D5:40:00:00:80:D4:40:00:00:80:D4:80:00:00:80:A9:C0:00:00:80:D1:00:00:00:80:D3:80:00:00:80:C6:80:00:00:80:D4:80:00:00:80:D3:80:00:00:80:CC:40:00:00:80:D3:00:00:00:80:C7:C0:00:00:80:D2:00:00:00:80:D2:40:00:00:80:D4:80:00:00:80:D3:40:8A:91:00:00:FF:FF:00:00:00:AB:10:45:46]
[53:48:DA:00:C8:05:80:00:00:80:D2:C0:00:00:80:D0:00:00:00:80:CF:80:00:00:80:D2:C0:00:00:80:D0:00:00:00:80:D4:00:00:00:80:C1:00:00:00:80:D3:00:00:00:80:D6:40:00:00:80:D6:00:00:00:80:CD:80:00:00:80:D2:40:00:00:80:CE:40:00:00:80:D4:00:00:00:80:D6:00:00:00:80:D0:40:00:00:80:D1:00:00:00:80:C7:00:00:00:80:D5:00:00:00:80:D4:40:8A:B3:40:00:FF:FF:00:00:00:AB:10:45:46]
[53:48:DA:00:C8:05:81:00:00:80:CB:00:00:00:80:CB:80:00:00:80:D6:40:00:00:80:D6:40:00:00:80:D6:00:00:00:80:D4:C0:00:00:80:C6:C0:00:00:80:D1:C0:00:00:80:D6:C0:00:00:80:CC:00:00:00:80:C3:40:00:00:80:CE:40:00:00:80:D4:C0:00:00:80:D3:C0:00:00:80:D2:00:00:00:80:D2:80:00:00:80:D3:C0:00:00:80:D3:00:00:00:80:D2:C0:00:00:80:D4:40:8A:82:80:00:FF:FF:00:00:00:AB:10:45:46]
[53:48:DA:00:C8:05:82:00:00:80:D2:80:00:00:80:D4:00:00:00:80:D1:00:00:00:80:CE:00:00:00:80:D4:C0:00:00:80:D1:40:00:00:80:D1:40:00:00:80:C6:00:00:00:80:D2:40:00:00:80:D2:40:00:00:80:D2:40:00:00:80:C8:00:00:00:80:D4:C0:00:00:80:D5:80:00:00:80:C5:00:00:00:80:D4:80:00:00:80:D2:00:00:00:80:D5:00:00:00:80:D3:C0:00:00:80:D0:80:8A:A3:C0:00:FF:FF:00:00:00:AB:10:45:46]
[53:48:DA:00:C8:05:83:00:00:80:CF:40:00:00:80:D0:80:00:00:80:CB:00:00:00:80:CF:80:00:00:80:D1:40:00:00:80:D0:80:00:00:80:CC:40:00:00:80:D1:40:00:00:80:D5:C0:00:00:80:CB:C0:00:00:80:D1:80:00:00:80:D6:80:00:00:80:C8:C0:00:00:80:CF:40:00:00:80:D2:80:00:00:80:D4:80:00:00:80:D2:40:00:00:80:D4:40:00:00:80:C5:C0:00:00:80:D0:80:8A:94:40:00:FF:FF:00:00:00:AB:10:45:46]
[53:48:DA:00:C8:05:84:00:00:80:CD:C0:00:00:80:C8:80:00:00:80:D4:80:00:00:80:C8:00:00:00:80:D4:80:00:00:80:D2:40:00:00:80:C6:00:00:00:80:CE:40:00:00:80:CD:C0:00:00:80:D2:40:00:00:80:D0:C0:00:00:80:D0:00:00:00:80:CF:00:00:00:80:CF:80:00:00:80:CF:00:00:00:80:D2:C0:00:00:80:C6:40:00:00:80:CF:C0:00:00:80:D0:00:00:00:80:D2:80:8A:92:00:00:FF:FF:00:00:00:AB:10:45:46]
[53:48:DA:00:C8:05:85:00:00:80:61:C0:00:00:80:BB:40:00:00:80:C5:80:00:00:80:D3:80:00:00:80:B9:C0:00:00:80:D0:80:00:00:80:D0:80:00:00:80:CD:80:00:00:80:D3:C0:00:00:80:BB:40:00:00:80:CC:40:00:00:80:D3:00:00:00:80:CA:C0:00:00:80:D0:00:00:00:80:C7:C0:00:00:80:D0:C0:00:00:80:D1:80:00:00:80:C8:80:00:00:80:CD:C0:00:00:80:B8:00:8A:8F:00:00:FF:FF:00:00:00:AB:10:45:46]
[53:48:DA:00:C8:05:86:00:00:80:B2:80:00:00:80:D3:40:00:00:80:D3:80:00:00:80:68:00:00:00:80:D0:80:00:00:80:88:40:00:00:80:B9:00:00:00:80:D0:C0:00:00:80:D3:00:00:00:80:D2:00:00:00:80:CF:80:00:00:80:D3:00:00:00:80:BF:C0:00:00:80:D1:C0:00:00:80:D1:C0:00:00:80:C8:00:00:00:80:53:80:00:00:80:D2:80:00:00:80:D1:40:00:00:80:4D:40:8A:92:00:00:FF:FF:00:00:00:AB:10:45:46]
[53:48:DA:00:C8:05:87:00:00:80:3A:40:00:00:80:53:40:00:00:80:5D:40:00:00:80:0C:00:00:00:80:5B:40:00:00:80:55:00:00:00:80:49:40:00:00:80:49:40:00:00:80:BF:C0:00:00:80:AD:00:00:00:80:D2:C0:00:00:80:D0:40:00:00:80:D0:C0:00:00:80:C3:80:00:00:80:6F:40:00:00:80:CE:C0:00:00:80:CE:C0:00:00:80:D1:C0:00:00:80:D1:40:00:00:80:CD:C0:8A:9F:80:00:FF:FF:00:00:00:AB:10:45:46]
[53:48:DA:00:C8:05:88:00:00:80:CE:40:00:00:80:D6:00:00:00:80:B2:C0:00:00:80:C0:40:00:00:80:CF:40:00:00:80:C8:80:00:00:80:D3:C0:00:00:80:CF:80:00:00:80:D2:00:00:00:80:D1:C0:00:00:80:CF:00:00:00:80:D2:40:00:00:80:CC:80:00:00:80:BF:00:00:00:80:D2:C0:00:00:80:D3:C0:00:00:80:CB:00:00:00:80:D1:C0:00:00:80:D1:C0:00:00:80:D0:80:8A:9C:80:00:FF:FF:00:00:00:AB:10:45:46]
[53:48:DA:00:C8:05:89:00:00:80:D0:C0:00:00:80:D0:40:00:00:80:D0:40:00:00:80:D2:40:00:00:80:C2:C0:00:00:80:BF:00:00:00:80:D5:80:00:00:80:CE:C0:00:00:80:D0:C0:00:00:80:D0:80:00:00:80:C6:C0:00:00:80:CE:80:00:00:80:CC:80:00:00:80:CD:40:00:00:80:CF:40:00:00:80:D1:C0:00:00:80:D0:80:00:00:80:C2:C0:00:00:80:CC:C0:00:00:80:CF:80:8A:88:C0:00:FF:FF:00:00:00:AB:10:45:46]
[53:48:DA:00:C8:05:8A:00:00:80:D0:00:00:00:80:A8:40:00:00:80:C6:C0:00:00:80:D1:C0:00:00:80:CD:80:00:00:80:CF:C0:00:00:80:CF:00:00:00:80:D1:00:00:00:80:D0:40:00:00:80:CF:40:00:00:80:CF:C0:00:00:80:CF:80:00:00:80:D0:C0:00:00:80:D2:80:00:00:80:CF:C0:00:00:80:D1:00:00:00:80:D0:C0:00:00:80:CD:C0:00:00:80:C7:C0:00:00:80:CE:40:8A:A6:C0:00:FF:FF:00:00:00:AB:10:45:46]
[53:48:DA:00:C8:05:8B:00:00:80:C7:C0:00:00:80:CA:40:00:00:80:C9:00:00:00:80:D3:C0:00:00:80:CE:80:00:00:80:CE:C0:00:00:80:C5:80:00:00:80:D2:40:00:00:80:D0:00:00:00:80:D3:00:00:00:80:CE:40:00:00:80:CC:80:00:00:80:D1:80:00:00:80:C3:C0:00:00:80:D0:00:00:00:80:CF:C0:00:00:80:D0:80:00:00:80:D0:40:00:00:80:D0:40:00:00:80:D1:C0:8A:8A:C0:00:FF:FF:00:00:00:AB:10:45:46]
[53:48:DA:00:C8:05:8C:00:00:80:9C:40:00:00:80:CF:40:00:00:80:CE:00:00:00:80:D0:40:00:00:80:CD:80:00:00:80:D0:80:00:00:80:CE:00:00:00:80:C5:40:00:00:80:D5:00:00:00:80:D1:C0:00:00:80:D2:00:00:00:80:C5:00:00:00:80:D2:C0:00:00:80:D1:80:00:00:80:CF:00:00:00:80:D1:40:00:00:80:CD:C0:00:00:80:D2:00:00:00:80:D4:40:00:00:80:CE:C0:8A:97:40:00:FF:FF:00:00:00:AB:10:45:46]
[53:48:DA:00:C8:05:8D:00:00:80:CF:C0:00:00:80:D0:80:00:00:80:C1:40:00:00:80:CA:40:00:00:80:CF:C0:00:00:80:CD:40:00:00:80:CF:80:00:00:80:C2:00:00:00:80:CC:40:00:00:80:CB:40:00:00:80:D1:40:00:00:80:D1:00:00:00:80:C9:00:00:00:80:D2:40:00:00:80:C7:40:00:00:80:D0:40:00:00:80:CE:C0:00:00:80:D3:80:00:00:80:CE:C0:00:00:80:C8:00:8A:95:40:00:FF:FF:00:00:00:AB:10:45:46]
[53:48:DA:00:C8:05:8E:00:00:80:D0:40:00:00:80:D0:80:00:00:80:CD:80:00:00:80:D0:40:00:00:80:CA:80:00:00:80:D2:80:00:00:80:D1:40:00:00:80:D5:80:00:00:80:D4:40:00:00:80:D3:00:00:00:80:C8:00:00:00:80:D0:80:00:00:80:B3:00:00:00:80:D2:40:00:00:80:CF:40:00:00:80:D0:00:00:00:80:D0:40:00:00:80:D3:40:00:00:80:D1:40:00:00:80:D0:00:8A:A2:C0:00:FF:FF:00:00:00:AB:10:45:46]
[53:48:DA:00:C8:05:8F:00:00:80:D0:C0:00:00:80:CD:80:00:00:80:D3:40:00:00:80:D0:00:00:00:80:D1:40:00:00:80:CB:00:00:00:80:D1:00:00:00:80:CE:40:00:00:80:D1:80:00:00:80:D3:40:00:00:80:D0:80:00:00:80:CD:00:00:00:80:C4:40:00:00:80:CE:00:00:00:80:CA:00:00:00:80:D2:00:00:00:80:AC:00:00:00:80:CA:00:00:00:80:CC:40:00:00:80:1E:C0:8A:A1:C0:00:FF:FF:00:00:00:AB:10:45:46]
[53:48:DA:00:C8:05:90:00:00:80:D0:40:00:00:80:CB:C0:00:00:80:CF:00:00:00:80:D0:40:00:00:80:C7:80:00:00:80:D0:80:00:00:80:D1:40:00:00:80:D2:80:00:00:80:CE:C0:00:00:80:CF:00:00:00:80:D3:00:00:00:80:D3:00:00:00:80:B8:80:00:00:80:D1:40:00:00:80:BF:40:00:00:80:CB:40:00:00:80:CA:C0:00:00:80:D1:C0:00:00:80:C8:00:00:00:80:BB:80:8A:98:40:00:FF:FF:00:00:00:AB:10:45:46]
[53:48:DA:00:C8:05:91:00:00:80:C5:80:00:00:80:D3:C0:00:00:80:CA:C0:00:00:80:D0:C0:00:00:80:CE:00:00:00:80:D0:00:00:00:80:CE:80:00:00:80:CF:80:00:00:80:D4:00:00:00:80:D1:C0:00:00:80:D2:40:00:00:80:C6:C0:00:00:80:CB:80:00:00:80:D3:40:00:00:80:D0:00:00:00:80:D7:80:00:00:80:CE:40:00:00:80:CF:40:00:00:80:32:80:00:00:80:D0:40:8A:AA:00:00:FF:FF:00:00:00:AB:10:45:46]
[53:48:DA:00:C8:05:92:00:00:80:D2:C0:00:00:80:CF:80:00:00:80:CF:40:00:00:80:CA:80:00:00:80:BF:40:00:00:80:D1:C0:00:00:80:CD:80:00:00:80:B1:80:00:00:80:CF:C0:00:00:80:D0:C0:00:00:80:D0:40:00:00:80:D2:80:00:00:80:D1:40:00:00:80:CC:80:00:00:80:BF:40:00:00:80:CF:00:00:00:80:D2:40:00:00:80:CB:00:00:00:80:CB:80:00:00:80:CE:00:8A:A0:80:00:FF:FF:00:00:00:AB:10:45:46]
[53:48:DA:00:C8:05:93:00:00:80:D1:40:00:00:80:CD:80:00:00:80:D2:00:00:00:80:CE:00:00:00:80:CD:80:00:00:80:76:C0:00:00:80:D1:C0:00:00:80:CC:00:00:00:80:D2:80:00:00:80:CD:80:00:00:80:D0:80:00:00:80:D4:80:00:00:80:D2:40:00:00:80:D2:C0:00:00:80:C4:40:00:00:80:CE:80:00:00:80:CE:40:00:00:80:3B:C0:00:00:80:CF:80:00:00:80:C4:C0:8A:9F:80:00:FF:FF:00:00:00:AB:10:45:46]
[53:48:DA:00:C8:05:94:00:00:80:C3:80:00:00:80:CA:80:00:00:80:D2:00:00:00:80:CE:C0:00:00:80:D5:40:00:00:80:D1:80:00:00:80:C4:C0:00:00:80:D0:C0:00:00:80:D1:80:00:00:80:C6:C0:00:00:80:CF:C0:00:00:80:CD:40:00:00:80:CC:80:00:00:80:CF:80:00:00:80:D0:C0:00:00:80:CC:80:00:00:80:D1:80:00:00:80:D0:40:00:00:80:D0:80:00:00:80:D0:80:8A:97:40:00:FF:FF:00:00:00:AB:10:45:46]
[53:48:DA:00:C8:05:95:00:00:80:CF:80:00:00:80:D0:40:00:00:80:CE:80:00:00:80:D0:C0:00:00:80:CE:00:00:00:80:D0:00:00:00:80:D0:C0:00:00:80:CF:40:00:00:80:C4:00:00:00:80:CE:00:00:00:80:CA:80:00:00:80:D0:00:00:00:80:D0:80:00:00:80:D3:00:00:00:80:AF:40:00:00:80:C5:80:00:00:80:57:00:00:00:80:D1:00:00:00:80:D0:40:00:00:80:C4:C0:8A:A2:C0:00:FF:FF:00:00:00:AB:10:45:46]
[53:48:DA:00:C8:05:96:00:00:80:CE:40:00:00:80:CF:C0:00:00:80:C9:C0:00:00:80:CF:C0:00:00:80:CE:00:00:00:80:D4:40:00:00:80:C6:00:00:00:80:D0:80:00:00:80:D0:80:00:00:80:C8:C0:00:00:80:D2:00:00:00:80:D3:40:00:00:80:CF:C0:00:00:80:CC:80:00:00:80:D0:40:00:00:80:CE:80:00:00:80:D4:00:00:00:80:D2:00:00:00:80:D3:C0:00:00:80:CF:00:8A:89:C0:00:FF:FF:00:00:00:AB:10:45:46]
[53:48:DA:00:C8:05:97:00:00:80:D1:00:00:00:80:D0:40:00:00:80:D4:40:00:00:80:D0:80:00:00:80:CC:00:00:00:80:C9:00:00:00:80:D4:C0:00:00:80:D1:80:00:00:80:D2:40:00:00:80:D0:80:00:00:80:D4:00:00:00:80:CC:C0:00:00:80:D0:00:00:00:80:D0:40:00:00:80:D3:00:00:00:80:69:00:00:00:80:CD:40:00:00:80:CF:40:00:00:80:CF:C0:00:00:80:D1:40:8A:B5:40:00:FF:FF:00:00:00:AB:10:45:46]
[53:48:DA:00:C8:05:98:00:00:80:CD:80:00:00:80:CC:00:00:00:80:CE:C0:00:00:80:D1:C0:00:00:80:D3:C0:00:00:80:D0:40:00:00:80:CC:00:00:00:80:D2:80:00:00:80:CD:C0:00:00:80:D2:00:00:00:80:D5:00:00:00:80:D3:40:00:00:80:D1:80:00:00:80:D5:80:00:00:80:D3:C0:00:00:80:D3:00:00:00:80:D6:40:00:00:80:D5:00:00:00:80:D7:80:00:00:80:D6:40:8A:9D:80:00:FF:FF:00:00:00:AB:10:45:46]
[53:48:DA:00:C8:05:99:00:00:80:D4:00:00:00:80:DE:00:00:00:80:E0:40:00:00:80:DF:C0:00:00:80:DE:C0:00:00:80:E5:40:00:00:80:DA:C0:00:00:80:D3:00:00:00:80:E0:00:00:00:80:D5:40:00:00:80:DC:80:00:00:80:F7:80:00:00:80:EB:00:00:00:80:DE:00:00:00:80:31:C0:00:00:80:E6:40:00:00:80:EE:C0:00:00:80:EA:80:00:00:80:D4:80:00:00:80:DA:80:8A:A2:C0:00:FF:FF:00:00:00:AB:10:45:46]
[53:48:DA:00:C8:05:9A:00:00:80:DC:00:00:00:80:E4:00:00:00:80:E7:40:00:00:80:D9:C0:00:00:80:E8:00:00:00:80:EF:40:00:00:80:EF:00:00:00:80:E6:00:00:00:80:CF:80:00:00:80:CB:C0:00:00:80:D9:C0:00:00:80:E3:00:00:00:80:E0:40:00:00:80:C6:40:00:00:80:D5:80:00:00:80:C4:00:00:00:80:E3:80:00:00:80:E0:C0:00:00:80:E7:C0:00:00:80:F9:80:8A:A7:C0:00:FF:FF:00:00:00:AB:10:45:46]
[53:48:DA:00:C8:05:9B:00:00:80:DC:80:00:00:80:E9:00:00:00:80:DD:40:00:00:80:D3:40:00:00:80:D3:40:00:00:80:EA:80:00:00:80:F6:C0:00:00:80:E2:40:00:00:80:D7:80:00:00:80:EF:40:00:00:80:DC:80:00:00:80:E8:80:00:00:80:F8:C0:00:00:80:29:80:00:00:80:EA:40:00:00:80:E3:C0:00:00:80:D4:00:00:00:80:D9:40:00:00:80:D2:40:00:00:80:DF:40:8A:AD:00:00:FF:FF:00:00:00:AB:10:45:46]
[53:48:DA:00:C8:05:9C:00:00:80:E7:00:00:00:80:CE:40:00:00:80:EE:40:00:00:80:EF:00:00:00:80:F5:80:00:00:80:DF:00:00:00:80:E3:40:00:00:80:E3:00:00:00:80:EB:00:00:00:80:E1:00:00:00:80:EF:C0:00:00:80:E1:40:00:00:80:D3:40:00:00:80:E0:40:00:00:80:E4:00:00:00:80:E7:C0:00:00:80:28:40:00:00:80:19:40:00:00:80:1A:40:00:00:80:12:C0:8A:A5:C0:00:FF:FF:00:00:00:AB:10:45:46]
[53:48:DA:00:C8:05:9D:00:00:80:0A:80:00:00:80:22:00:00:00:80:1A:C0:00:00:80:66:00:00:00:80:5E:40:00:00:80:32:00:00:00:80:1F:00:00:00:80:0E:00:00:00:80:1A:00:00:00:80:24:C0:00:00:80:BF:00:00:00:80:DD:80:00:00:80:45:40:00:00:80:E3:80:00:00:80:F1:40:00:00:80:82:C0:00:00:80:5C:40:00:00:80:B2:40:00:00:80:61:C0:00:00:80:AD:00:8A:93:40:00:FF:FF:00:00:00:AB:10:45:46]
[53:48:DA:00:C8:05:9E:00:00:80:7D:40:00:00:80:E2:80:00:00:80:65:40:00:00:80:80:40:00:00:7F:DA:C0:00:00:7F:EF:80:00:00:7F:C6:00:00:00:7F:DC:80:00:00:80:4F:80:00:00:80:A1:80:00:00:80:DB:40:00:00:80:E4:80:00:00:80:E5:00:00:00:80:D6:40:00:00:80:07:40:00:00:80:94:C0:00:00:80:DE:00:00:00:80:DD:80:00:00:80:DF:00:00:00:7F:D4:40:8A:8D:00:00:FF:FF:00:00:00:AB:10:45:46]
[53:48:DA:00:C8:05:9F:00:00:7F:F3:C0:00:00:80:4A:00:00:00:80:CD:C0:00:00:7F:CC:00:00:00:7F:DB:C0:00:00:80:95:00:00:00:80:DA:C0:00:00:80:E4:80:00:00:80:D8:C0:00:00:80:E4:C0:00:00:80:C8:40:00:00:80:65:80:00:00:80:DE:40:00:00:80:E4:00:00:00:80:DB:C0:00:00:80:DC:80:00:00:80:DF:40:00:00:80:C0:C0:00:00:80:BE:00:00:00:80:E8:C0:8A:B1:40:00:FF:FF:00:00:00:AB:10:45:46]
[53:48:DA:00:C8:05:A0:00:00:80:C0:40:00:00:80:D6:80:00:00:80:E8:40:00:00:80:EE:40:00:00:80:DE:C0:00:00:80:B5:40:00:00:80:F2:00:00:00:80:D6:C0:00:00:80:EE:C0:00:00:80:DA:80:00:00:80:DA:00:00:00:80:EB:80:00:00:80:E2:80:00:00:80:C5:40:00:00:80:FB:00:00:00:80:ED:C0:00:00:80:ED:00:00:00:80:F1:40:00:00:80:E2:00:00:00:80:DC:40:8A:A1:C0:00:FF:FF:00:00:00:AB:10:45:46]
[53:48:DA:00:C8:05:A1:00:00:80:DB:40:00:00:80:CD:80:00:00:80:CA:80:00:00:80:E1:00:00:00:80:EA:40:00:00:80:DE:80:00:00:80:D9:00:00:00:80:D7:80:00:00:80:DC:40:00:00:80:E4:C0:00:00:80:C0:00:00:00:80:EF:C0:00:00:80:E2:00:00:00:80:B7:00:00:00:80:D4:40:00:00:80:D1:00:00:00:80:D8:00:00:00:80:CF:C0:00:00:80:CB:40:00:00:80:BD:C0:8A:B4:40:00:FF:FF:00:00:00:AB:10:45:46]
[53:48:DA:00:C8:05:A2:00:00:80:E4:C0:00:00:80:E3:C0:00:00:80:DF:00:00:00:80:D9:40:00:00:80:B9:80:00:00:80:C6:40:00:00:80:E6:C0:00:00:80:E9:40:00:00:80:E3:00:00:00:80:EB:40:00:00:80:DD:40:00:00:80:D6:C0:00:00:80:EE:00:00:00:80:E9:00:00:00:81:06:80:00:00:80:DD:00:00:00:80:E3:C0:00:00:80:CD:C0:00:00:80:E0:C0:00:00:80:D8:C0:8A:BB:80:00:FF:FF:00:00:00:AB:10:45:46]
[53:48:DA:00:C8:05:A3:00:00:80:CA:40:00:00:80:DB:00:00:00:80:CC:C0:00:00:80:DB:80:00:00:80:D9:00:00:00:80:C5:80:00:00:80:CB:80:00:00:80:DF:40:00:00:80:F1:40:00:00:80:E9:80:00:00:80:DB:00:00:00:80:D9:40:00:00:80:DD:C0:00:00:80:E3:80:00:00:80:D1:00:00:00:80:E0:C0:00:00:80:D4:80:00:00:80:E9:00:00:00:80:E6:00:00:00:80:DB:00:8A:B7:80:00:FF:FF:00:00:00:AB:10:45:46]
[53:48:DA:00:C8:05:A4:00:00:80:E6:00:00:00:80:E3:80:00:00:80:DF:C0:00:00:80:D4:00:00:00:80:BD:80:00:00:80:D2:C0:00:00:80:DC:00:00:00:80:DE:80:00:00:80:E8:00:00:00:80:D6:C0:00:00:80:C3:C0:00:00:80:C9:40:00:00:80:E3:40:00:00:80:DF:80:00:00:80:DD:00:00:00:80:D4:40:00:00:80:C2:C0:00:00:80:CE:40:00:00:80:DB:C0:00:00:80:D9:C0:8A:A1:C0:00:FF:FF:00:00:00:AB:10:45:46]
[53:48:DA:00:C8:05:A5:00:00:80:BD:C0:00:00:80:DB:00:00:00:80:C3:80:00:00:80:DC:C0:00:00:80:D4:C0:00:00:80:D8:40:00:00:80:CE:C0:00:00:80:C9:00:00:00:80:C9:C0:00:00:80:D3:C0:00:00:80:D7:C0:00:00:80:DA:C0:00:00:80:CB:40:00:00:80:BA:00:00:00:80:BB:40:00:00:80:D8:80:00:00:80:D4:80:00:00:80:D4:C0:00:00:80:D0:00:00:00:80:BF:40:8A:AE:00:00:FF:FF:00:00:00:AB:10:45:46]
[53:48:DA:00:C8:05:A6:00:00:80:D7:00:00:00:80:D8:80:00:00:80:D4:80:00:00:80:CD:80:00:00:80:D5:C0:00:00:80:DA:00:00:00:80:D8:40:00:00:80:C2:C0:00:00:80:D1:C0:00:00:80:D8:80:00:00:80:C9:80:00:00:80:D9:40:00:00:80:CA:00:00:00:80:DE:C0:00:00:80:D6:C0:00:00:80:D8:00:00:00:80:D4:80:00:00:80:E0:80:00:00:80:E0:00:00:00:80:D4:00:8A:AC:00:00:FF:FF:00:00:00:AB:10:45:46]
[53:48:DA:00:C8:05:A7:00:00:80:C7:C0:00:00:80:D8:00:00:00:80:D9:40:00:00:80:DB:C0:00:00:80:BF:80:00:00:80:D8:80:00:00:80:CA:40:00:00:80:D4:40:00:00:80:D2:C0:00:00:80:D4:C0:00:00:80:BB:80:00:00:80:D6:C0:00:00:80:C5:40:00:00:80:DC:C0:00:00:80:D9:40:00:00:80:D4:00:00:00:80:CA:40:00:00:80:E0:00:00:00:80:D0:C0:00:00:80:D9:80:8A:A9:00:00:FF:FF:00:00:00:AB:10:45:46]
[53:48:DA:00:C8:05:A8:00:00:80:DD:00:00:00:80:DF:40:00:00:80:DE:40:00:00:80:DB:40:00:00:80:DA:80:00:00:80:D9:C0:00:00:80:BD:C0:00:00:80:D6:80:00:00:80:C0:80:00:00:80:D5:80:00:00:80:D6:00:00:00:80:D4:C0:00:00:80:D5:00:00:00:80:D6:80:00:00:80:D6:80:00:00:80:D3:C0:00:00:80:C6:40:00:00:80:D5:00:00:00:80:D2:40:00:00:80:D1:C0:8A:B5:40:00:FF:FF:00:00:00:AB:10:45:46]
[53:48:DA:00:C8:05:A9:00:00:80:C7:80:00:00:80:D2:40:00:00:80:D1:C0:00:00:80:D0:80:00:00:80:D4:C0:00:00:80:CE:80:00:00:80:D0:40:00:00:80:D5:40:00:00:80:D7:C0:00:00:80:D5:C0:00:00:80:D0:40:00:00:80:C9:C0:00:00:80:C9:00:00:00:80:D3:C0:00:00:80:D3:80:00:00:80:D3:80:00:00:80:CD:80:00:00:80:C7:C0:00:00:80:D3:C0:00:00:80:D3:C0:8A:9A:80:00:FF:FF:00:00:00:AB:10:45:46]
[53:48:DA:00:C8:05:AA:00:00:80:D7:80:00:00:80:CD:80:00:00:80:C7:40:00:00:80:D2:80:00:00:80:D2:C0:00:00:80:A3:80:00:00:80:D2:C0:00:00:80:CF:40:00:00:80:D1:40:00:00:80:D3:C0:00:00:80:CE:80:00:00:80:CB:40:00:00:80:C7:00:00:00:80:D0:C0:00:00:80:CF:80:00:00:80:CF:C0:00:00:80:CE:40:00:00:80:C2:80:00:00:80:CF:00:00:00:80:CF:40:8A:A0:80:00:FF:FF:00:00:00:AB:10:45:46]
[53:48:DA:00:C8:05:AB:00:00:80:D1:00:00:00:80:CE:40:00:00:80:C3:00:00:00:80:C1:C0:00:00:80:C0:40:00:00:80:D0:00:00:00:80:CF:C0:00:00:80:CF:C0:00:00:80:D2:00:00:00:80:D1:C0:00:00:80:C6:C0:00:00:80:C2:00:00:00:80:D1:00:00:00:80:D1:80:00:00:80:D1:40:00:00:80:CF:80:00:00:80:CC:80:00:00:80:C3:00:00:00:80:CB:40:00:00:80:D3:40:8A:BB:80:00:FF:FF:00:00:00:AB:10:45:46]
[53:48:DA:00:C8:05:AC:00:00:80:D0:00:00:00:80:D0:40:00:00:80:CF:80:00:00:80:CF:00:00:00:80:9C:40:00:00:80:CD:80:00:00:80:D0:00:00:00:80:CD:00:00:00:80:CF:00:00:00:80:CD:00:00:00:80:CC:80:00:00:80:D1:C0:00:00:80:D0:40:00:00:80:C5:00:00:00:80:D2:80:00:00:80:D1:40:00:00:80:D0:80:00:00:80:D2:80:00:00:80:CF:80:00:00:80:CF:C0:8A:B6:80:00:FF:FF:00:00:00:AB:10:45:46]
[53:48:DA:00:C8:05:AD:00:00:80:C5:00:00:00:80:C7:80:00:00:80:CA:40:00:00:80:D0:40:00:00:80:CF:C0:00:00:80:CC:00:00:00:80:D1:40:00:00:80:CD:80:00:00:80:D4:80:00:00:80:CE:C0:00:00:80:C5:80:00:00:80:BF:40:00:00:80:C0:00:00:00:80:CD:00:00:00:80:B5:40:00:00:80:CE:C0:00:00:80:CF:40:00:00:80:D2:80:00:00:80:D2:00:00:00:80:D0:40:8A:AA:00:00:FF:FF:00:00:00:AB:10:45:46]
[53:48:DA:00:C8:05:AE:00:00:80:C7:40:00:00:80:CE:C0:00:00:80:CC:40:00:00:80:53:C0:00:00:80:CA:80:00:00:80:D0:C0:00:00:80:D2:C0:00:00:80:D1:00:00:00:80:D0:C0:00:00:80:CF:C0:00:00:80:D1:00:00:00:80:D3:40:00:00:80:CB:80:00:00:80:CD:40:00:00:80:C2:40:00:00:80:C5:00:00:00:80:D0:40:00:00:80:C9:00:00:00:80:C9:80:00:00:80:C8:80:8A:9B:80:00:FF:FF:00:00:00:AB:10:45:46]
[53:48:DA:00:C8:05:AF:00:00:80:D0:C0:00:00:80:BF:C0:00:00:80:D1:80:00:00:80:CB:40:00:00:80:C9:80:00:00:80:D1:00:00:00:80:D1:C0:00:00:80:D0:80:00:00:80:CA:00:00:00:80:D2:00:00:00:80:CF:40:00:00:80:CC:C0:00:00:80:D2:40:00:00:80:CE:40:00:00:80:D1:40:00:00:80:CE:40:00:00:80:CA:C0:00:00:80:C5:C0:00:00:80:CC:00:00:00:80:CD:C0:8A:A2:C0:00:FF:FF:00:00:00:AB:10:45:46]
[53:48:DA:00:C8:05:B0:00:00:80:D1:80:00:00:80:BD:80:00:00:80:61:80:00:00:80:C9:80:00:00:80:D2:C0:00:00:80:D0:C0:00:00:80:C8:00:00:00:80:C7:80:00:00:80:CF:00:00:00:80:CB:00:00:00:80:CF:00:00:00:80:D1:00:00:00:80:D0:C0:00:00:80:D4:C0:00:00:80:C4:40:00:00:80:CB:C0:00:00:80:D0:C0:00:00:80:CF:80:00:00:80:D0:C0:00:00:80:CF:40:8A:96:40:00:FF:FF:00:00:00:AB:10:45:46]
[53:48:DA:00:C8:05:B1:00:00:80:CC:00:00:00:80:CF:40:00:00:80:CA:00:00:00:80:CD:40:00:00:80:CC:C0:00:00:80:D5:40:00:00:80:CD:C0:00:00:80:C4:40:00:00:80:D0:40:00:00:80:CC:C0:00:00:80:C9:80:00:00:80:C5:80:00:00:80:D0:00:00:00:80:CF:C0:00:00:80:CF:C0:00:00:80:D1:C0:00:00:80:D0:00:00:00:80:CB:C0:00:00:80:CB:00:00:00:80:D2:C0:8A:B7:80:00:FF:FF:00:00:00:AB:10:45:46]
[53:48:DA:00:C8:05:B2:00:00:80:CF:80:00:00:80:86:40:00:00:80:CB:40:00:00:80:CB:40:00:00:80:C7:00:00:00:80:D2:00:00:00:80:CA:C0:00:00:80:CF:40:00:00:80:CC:C0:00:00:80:D1:00:00:00:80:D2:40:00:00:80:CF:40:00:00:80:CB:C0:00:00:80:D1:C0:00:00:80:CE:80:00:00:80:C2:00:00:00:80:D0:40:00:00:80:CC:C0:00:00:80:D4:40:00:00:80:CF:80:8A:AD:00:00:FF:FF:00:00:00:AB:10:45:46]
[53:48:DA:00:C8:05:B3:00:00:80:CE:80:00:00:80:D3:80:00:00:80:CE:C0:00:00:80:CC:80:00:00:80:CA:40:00:00:80:CB:C0:00:00:80:CD:80:00:00:80:CE:80:00:00:80:CE:C0:00:00:80:D2:40:00:00:80:C6:C0:00:00:80:D0:40:00:00:80:D1:C0:00:00:80:D3:40:00:00:80:D0:80:00:00:80:D2:00:00:00:80:C8:C0:00:00:80:D5:40:00:00:80:CF:00:00:00:80:D2:40:8A:BE:C0:00:FF:FF:00:00:00:AB:10:45:46]
[53:48:DA:00:C8:05:B4:00:00:80:7F:40:00:00:80:CC:C0:00:00:80:D1:80:00:00:80:CB:80:00:00:80:CA:80:00:00:80:CD:40:00:00:80:CD:00:00:00:80:CF:C0:00:00:80:D0:40:00:00:80:CC:40:00:00:80:CC:80:00:00:80:CE:C0:00:00:80:CD:00:00:00:80:CF:00:00:00:80:CC:C0:00:00:80:D2:40:00:00:80:D2:00:00:00:80:CF:40:00:00:80:D2:00:00:00:80:CA:40:8A:AF:00:00:FF:FF:00:00:00:AB:10:45:46]
[53:48:DA:00:C8:05:B5:00:00:80:D2:C0:00:00:80:D4:C0:00:00:80:D0:00:00:00:80:CF:C0:00:00:80:D0:00:00:00:80:D1:80:00:00:80:CF:00:00:00:80:D0:80:00:00:80:D3:C0:00:00:80:CF:80:00:00:80:D1:40:00:00:80:D0:C0:00:00:80:D0:C0:00:00:80:CF:40:00:00:80:D5:00:00:00:80:D0:C0:00:00:80:D0:C0:00:00:80:D1:40:00:00:80:CE:C0:00:00:80:D0:00:8A:9F:80:00:FF:FF:00:00:00:AB:10:45:46]
[53:48:DA:00:C8:05:B6:00:00:80:CF:80:00:00:80:D1:00:00:00:80:D0:C0:00:00:80:D0:40:00:00:80:C4:00:00:00:80:CE:40:00:00:80:D2:00:00:00:80:D5:40:00:00:80:D1:80:00:00:80:CE:C0:00:00:80:CF:80:00:00:80:D0:C0:00:00:80:D1:40:00:00:80:D3:40:00:00:80:D0:80:00:00:80:D0:40:00:00:80:CE:C0:00:00:80:CF:00:00:00:80:CF:C0:00:00:80:D0:80:8A:CB:00:00:FF:FF:00:00:00:AB:10:45:46]
[53:48:DA:00:C8:05:B7:00:00:80:C2:40:00:00:80:CE:00:00:00:80:CA:00:00:00:80:D1:C0:00:00:80:CD:C0:00:00:80:CE:00:00:00:80:CE:C0:00:00:80:D0:00:00:00:80:D2:80:00:00:80:CE:80:00:00:80:C8:C0:00:00:80:D0:40:00:00:80:D0:00:00:00:80:CF:C0:00:00:80:D1:80:00:00:80:D0:40:00:00:80:D0:00:00:00:80:D0:80:00:00:80:D0:40:00:00:80:6C:00:8A:B5:40:00:FF:FF:00:00:00:AB:10:45:46]
[53:48:DA:00:C8:05:05:00:00:80:D2:00:00:00:80:D1:C0:00:00:80:D1:40:00:00:80:CE:00:00:00:80:D0:80:00:00:80:CE:C0:00:00:80:D0:80:00:00:80:D1:40:00:00:80:D0:40:00:00:80:CF:80:00:00:80:CF:80:00:00:80:D1:80:00:00:80:D0:00:00:00:80:CE:C0:00:00:80:D0:00:00:00:80:D1:80:00:00:80:D3:00:00:00:80:D1:C0:00:00:80:D0:C0:00:00:80:D3:C0:8A:3A:00:00:FF:FF:00:00:00:AB:10:45:46]
[53:48:DA:00:C8:05:06:00:00:80:CE:40:00:00:80:CD:C0:00:00:80:12:80:00:00:80:D3:80:00:00:80:CE:80:00:00:80:D0:00:00:00:80:D2:40:00:00:80:CD:00:00:00:80:CF:00:00:00:80:D1:00:00:00:80:D2:80:00:00:80:D0:40:00:00:80:CF:00:00:00:80:CE:C0:00:00:80:D0:C0:00:00:80:D1:C0:00:00:80:D1:80:00:00:80:D0:C0:00:00:80:CE:40:00:00:80:CE:00:8A:44:40:00:FF:FF:00:00:00:AB:10:45:46]
[53:48:DA:00:C8:05:07:00:00:80:CE:80:00:00:80:D1:80:00:00:80:D1:C0:00:00:80:D2:C0:00:00:80:CF:C0:00:00:80:D4:40:00:00:80:CF:C0:00:00:80:D3:00:00:00:80:D1:40:00:00:80:D0:40:00:00:80:C8:80:00:00:80:D2:00:00:00:80:C7:C0:00:00:80:D0:40:00:00:80:CF:00:00:00:80:CD:80:00:00:80:D1:C0:00:00:80:D0:40:00:00:80:D2:40:00:00:80:D2:00:8A:47:80:00:FF:FF:00:00:00:AB:10:45:46]
[53:48:DA:00:C8:05:08:00:00:80:CF:00:00:00:80:2A:00:00:00:80:CE:C0:00:00:80:D0:40:00:00:80:D0:00:00:00:80:CE:C0:00:00:80:D0:40:00:00:80:D0:C0:00:00:80:D0:40:00:00:80:C2:80:00:00:80:CF:00:00:00:80:D3:C0:00:00:80:D0:00:00:00:80:CF:40:00:00:80:D2:00:00:00:80:D1:00:00:00:80:D1:00:00:00:80:C9:00:00:00:80:C4:80:00:00:80:D4:00:8A:5D:40:00:FF:FF:00:00:00:AB:10:45:46]
[53:48:DA:00:C8:05:09:00:00:80:D2:40:00:00:80:CF:00:00:00:80:D1:C0:00:00:80:D0:40:00:00:80:D0:80:00:00:80:D1:80:00:00:80:D1:80:00:00:80:D1:C0:00:00:80:C7:00:00:00:80:C6:80:00:00:80:CA:40:00:00:80:CC:40:00:00:80:D0:00:00:00:80:D3:00:00:00:80:CE:80:00:00:80:D0:00:00:00:80:D1:80:00:00:80:D0:40:00:00:80:D0:C0:00:00:80:D0:40:8A:58:00:00:FF:FF:00:00:00:AB:10:45:46]
[53:48:DA:00:C8:05:0A:00:00:80:2F:00:00:00:80:D3:00:00:00:80:CF:00:00:00:80:CE:40:00:00:80:CF:C0:00:00:80:CF:C0:00:00:80:D3:80:00:00:80:D0:C0:00:00:80:C8:80:00:00:80:C2:00:00:00:80:CE:80:00:00:80:D1:C0:00:00:80:CF:40:00:00:80:D2:80:00:00:80:D0:00:00:00:80:D4:80:00:00:80:D2:00:00:00:80:D6:C0:00:00:80:D1:40:00:00:80:D1:80:8A:58:00:00:FF:FF:00:00:00:AB:10:45:46]
[53:48:DA:00:C8:05:0B:00:00:80:CF:C0:00:00:80:CE:40:00:00:80:D0:00:00:00:80:D1:80:00:00:80:D1:00:00:00:80:D0:00:00:00:80:CF:80:00:00:80:D3:80:00:00:80:D1:C0:00:00:80:D4:00:00:00:80:D2:00:00:00:80:CF:00:00:00:80:CF:40:00:00:80:D0:C0:00:00:80:D1:80:00:00:80:CF:00:00:00:80:CA:00:00:00:80:CF:80:00:00:80:D2:00:00:00:80:CF:C0:8A:5D:40:00:FF:FF:00:00:00:AB:10:45:46]
[53:48:DA:00:C8:05:0C:00:00:80:CE:80:00:00:80:D0:80:00:00:80:D3:40:00:00:80:D2:00:00:00:80:CF:80:00:00:80:D1:C0:00:00:80:D1:C0:00:00:80:CE:80:00:00:80:D3:00:00:00:80:CD:80:00:00:80:D2:80:00:00:80:D2:40:00:00:80:D1:40:00:00:80:CF:C0:00:00:80:CC:40:00:00:80:CD:40:00:00:80:CE:00:00:00:80:D0:C0:00:00:80:CF:40:00:00:80:CD:40:8A:6E:C0:00:FF:FF:00:00:00:AB:10:45:46]
[53:48:DA:00:C8:05:0D:00:00:80:D3:80:00:00:80:CC:80:00:00:80:CF:80:00:00:80:D2:00:00:00:80:D0:00:00:00:80:D0:00:00:00:80:CF:C0:00:00:80:D0:80:00:00:80:D0:80:00:00:80:D0:00:00:00:80:CE:00:00:00:80:D0:C0:00:00:80:D2:00:00:00:80:CE:80:00:00:80:CE:80:00:00:80:CF:00:00:00:80:D0:40:00:00:80:D1:80:00:00:80:CF:C0:00:00:80:5F:40:8A:71:00:00:FF:FF:00:00:00:AB:10:45:46]
[53:48:DA:00:C8:05:0E:00:00:80:D1:80:00:00:80:D1:80:00:00:80:D1:40:00:00:80:CF:C0:00:00:80:CF:40:00:00:80:D2:80:00:00:80:CF:40:00:00:80:CE:40:00:00:80:D0:00:00:00:80:D0:C0:00:00:80:CE:C0:00:00:80:D0:00:00:00:80:D0:C0:00:00:80:CF:C0:00:00:80:D2:80:00:00:80:CF:80:00:00:80:CF:C0:00:00:80:D0:40:00:00:80:CE:00:00:00:80:D0:40:8A:74:00:00:FF:FF:00:00:00:AB:10:45:46]
[53:48:DA:00:C8:05:0F:00:00:80:D0:00:00:00:80:D2:80:00:00:80:D0:40:00:00:80:D2:40:00:00:80:CD:C0:00:00:80:CF:00:00:00:80:D2:80:00:00:80:CE:80:00:00:80:D0:C0:00:00:80:CF:00:00:00:80:D3:C0:00:00:80:CF:40:00:00:80:CF:C0:00:00:80:D0:40:00:00:80:CA:C0:00:00:80:CD:80:00:00:80:D3:80:00:00:80:CE:80:00:00:80:66:40:00:00:80:D1:80:8A:77:40:00:FF:FF:00:00:00:AB:10:45:46]
[53:48:DA:00:C8:05:10:00:00:80:D0:80:00:00:80:D0:C0:00:00:80:CD:80:00:00:80:CE:40:00:00:80:D1:40:00:00:80:D0:00:00:00:80:D0:80:00:00:80:C9:00:00:00:80:C5:00:00:00:80:CD:80:00:00:80:CE:C0:00:00:80:CF:80:00:00:80:CF:80:00:00:80:D0:80:00:00:80:CE:00:00:00:80:D0:C0:00:00:80:CF:C0:00:00:80:D2:80:00:00:80:D1:C0:00:00:80:D2:00:8A:65:80:00:FF:FF:00:00:00:AB:10:45:46]
[53:48:DA:00:C8:05:11:00:00:80:D1:C0:00:00:80:CE:00:00:00:80:CA:40:00:00:80:D0:80:00:00:80:D0:00:00:00:80:CF:C0:00:00:80:CE:40:00:00:80:C3:80:00:00:80:CC:00:00:00:80:D0:00:00:00:80:D2:40:00:00:80:D0:C0:00:00:80:CA:C0:00:00:80:CF:C0:00:00:80:CF:40:00:00:80:CD:C0:00:00:80:D4:00:00:00:80:4C:00:00:00:80:D3:80:00:00:80:CF:40:8A:77:40:00:FF:FF:00:00:00:AB:10:45:46]
[53:48:DA:00:C8:05:12:00:00:80:CF:C0:00:00:80:C1:40:00:00:80:C1:80:00:00:80:C9:C0:00:00:80:BE:80:00:00:80:CE:80:00:00:80:D3:40:00:00:80:D2:40:00:00:80:D4:00:00:00:80:CB:00:00:00:80:D5:00:00:00:80:C8:80:00:00:80:CC:00:00:00:80:CE:C0:00:00:80:D0:C0:00:00:80:C3:40:00:00:80:C6:40:00:00:80:D2:40:00:00:80:CC:40:00:00:80:D3:80:8A:76:00:00:FF:FF:00:00:00:AB:10:45:46]
[53:48:DA:00:C8:05:13:00:00:80:CF:40:00:00:80:CF:C0:00:00:80:D0:40:00:00:80:D0:80:00:00:80:D2:40:00:00:80:CC:C0:00:00:80:D3:40:00:00:80:CF:C0:00:00:80:CF:80:00:00:80:D0:C0:00:00:80:CE:00:00:00:80:D2:40:00:00:80:D3:C0:00:00:80:CF:00:00:00:80:CF:80:00:00:80:D2:00:00:00:80:1E:C0:00:00:80:D2:40:00:00:80:A7:00:00:00:80:D2:00:8A:66:80:00:FF:FF:00:00:00:AB:10:45:46]
[53:48:DA:00:C8:05:14:00:00:80:D2:00:00:00:80:D2:C0:00:00:80:D1:C0:00:00:80:D2:80:00:00:80:D0:C0:00:00:80:D1:00:00:00:80:C8:00:00:00:80:CF:80:00:00:80:CE:00:00:00:80:D0:80:00:00:80:C3:80:00:00:80:CF:00:00:00:80:D0:40:00:00:80:D0:C0:00:00:80:D0:40:00:00:80:D1:40:00:00:80:D0:80:00:00:80:D0:00:00:00:80:D0:80:00:00:80:CF:00:8A:6D:C0:00:FF:FF:00:00:00:AB:10:45:46]
[53:48:DA:00:C8:05:15:00:00:80:D1:C0:00:00:80:D0:40:00:00:80:D0:00:00:00:80:C6:C0:00:00:80:CE:00:00:00:80:D0:00:00:00:80:D2:80:00:00:80:D0:C0:00:00:80:D2:00:00:00:80:D0:00:00:00:80:C1:40:00:00:80:CE:00:00:00:80:D3:80:00:00:80:D2:00:00:00:80:BC:00:00:00:80:32:00:00:00:80:D2:80:00:00:80:D1:C0:00:00:80:D0:C0:00:00:80:D0:40:8A:7A:40:00:FF:FF:00:00:00:AB:10:45:46]
[53:48:DA:00:C8:05:16:00:00:80:BB:40:00:00:80:CC:40:00:00:80:D1:00:00:00:80:D0:80:00:00:80:D0:C0:00:00:80:CF:00:00:00:80:D2:40:00:00:80:CC:80:00:00:80:D0:C0:00:00:80:D0:C0:00:00:80:CA:40:00:00:80:D0:00:00:00:80:D1:80:00:00:80:D0:C0:00:00:80:CF:00:00:00:80:D3:C0:00:00:80:D1:80:00:00:80:B5:40:00:00:80:D2:C0:00:00:80:CB:40:8A:4A:80:00:FF:FF:00:00:00:AB:10:45:46]
[53:48:DA:00:C8:05:17:00:00:80:CE:80:00:00:80:D0:80:00:00:80:D2:40:00:00:80:D2:00:00:00:80:CE:00:00:00:80:D0:C0:00:00:80:CF:C0:00:00:80:D1:80:00:00:80:CA:40:00:00:80:CD:80:00:00:80:D0:80:00:00:80:CF:40:00:00:80:D1:80:00:00:80:D1:80:00:00:80:4A:80:00:00:80:D1:00:00:00:80:CB:C0:00:00:80:CF:C0:00:00:80:C2:40:00:00:80:CE:00:8A:7B:40:00:FF:FF:00:00:00:AB:10:45:46]
[53:48:DA:00:C8:05:18:00:00:80:D0:C0:00:00:80:D1:80:00:00:80:D4:C0:00:00:80:D0:C0:00:00:80:CF:40:00:00:80:D1:40:00:00:80:D1:40:00:00:80:D0:80:00:00:80:D0:80:00:00:80:CF:00:00:00:80:D2:80:00:00:80:D0:80:00:00:80:CF:C0:00:00:80:D3:C0:00:00:80:CE:C0:00:00:80:C8:C0:00:00:80:D1:00:00:00:80:D0:40:00:00:80:D1:00:00:00:80:D0:40:8A:64:80:00:FF:FF:00:00:00:AB:10:45:46]
[53:48:DA:00:C8:05:19:00:00:80:D0:C0:00:00:80:D2:C0:00:00:80:D3:00:00:00:80:D2:00:00:00:80:D3:40:00:00:80:D1:40:00:00:80:CE:80:00:00:80:D2:00:00:00:80:CF:40:00:00:80:D1:40:00:00:80:D2:00:00:00:80:D5:80:00:00:80:D0:80:00:00:80:92:40:00:00:80:D1:00:00:00:80:D2:80:00:00:80:D2:C0:00:00:80:CF:C0:00:00:80:D2:80:00:00:80:CD:C0:8A:66:80:00:FF:FF:00:00:00:AB:10:45:46]
[53:48:DA:00:C8:05:1A:00:00:80:D0:00:00:00:80:D2:80:00:00:80:CF:00:00:00:80:D4:80:00:00:80:D0:C0:00:00:80:D1:00:00:00:80:D3:80:00:00:80:CE:80:00:00:80:D0:40:00:00:80:D2:C0:00:00:80:CF:80:00:00:80:D0:C0:00:00:80:CF:C0:00:00:80:CF:40:00:00:80:D2:40:00:00:80:CE:C0:00:00:80:D0:80:00:00:80:D0:00:00:00:80:D3:C0:00:00:80:CF:C0:8A:63:80:00:FF:FF:00:00:00:AB:10:45:46]
[53:48:DA:00:C8:05:1B:00:00:80:D0:00:00:00:80:D2:40:00:00:80:C7:C0:00:00:80:C3:C0:00:00:80:C9:80:00:00:80:D2:00:00:00:80:D2:C0:00:00:80:D0:00:00:00:80:D1:40:00:00:80:D2:40:00:00:80:CF:C0:00:00:80:CF:00:00:00:80:BE:C0:00:00:80:D1:00:00:00:80:C5:40:00:00:80:CD:40:00:00:80:D1:40:00:00:80:D3:80:00:00:80:CF:40:00:00:80:D0:00:8A:76:00:00:FF:FF:00:00:00:AB:10:45:46]
[53:48:DA:00:C8:05:1C:00:00:80:CF:40:00:00:80:D1:80:00:00:80:D0:C0:00:00:80:BF:C0:00:00:80:CD:C0:00:00:80:D5:40:00:00:80:CE:00:00:00:80:D2:C0:00:00:80:CF:00:00:00:80:D3:00:00:00:80:CF:40:00:00:80:CF:00:00:00:80:D1:80:00:00:80:D2:80:00:00:80:D0:C0:00:00:80:CD:00:00:00:80:D0:40:00:00:80:CF:C0:00:00:80:CF:40:00:00:80:D0:80:8A:75:00:00:FF:FF:00:00:00:AB:10:45:46]
[53:48:DA:00:C8:05:1D:00:00:80:CF:40:00:00:80:D0:40:00:00:80:CE:C0:00:00:80:D2:80:00:00:80:D2:40:00:00:80:CE:80:00:00:80:D4:00:00:00:80:D3:40:00:00:80:CF:C0:00:00:80:D3:40:00:00:80:CD:C0:00:00:80:CF:40:00:00:80:D2:00:00:00:80:D1:80:00:00:80:CF:80:00:00:80:D0:80:00:00:80:D3:C0:00:00:80:D2:80:00:00:80:D1:40:00:00:80:D3:80:8A:7D:40:00:FF:FF:00:00:00:AB:10:45:46]
[53:48:DA:00:C8:05:1E:00:00:80:CF:C0:00:00:80:D3:40:00:00:80:CF:40:00:00:80:D1:40:00:00:80:D3:C0:00:00:80:D1:C0:00:00:80:CE:80:00:00:80:CF:00:00:00:80:D0:00:00:00:80:D1:40:00:00:80:D0:00:00:00:80:D0:C0:00:00:80:D0:40:00:00:80:D0:C0:00:00:80:CD:C0:00:00:80:D3:80:00:00:80:D1:40:00:00:80:D2:00:00:00:80:D0:80:00:00:80:D1:C0:8A:6C:C0:00:FF:FF:00:00:00:AB:10:45:46]
[53:48:DA:00:C8:05:1F:00:00:80:D0:00:00:00:80:D0:C0:00:00:80:CF:40:00:00:80:D1:80:00:00:80:C5:C0:00:00:80:CE:80:00:00:80:D0:40:00:00:80:D2:C0:00:00:80:CF:C0:00:00:80:D1:40:00:00:80:CE:40:00:00:80:CE:00:00:00:80:CF:C0:00:00:80:CD:00:00:00:80:CC:C0:00:00:80:CF:C0:00:00:80:CF:40:00:00:80:D1:40:00:00:80:C7:00:00:00:80:CE:80:8A:82:80:00:FF:FF:00:00:00:AB:10:45:46]
[53:48:DA:00:C8:05:20:00:00:80:D2:80:00:00:80:D1:40:00:00:80:D3:C0:00:00:80:D1:C0:00:00:80:CF:80:00:00:80:D1:C0:00:00:80:D1:C0:00:00:80:D1:80:00:00:80:D0:00:00:00:80:CD:80:00:00:80:D1:00:00:00:80:CE:C0:00:00:80:CE:C0:00:00:80:D2:40:00:00:80:D4:00:00:00:80:D2:40:00:00:80:D3:00:00:00:80:D3:00:00:00:80:D2:40:00:00:80:D0:40:8A:71:00:00:FF:FF:00:00:00:AB:10:45:46]
[53:48:DA:00:C8:05:21:00:00:80:D0:00:00:00:80:CD:00:00:00:80:C9:40:00:00:80:CE:C0:00:00:80:CF:C0:00:00:80:D2:C0:00:00:80:D4:00:00:00:80:CE:00:00:00:80:CF:80:00:00:80:CE:C0:00:00:80:CF:C0:00:00:80:CF:C0:00:00:80:D0:80:00:00:80:CD:00:00:00:80:CE:C0:00:00:80:D0:40:00:00:80:D2:40:00:00:80:CE:40:00:00:80:D1:80:00:00:80:D1:40:8A:96:40:00:FF:FF:00:00:00:AB:10:45:46]
[53:48:DA:00:C8:05:22:00:00:80:D7:40:00:00:80:D3:C0:00:00:80:D1:00:00:00:80:D1:C0:00:00:80:CE:C0:00:00:80:CD:80:00:00:80:D1:40:00:00:80:D0:40:00:00:80:BC:40:00:00:80:D1:40:00:00:80:CD:C0:00:00:80:D0:C0:00:00:80:CF:80:00:00:80:D2:00:00:00:80:D3:00:00:00:80:D1:00:00:00:80:CF:80:00:00:80:D2:40:00:00:80:D1:40:00:00:80:CF:C0:8A:68:C0:00:FF:FF:00:00:00:AB:10:45:46]
[53:48:DA:00:C8:05:23:00:00:80:D5:40:00:00:80:D2:00:00:00:80:D3:80:00:00:80:CE:00:00:00:80:D2:00:00:00:80:D0:40:00:00:80:CE:C0:00:00:80:D4:C0:00:00:80:C4:00:00:00:80:94:00:00:00:80:88:C0:00:00:80:CF:40:00:00:80:D0:00:00:00:80:D2:00:00:00:80:D1:C0:00:00:80:CB:40:00:00:80:CF:00:00:00:80:CF:80:00:00:80:D0:00:00:00:80:D0:C0:8A:80:80:00:FF:FF:00:00:00:AB:10:45:46]
[53:48:DA:00:C8:05:24:00:00:80:D2:C0:00:00:80:D1:40:00:00:80:D0:00:00:00:80:CE:80:00:00:80:D2:40:00:00:80:CE:C0:00:00:80:D1:C0:00:00:80:7D:00:00:00:80:CF:C0:00:00:80:C1:C0:00:00:80:D1:80:00:00:80:D3:C0:00:00:80:D3:C0:00:00:80:C4:80:00:00:80:D1:00:00:00:80:D1:C0:00:00:80:D2:C0:00:00:80:D2:00:00:00:80:CD:C0:00:00:80:CE:00:8A:75:00:00:FF:FF:00:00:00:AB:10:45:46]
[53:48:DA:00:C8:05:25:00:00:80:D3:40:00:00:80:D1:40:00:00:80:D3:C0:00:00:80:D1:C0:00:00:80:CD:C0:00:00:80:D1:C0:00:00:80:D1:C0:00:00:80:D1:40:00:00:80:D3:00:00:00:80:D4:C0:00:00:80:BF:00:00:00:80:CE:40:00:00:80:CF:C0:00:00:80:B3:00:00:00:80:D1:80:00:00:80:D0:00:00:00:80:D2:40:00:00:80:C7:40:00:00:80:D4:00:00:00:80:CE:80:8A:77:40:00:FF:FF:00:00:00:AB:10:45:46]
[53:48:DA:00:C8:05:26:00:00:80:D3:80:00:00:80:BD:40:00:00:80:CF:C0:00:00:80:D2:00:00:00:80:D1:00:00:00:80:D1:C0:00:00:80:2F:40:00:00:80:CF:80:00:00:80:D0:80:00:00:80:C3:80:00:00:80:CD:40:00:00:80:D0:40:00:00:80:D0:40:00:00:80:D5:00:00:00:80:D1:C0:00:00:80:D1:80:00:00:80:D2:00:00:00:80:D1:40:00:00:80:CE:00:00:00:80:D4:80:8A:73:00:00:FF:FF:00:00:00:AB:10:45:46]
[53:48:DA:00:C8:05:27:00:00:80:C5:80:00:00:80:D2:C0:00:00:80:D2:80:00:00:80:D2:00:00:00:80:D0:80:00:00:80:CE:40:00:00:80:D1:00:00:00:80:CF:80:00:00:80:D0:00:00:00:80:D2:00:00:00:80:D0:80:00:00:80:D4:40:00:00:80:D0:80:00:00:80:D1:80:00:00:80:D3:00:00:00:80:D0:C0:00:00:80:D1:C0:00:00:80:D1:C0:00:00:80:CF:40:00:00:80:D4:C0:8A:63:80:00:FF:FF:00:00:00:AB:10:45:46]
[53:48:DA:00:C8:05:28:00:00:80:D3:40:00:00:80:D5:00:00:00:80:D3:40:00:00:80:D1:00:00:00:80:D0:C0:00:00:80:05:C0:00:00:80:CF:40:00:00:80:CF:80:00:00:80:D1:80:00:00:80:D4:80:00:00:80:D1:80:00:00:80:CF:00:00:00:80:D2:00:00:00:80:D2:80:00:00:80:D1:40:00:00:80:D2:C0:00:00:80:D1:C0:00:00:80:D1:00:00:00:80:D2:80:00:00:80:D4:00:8A:75:00:00:FF:FF:00:00:00:AB:10:45:46]
[53:48:DA:00:C8:05:29:00:00:80:D0:40:00:00:80:D2:40:00:00:80:D2:00:00:00:80:D1:80:00:00:80:D0:C0:00:00:80:CE:C0:00:00:80:D2:C0:00:00:80:BA:80:00:00:80:D0:C0:00:00:80:D0:C0:00:00:80:D0:80:00:00:80:D3:00:00:00:80:D1:00:00:00:80:D0:80:00:00:80:D2:80:00:00:80:D0:C0:00:00:80:D0:00:00:00:80:D1:40:00:00:80:CF:40:00:00:80:CE:C0:8A:8A:C0:00:FF:FF:00:00:00:AB:10:45:46]
[53:48:DA:00:C8:05:2A:00:00:80:CE:C0:00:00:80:D2:80:00:00:80:D0:00:00:00:80:D1:40:00:00:80:2A:40:00:00:80:D4:40:00:00:80:D0:40:00:00:80:CF:40:00:00:80:D3:40:00:00:80:C2:80:00:00:80:D1:40:00:00:80:D2:40:00:00:80:D0:40:00:00:80:CE:80:00:00:80:D2:00:00:00:80:D0:00:00:00:80:D1:00:00:00:80:D2:00:00:00:80:CE:40:00:00:80:D2:00:8A:7E:80:00:FF:FF:00:00:00:AB:10:45:46]
[53:48:DA:00:C8:05:2B:00:00:80:D1:C0:00:00:80:D2:80:00:00:80:CE:C0:00:00:80:D0:00:00:00:80:C8:C0:00:00:80:D4:00:00:00:80:C2:00:00:00:80:D0:00:00:00:80:D0:40:00:00:80:D1:00:00:00:80:D3:80:00:00:80:D0:C0:00:00:80:D0:C0:00:00:80:CE:C0:00:00:80:D2:40:00:00:80:D3:80:00:00:80:BC:C0:00:00:80:B6:C0:00:00:80:BC:00:00:00:80:D1:C0:8A:70:00:00:FF:FF:00:00:00:AB:10:45:46]
[53:48:DA:00:C8:05:05:00:00:80:D2:00:00:00:80:CE:C0:00:00:80:CD:80:00:00:80:D0:80:00:00:80:CD:C0:00:00:80:D0:00:00:00:80:CF:00:00:00:80:CD:40:00:00:80:D0:00:00:00:80:CD:40:00:00:80:CE:80:00:00:80:CE:00:00:00:80:CF:80:00:00:80:D0:80:00:00:80:D1:00:00:00:80:CF:C0:00:00:80:D1:40:00:00:80:D1:40:00:00:80:CC:80:00:00:80:D1:00:89:95:40:00:FF:FF:00:00:00:AB:10:45:46]
[53:48:DA:00:C8:05:06:00:00:80:C2:40:00:00:80:D1:C0:00:00:80:D3:40:00:00:80:D0:C0:00:00:80:D3:C0:00:00:80:D1:00:00:00:80:D1:C0:00:00:80:CF:C0:00:00:80:D2:C0:00:00:80:D4:00:00:00:80:C8:00:00:00:80:CE:80:00:00:80:CF:00:00:00:80:D1:00:00:00:80:D0:00:00:00:80:CD:40:00:00:80:D1:C0:00:00:80:CE:00:00:00:80:A7:C0:00:00:80:CE:C0:89:93:40:00:FF:FF:00:00:00:AB:10:45:46]
[53:48:DA:00:C8:05:07:00:00:80:D1:40:00:00:80:D2:80:00:00:80:C9:40:00:00:80:CC:40:00:00:80:CD:80:00:00:80:CD:C0:00:00:80:D1:40:00:00:80:D1:C0:00:00:80:CE:80:00:00:80:D1:C0:00:00:80:D1:C0:00:00:80:D1:C0:00:00:80:D3:80:00:00:80:D0:80:00:00:80:D2:00:00:00:80:D1:80:00:00:80:D4:00:00:00:80:CD:00:00:00:80:D4:00:00:00:80:CF:80:89:83:C0:00:FF:FF:00:00:00:AB:10:45:46]
[53:48:DA:00:C8:05:08:00:00:80:CF:C0:00:00:80:CF:40:00:00:80:D2:00:00:00:80:CC:C0:00:00:80:CE:40:00:00:80:CF:00:00:00:80:D1:40:00:00:80:D0:C0:00:00:80:CE:40:00:00:80:CE:00:00:00:80:D0:80:00:00:80:CE:40:00:00:80:CF:80:00:00:80:CF:00:00:00:80:CF:80:00:00:80:D0:40:00:00:80:CE:C0:00:00:80:97:40:00:00:80:D3:00:00:00:80:CF:80:89:97:40:00:FF:FF:00:00:00:AB:10:45:46]
[53:48:DA:00:C8:05:09:00:00:80:D0:C0:00:00:80:CE:80:00:00:80:CF:C0:00:00:80:D0:00:00:00:80:CD:80:00:00:80:D0:40:00:00:80:D0:00:00:00:80:D4:00:00:00:80:CE:00:00:00:80:D1:C0:00:00:80:CD:00:00:00:80:D3:00:00:00:80:CF:40:00:00:80:D3:00:00:00:80:D1:00:00:00:80:D1:00:00:00:80:CF:00:00:00:80:CD:C0:00:00:80:D2:C0:00:00:80:D3:40:89:9A:80:00:FF:FF:00:00:00:AB:10:45:46]
[53:48:DA:00:C8:05:0A:00:00:80:D2:00:00:00:80:D3:40:00:00:80:D1:40:00:00:80:D3:00:00:00:80:D2:80:00:00:80:CF:00:00:00:80:D0:80:00:00:80:D1:80:00:00:80:CE:40:00:00:80:D0:00:00:00:80:BE:C0:00:00:80:D0:80:00:00:80:CE:C0:00:00:80:D2:C0:00:00:80:D2:C0:00:00:80:D2:40:00:00:80:7A:00:00:00:80:D0:40:00:00:80:C9:C0:00:00:80:D0:00:89:A9:00:00:FF:FF:00:00:00:AB:10:45:46]
[53:48:DA:00:C8:05:0B:00:00:80:D1:00:00:00:80:D1:00:00:00:80:D4:00:00:00:80:CE:C0:00:00:80:D0:C0:00:00:80:D0:40:00:00:80:D0:40:00:00:80:CF:40:00:00:80:CD:80:00:00:80:D1:00:00:00:80:D4:40:00:00:80:D0:00:00:00:80:D1:40:00:00:80:D1:C0:00:00:80:D1:00:00:00:80:C6:C0:00:00:80:D1:00:00:00:80:D3:80:00:00:80:D1:00:00:00:80:CE:C0:89:A8:00:00:FF:FF:00:00:00:AB:10:45:46]
[53:48:DA:00:C8:05:0C:00:00:80:CF:80:00:00:80:C4:40:00:00:80:D1:80:00:00:80:D0:C0:00:00:80:CF:40:00:00:80:D0:80:00:00:80:D1:40:00:00:80:CF:80:00:00:80:D1:00:00:00:80:D0:C0:00:00:80:D0:C0:00:00:80:CF:80:00:00:80:CF:80:00:00:80:D0:80:00:00:80:D1:00:00:00:80:6C:80:00:00:80:D1:C0:00:00:80:D3:40:00:00:80:CF:C0:00:00:80:CF:80:89:9E:80:00:FF:FF:00:00:00:AB:10:45:46]
[53:48:DA:00:C8:05:0D:00:00:80:CD:40:00:00:80:CF:00:00:00:80:CF:C0:00:00:80:CF:C0:00:00:80:CE:00:00:00:80:D1:00:00:00:80:D0:00:00:00:80:D1:00:00:00:80:CF:40:00:00:80:D1:80:00:00:80:CF:40:00:00:80:D1:C0:00:00:80:C2:40:00:00:80:C8:40:00:00:80:D2:00:00:00:80:D2:00:00:00:80:C2:C0:00:00:80:CE:40:00:00:80:D2:00:00:00:80:D3:80:89:A5:C0:00:FF:FF:00:00:00:AB:10:45:46]
[53:48:DA:00:C8:05:0E:00:00:80:D1:40:00:00:80:D0:00:00:00:80:CD:00:00:00:80:CF:40:00:00:80:D1:80:00:00:80:D0:00:00:00:80:C8:C0:00:00:80:D0:00:00:00:80:D3:C0:00:00:80:CF:00:00:00:80:D2:C0:00:00:80:D0:C0:00:00:80:CF:80:00:00:80:CF:00:00:00:80:78:80:00:00:80:D1:C0:00:00:80:D2:80:00:00:80:D3:80:00:00:80:D3:40:00:00:80:D3:80:89:B4:40:00:FF:FF:00:00:00:AB:10:45:46]
[53:48:DA:00:C8:05:0F:00:00:80:D0:80:00:00:80:D5:40:00:00:80:CF:40:00:00:80:D2:C0:00:00:80:D2:40:00:00:80:D3:40:00:00:80:CB:80:00:00:80:D2:40:00:00:80:D0:40:00:00:80:CB:00:00:00:80:D0:80:00:00:80:D0:C0:00:00:80:D3:C0:00:00:80:D1:C0:00:00:80:CF:C0:00:00:80:D1:80:00:00:80:D0:80:00:00:80:D2:40:00:00:80:D0:80:00:00:80:D4:C0:89:A1:C0:00:FF:FF:00:00:00:AB:10:45:46]
[53:48:DA:00:C8:05:10:00:00:80:D1:40:00:00:80:D2:40:00:00:80:D0:80:00:00:80:D0:80:00:00:80:D0:40:00:00:80:CE:80:00:00:80:CE:C0:00:00:80:D3:80:00:00:80:D1:00:00:00:80:CB:C0:00:00:80:D0:40:00:00:80:D2:80:00:00:80:D1:80:00:00:80:6D:40:00:00:80:D2:40:00:00:80:CF:80:00:00:80:D0:C0:00:00:80:D2:C0:00:00:80:D2:00:00:00:80:D0:C0:89:C0:C0:00:FF:FF:00:00:00:AB:10:45:46]
[53:48:DA:00:C8:05:11:00:00:80:D4:00:00:00:80:D0:00:00:00:80:D1:00:00:00:80:D1:00:00:00:80:D1:00:00:00:80:D1:00:00:00:80:CE:40:00:00:80:D3:00:00:00:80:D3:40:00:00:80:D1:40:00:00:80:D2:00:00:00:80:D2:80:00:00:80:D3:00:00:00:80:D2:00:00:00:80:CE:00:00:00:80:D2:40:00:00:80:D1:80:00:00:80:D4:40:00:00:80:D1:00:00:00:80:D1:C0:89:A5:C0:00:FF:FF:00:00:00:AB:10:45:46]
[53:48:DA:00:C8:05:12:00:00:80:D2:40:00:00:80:D0:C0:00:00:80:D1:00:00:00:80:D2:C0:00:00:80:C6:80:00:00:80:D1:80:00:00:80:D1:C0:00:00:80:CE:80:00:00:80:D0:C0:00:00:80:CF:C0:00:00:80:CF:80:00:00:80:D2:C0:00:00:80:BE:C0:00:00:80:D1:00:00:00:80:D4:C0:00:00:80:D0:C0:00:00:80:CE:40:00:00:80:D0:40:00:00:80:D1:40:00:00:80:CE:00:89:A5:C0:00:FF:FF:00:00:00:AB:10:45:46]
[53:48:DA:00:C8:05:13:00:00:80:D1:C0:00:00:80:D2:80:00:00:80:CF:C0:00:00:80:CF:C0:00:00:80:CF:00:00:00:80:D0:00:00:00:80:D1:C0:00:00:80:CF:C0:00:00:80:CD:00:00:00:80:D5:C0:00:00:80:D1:80:00:00:80:D0:80:00:00:80:D4:80:00:00:80:D1:80:00:00:80:CD:C0:00:00:80:D5:80:00:00:80:D4:40:00:00:80:D1:40:00:00:80:CF:C0:00:00:80:D0:00:89:B3:40:00:FF:FF:00:00:00:AB:10:45:46]
[53:48:DA:00:C8:05:14:00:00:80:D2:80:00:00:80:D0:C0:00:00:80:D2:80:00:00:80:D1:00:00:00:80:D2:40:00:00:80:CF:40:00:00:80:D2:00:00:00:80:CF:80:00:00:80:D0:40:00:00:80:D1:40:00:00:80:CF:C0:00:00:80:AD:C0:00:00:80:C6:80:00:00:80:D5:00:00:00:80:CE:C0:00:00:80:CE:00:00:00:80:D1:C0:00:00:80:D1:40:00:00:80:D3:40:00:00:80:D2:00:89:D2:80:00:FF:FF:00:00:00:AB:10:45:46]
[53:48:DA:00:C8:05:15:00:00:80:D0:00:00:00:80:D3:40:00:00:80:CF:00:00:00:80:D0:80:00:00:80:D0:00:00:00:80:CE:40:00:00:80:D0:00:00:00:80:CF:00:00:00:80:D3:00:00:00:80:CF:80:00:00:80:D0:80:00:00:80:D1:40:00:00:80:D1:40:00:00:80:D0:80:00:00:80:D1:00:00:00:80:CF:00:00:00:80:D0:C0:00:00:80:D3:C0:00:00:80:CE:00:00:00:80:D2:C0:89:A4:C0:00:FF:FF:00:00:00:AB:10:45:46]
[53:48:DA:00:C8:05:16:00:00:80:D1:C0:00:00:80:D0:C0:00:00:80:CF:00:00:00:80:D0:C0:00:00:80:CE:00:00:00:80:CE:C0:00:00:80:D3:00:00:00:80:CC:00:00:00:80:D0:80:00:00:80:D2:00:00:00:80:A3:80:00:00:80:D1:C0:00:00:80:D0:00:00:00:80:CF:80:00:00:80:D3:00:00:00:80:CD:00:00:00:80:D1:80:00:00:80:D0:C0:00:00:80:D0:C0:00:00:80:D1:C0:89:AA:00:00:FF:FF:00:00:00:AB:10:45:46]
[53:48:DA:00:C8:05:17:00:00:80:D0:40:00:00:80:D1:00:00:00:80:D2:00:00:00:80:D0:40:00:00:80:D1:40:00:00:80:D0:40:00:00:80:CD:C0:00:00:80:D0:C0:00:00:80:CC:00:00:00:80:D2:40:00:00:80:D3:00:00:00:80:D1:00:00:00:80:D1:C0:00:00:80:D2:40:00:00:80:D1:C0:00:00:80:D0:C0:00:00:80:CC:C0:00:00:80:CF:00:00:00:80:D1:80:00:00:80:D0:00:89:A5:C0:00:FF:FF:00:00:00:AB:10:45:46]
[53:48:DA:00:C8:05:18:00:00:80:D1:00:00:00:80:D2:40:00:00:80:D2:00:00:00:80:C4:40:00:00:80:D1:40:00:00:80:D0:C0:00:00:80:D0:40:00:00:80:CF:00:00:00:80:D0:00:00:00:80:A8:80:00:00:80:D0:C0:00:00:80:D3:80:00:00:80:D1:C0:00:00:80:D1:C0:00:00:80:D0:80:00:00:80:D2:80:00:00:80:CE:80:00:00:80:D4:00:00:00:80:D1:80:00:00:80:CF:C0:89:BB:80:00:FF:FF:00:00:00:AB:10:45:46]
[53:48:DA:00:C8:05:19:00:00:80:D3:80:00:00:80:D1:80:00:00:80:D0:80:00:00:80:CF:80:00:00:80:D1:80:00:00:80:CD:80:00:00:80:CF:00:00:00:80:CB:C0:00:00:80:D4:00:00:00:80:D1:C0:00:00:80:CD:00:00:00:80:D0:80:00:00:80:D2:C0:00:00:80:D0:40:00:00:80:D1:00:00:00:80:D2:40:00:00:80:CF:40:00:00:80:D0:C0:00:00:80:D1:40:00:00:80:CF:C0:89:BF:C0:00:FF:FF:00:00:00:AB:10:45:46]
[53:48:DA:00:C8:05:1A:00:00:80:CF:40:00:00:80:D0:00:00:00:80:D0:40:00:00:80:CF:00:00:00:80:CE:C0:00:00:80:D1:40:00:00:80:CE:80:00:00:80:D2:80:00:00:80:AF:40:00:00:80:D0:C0:00:00:80:D0:C0:00:00:80:CA:C0:00:00:80:D3:00:00:00:80:CF:C0:00:00:80:CE:80:00:00:80:D2:00:00:00:80:D3:00:00:00:80:D2:80:00:00:80:D3:C0:00:00:80:D1:00:89:AC:00:00:FF:FF:00:00:00:AB:10:45:46]
[53:48:DA:00:C8:05:1B:00:00:80:D2:C0:00:00:80:D2:C0:00:00:80:CD:80:00:00:80:CE:80:00:00:80:D4:40:00:00:80:D1:C0:00:00:80:D3:40:00:00:80:D2:C0:00:00:80:D0:C0:00:00:80:D0:40:00:00:80:D0:C0:00:00:80:D1:80:00:00:80:CE:40:00:00:80:D0:40:00:00:80:D1:80:00:00:80:D0:40:00:00:80:CF:80:00:00:80:D1:80:00:00:80:CF:40:00:00:80:D0:40:89:C8:00:00:FF:FF:00:00:00:AB:10:45:46]
[53:48:DA:00:C8:05:1C:00:00:80:D3:C0:00:00:80:D2:00:00:00:80:D2:80:00:00:80:CF:40:00:00:80:D2:C0:00:00:80:D0:C0:00:00:80:D2:40:00:00:80:A5:80:00:00:80:D2:40:00:00:80:CF:40:00:00:80:CD:40:00:00:80:D1:00:00:00:80:D2:40:00:00:80:CF:80:00:00:80:D1:00:00:00:80:CF:80:00:00:80:D0:40:00:00:80:D1:40:00:00:80:CE:00:00:00:80:C5:00:89:AA:00:00:FF:FF:00:00:00:AB:10:45:46]
[53:48:DA:00:C8:05:1D:00:00:80:D0:80:00:00:80:D1:C0:00:00:80:CC:80:00:00:80:D3:40:00:00:80:D1:00:00:00:80:CF:00:00:00:80:D2:C0:00:00:80:CF:C0:00:00:80:D1:00:00:00:80:D2:C0:00:00:80:D1:C0:00:00:80:D0:C0:00:00:80:D1:00:00:00:80:CE:80:00:00:80:D1:C0:00:00:80:CF:80:00:00:80:D2:80:00:00:80:D1:00:00:00:80:D1:80:00:00:80:D0:C0:89:C6:00:00:FF:FF:00:00:00:AB:10:45:46]
[53:48:DA:00:C8:05:05:00:00:80:C6:80:00:00:80:C7:80:00:00:80:CF:80:00:00:80:CE:C0:00:00:80:C0:80:00:00:80:B6:00:00:00:80:CE:C0:00:00:80:CC:C0:00:00:80:D0:80:00:00:80:CE:40:00:00:80:CF:00:00:00:80:D1:80:00:00:80:D0:00:00:00:80:D1:00:00:00:80:D0:C0:00:00:80:CF:C0:00:00:80:CE:80:00:00:80:D2:C0:00:00:80:CF:80:00:00:80:CD:C0:89:98:40:00:FF:FF:00:00:00:AB:10:45:46]
[53:48:DA:00:C8:05:06:00:00:80:C4:80:00:00:80:C3:40:00:00:80:CF:40:00:00:80:C9:40:00:00:80:CF:40:00:00:80:CC:C0:00:00:80:CC:40:00:00:80:CF:80:00:00:80:D1:80:00:00:80:CE:C0:00:00:80:C5:00:00:00:80:D0:40:00:00:80:BE:80:00:00:80:D0:80:00:00:80:CD:C0:00:00:80:CF:80:00:00:80:CE:00:00:00:80:CF:80:00:00:80:3D:40:00:00:80:D0:C0:89:9D:80:00:FF:FF:00:00:00:AB:10:45:46]
[53:48:DA:00:C8:05:07:00:00:80:CD:40:00:00:80:D0:80:00:00:80:D0:00:00:00:80:CE:80:00:00:80:CE:C0:00:00:80:D2:40:00:00:80:C9:C0:00:00:80:CA:00:00:00:80:D0:00:00:00:80:CF:C0:00:00:80:D1:00:00:00:80:D0:00:00:00:80:D1:C0:00:00:80:BD:00:00:00:80:CF:00:00:00:80:CF:C0:00:00:80:D2:C0:00:00:80:CF:80:00:00:80:CD:00:00:00:80:CB:00:89:9D:80:00:FF:FF:00:00:00:AB:10:45:46]
[53:48:DA:00:C8:05:08:00:00:80:CD:40:00:00:80:BE:00:00:00:80:C5:00:00:00:80:D0:40:00:00:80:CC:C0:00:00:80:CD:40:00:00:80:CF:00:00:00:80:CF:80:00:00:80:D2:40:00:00:80:CE:40:00:00:80:D1:00:00:00:80:D1:80:00:00:80:D2:00:00:00:80:D2:40:00:00:80:D0:40:00:00:80:D0:00:00:00:80:CF:00:00:00:80:4B:C0:00:00:80:CD:C0:00:00:80:D5:00:89:99:80:00:FF:FF:00:00:00:AB:10:45:46]
[53:48:DA:00:C8:05:09:00:00:80:CB:40:00:00:80:D0:C0:00:00:80:D0:00:00:00:80:D0:00:00:00:80:CE:80:00:00:80:D4:80:00:00:80:CD:C0:00:00:80:CE:40:00:00:80:C1:C0:00:00:80:CD:C0:00:00:80:D2:80:00:00:80:D1:80:00:00:80:CB:00:00:00:80:D2:40:00:00:80:D3:C0:00:00:80:D2:C0:00:00:80:CF:00:00:00:80:D2:00:00:00:80:D0:C0:00:00:80:CF:40:89:A9:00:00:FF:FF:00:00:00:AB:10:45:46]
[53:48:DA:00:C8:05:0A:00:00:80:D0:40:00:00:80:D0:40:00:00:80:D0:80:00:00:80:CD:00:00:00:80:CB:00:00:00:80:D2:00:00:00:80:D1:80:00:00:80:D0:40:00:00:80:CF:80:00:00:80:CB:40:00:00:80:D0:00:00:00:80:CF:40:00:00:80:C5:00:00:00:80:D2:80:00:00:80:D2:40:00:00:80:D0:00:00:00:80:42:40:00:00:80:D0:40:00:00:80:CE:00:00:00:80:D3:80:89:9C:80:00:FF:FF:00:00:00:AB:10:45:46]
[53:48:DA:00:C8:05:0B:00:00:80:CD:40:00:00:80:D1:C0:00:00:80:D0:00:00:00:80:D2:40:00:00:80:CD:C0:00:00:80:D2:C0:00:00:80:C6:00:00:00:80:D0:40:00:00:80:CF:40:00:00:80:D0:80:00:00:80:C7:00:00:00:80:D1:00:00:00:80:D0:00:00:00:80:D1:C0:00:00:80:D0:00:00:00:80:CF:00:00:00:80:CE:C0:00:00:80:CD:40:00:00:80:CD:C0:00:00:80:D0:40:89:8C:00:00:FF:FF:00:00:00:AB:10:45:46]
[53:48:DA:00:C8:05:0C:00:00:80:C1:80:00:00:80:D1:00:00:00:80:D2:00:00:00:80:D1:40:00:00:80:CE:80:00:00:80:B9:00:00:00:80:D0:80:00:00:80:D0:00:00:00:80:D2:C0:00:00:80:D0:80:00:00:80:D0:80:00:00:80:D0:00:00:00:80:D0:C0:00:00:80:CA:80:00:00:80:CC:80:00:00:80:60:80:00:00:80:CE:C0:00:00:80:D0:40:00:00:80:CF:40:00:00:80:D1:00:89:B1:40:00:FF:FF:00:00:00:AB:10:45:46]
[53:48:DA:00:C8:05:0D:00:00:80:D3:C0:00:00:80:D2:80:00:00:80:D3:00:00:00:80:D3:80:00:00:80:D0:00:00:00:80:D2:00:00:00:80:CF:C0:00:00:80:B9:80:00:00:80:D3:80:00:00:80:D1:00:00:00:80:CF:80:00:00:80:D2:00:00:00:80:CF:40:00:00:80:D2:00:00:00:80:D0:80:00:00:80:D1:40:00:00:80:D6:40:00:00:80:D2:00:00:00:80:CD:40:00:00:80:CF:40:89:A5:C0:00:FF:FF:00:00:00:AB:10:45:46]
[53:48:DA:00:C8:05:0E:00:00:80:CF:00:00:00:80:CF:80:00:00:80:D4:00:00:00:80:C4:80:00:00:80:D2:80:00:00:80:CE:C0:00:00:80:D0:40:00:00:80:CF:40:00:00:80:CE:40:00:00:80:CD:40:00:00:80:D2:00:00:00:80:CE:C0:00:00:80:BA:00:00:00:80:D0:40:00:00:80:81:40:00:00:80:D5:40:00:00:80:CE:C0:00:00:80:D0:C0:00:00:80:D1:40:00:00:80:D0:C0:89:B0:40:00:FF:FF:00:00:00:AB:10:45:46]
[53:48:DA:00:C8:05:0F:00:00:80:CE:C0:00:00:80:D0:C0:00:00:80:D0:00:00:00:80:D2:00:00:00:80:B4:40:00:00:80:D2:40:00:00:80:CB:40:00:00:80:D0:40:00:00:80:D2:00:00:00:80:CE:80:00:00:80:D2:C0:00:00:80:CA:40:00:00:80:D3:00:00:00:80:CE:80:00:00:80:D0:80:00:00:80:D2:00:00:00:80:C6:00:00:00:80:CA:00:00:00:80:CB:40:00:00:80:CE:80:89:AA:00:00:FF:FF:00:00:00:AB:10:45:46]
[53:48:DA:00:C8:05:10:00:00:80:CC:00:00:00:80:D6:80:00:00:80:CF:C0:00:00:80:D4:40:00:00:80:D0:C0:00:00:80:CD:C0:00:00:80:D0:00:00:00:80:D0:C0:00:00:80:CF:C0:00:00:80:CE:40:00:00:80:C9:C0:00:00:80:D1:00:00:00:80:D0:00:00:00:80:4D:80:00:00:80:CE:80:00:00:80:D0:00:00:00:80:C9:80:00:00:80:D0:40:00:00:80:BB:C0:00:00:80:D1:C0:89:94:40:00:FF:FF:00:00:00:AB:10:45:46]
[53:48:DA:00:C8:05:11:00:00:80:CE:00:00:00:80:D2:C0:00:00:80:CE:80:00:00:80:D1:80:00:00:80:CE:C0:00:00:80:CF:C0:00:00:80:CE:80:00:00:80:D0:00:00:00:80:D1:80:00:00:80:D0:40:00:00:80:D2:40:00:00:80:CD:C0:00:00:80:C9:40:00:00:80:D1:00:00:00:80:CE:C0:00:00:80:D3:40:00:00:80:CC:40:00:00:80:D1:80:00:00:80:D1:00:00:00:80:D3:00:89:AF:40:00:FF:FF:00:00:00:AB:10:45:46]
[53:48:DA:00:C8:05:12:00:00:80:D1:80:00:00:80:D4:80:00:00:80:D0:C0:00:00:80:CB:40:00:00:80:D2:80:00:00:80:D3:00:00:00:80:D3:80:00:00:80:D0:80:00:00:80:D4:C0:00:00:80:D0:C0:00:00:80:D0:40:00:00:80:B8:80:00:00:80:33:40:00:00:80:CF:80:00:00:80:D1:40:00:00:80:CF:00:00:00:80:CB:C0:00:00:80:CC:C0:00:00:80:CB:40:00:00:80:CE:40:89:C1:C0:00:FF:FF:00:00:00:AB:10:45:46]
[53:48:DA:00:C8:05:13:00:00:80:D0:40:00:00:80:CC:00:00:00:80:CF:40:00:00:80:CC:40:00:00:80:D0:40:00:00:80:D0:80:00:00:80:D0:80:00:00:80:D0:40:00:00:80:D4:00:00:00:80:D1:40:00:00:80:CE:40:00:00:80:CF:C0:00:00:80:CA:80:00:00:80:CB:80:00:00:80:D0:00:00:00:80:D4:00:00:00:80:CD:00:00:00:80:D1:C0:00:00:80:D0:C0:00:00:80:D0:40:89:AF:40:00:FF:FF:00:00:00:AB:10:45:46]
[53:48:DA:00:C8:05:14:00:00:80:D0:80:00:00:80:CB:80:00:00:80:D3:00:00:00:80:CE:C0:00:00:80:D0:00:00:00:80:D0:40:00:00:80:CF:40:00:00:80:CD:80:00:00:80:D0:00:00:00:80:CD:40:00:00:80:CF:40:00:00:80:48:00:00:00:80:C3:C0:00:00:80:D1:40:00:00:80:CE:80:00:00:80:D3:00:00:00:80:CF:40:00:00:80:D0:80:00:00:80:D2:00:00:00:80:C9:C0:89:BD:C0:00:FF:FF:00:00:00:AB:10:45:46]
[53:48:DA:00:C8:05:15:00:00:80:CE:00:00:00:80:CF:40:00:00:80:C9:40:00:00:80:CE:40:00:00:80:CA:00:00:00:80:C9:00:00:00:80:BA:40:00:00:80:D3:40:00:00:80:D3:40:00:00:80:C9:C0:00:00:80:CF:00:00:00:80:D1:00:00:00:80:CB:00:00:00:80:D2:00:00:00:80:D2:C0:00:00:80:D2:00:00:00:80:D6:00:00:00:80:CF:80:00:00:80:D1:00:00:00:80:D2:40:89:C3:C0:00:FF:FF:00:00:00:AB:10:45:46]
[53:48:DA:00:C8:05:16:00:00:80:C5:40:00:00:80:D3:00:00:00:80:BB:40:00:00:80:C2:C0:00:00:80:D2:00:00:00:80:D3:80:00:00:80:D0:80:00:00:80:D1:00:00:00:80:D1:40:00:00:80:C1:C0:00:00:80:7A:40:00:00:80:D0:C0:00:00:80:CF:40:00:00:80:D1:C0:00:00:80:C2:00:00:00:80:CE:00:00:00:80:D3:00:00:00:80:D0:40:00:00:80:D0:C0:00:00:80:D0:00:89:BF:C0:00:FF:FF:00:00:00:AB:10:45:46]
[53:48:DA:00:C8:05:17:00:00:80:D1:00:00:00:80:D1:40:00:00:80:D2:00:00:00:80:D2:C0:00:00:80:D2:C0:00:00:80:CF:80:00:00:80:D2:80:00:00:80:CF:00:00:00:80:D1:40:00:00:80:CE:80:00:00:80:CE:C0:00:00:80:D1:C0:00:00:80:CF:80:00:00:80:C9:40:00:00:80:D1:C0:00:00:80:CF:40:00:00:80:CE:00:00:00:80:D0:80:00:00:80:CF:00:00:00:80:D0:C0:89:A5:C0:00:FF:FF:00:00:00:AB:10:45:46]
[53:48:DA:00:C8:05:18:00:00:80:CD:40:00:00:80:CB:00:00:00:80:CD:C0:00:00:80:D0:40:00:00:80:D3:80:00:00:80:D0:C0:00:00:80:CE:00:00:00:80:D2:40:00:00:80:D2:40:00:00:80:A0:C0:00:00:80:D2:40:00:00:80:CD:80:00:00:80:D3:00:00:00:80:CF:80:00:00:80:D3:00:00:00:80:CD:00:00:00:80:C0:80:00:00:80:BF:C0:00:00:80:83:00:00:00:80:CC:40:89:BE:C0:00:FF:FF:00:00:00:AB:10:45:46]
[53:48:DA:00:C8:05:19:00:00:80:CE:80:00:00:80:D2:00:00:00:80:CE:C0:00:00:80:C8:80:00:00:80:CE:C0:00:00:80:C0:C0:00:00:80:D1:80:00:00:80:D2:C0:00:00:80:D5:00:00:00:80:CA:C0:00:00:80:D2:00:00:00:80:CB:C0:00:00:80:C9:40:00:00:80:D3:40:00:00:80:D1:40:00:00:80:CF:C0:00:00:80:D4:C0:00:00:80:D3:00:00:00:80:D2:40:00:00:80:CF:C0:89:BA:80:00:FF:FF:00:00:00:AB:10:45:46]
[53:48:DA:00:C8:05:1A:00:00:80:D4:00:00:00:80:CE:00:00:00:80:D3:00:00:00:80:C8:40:00:00:80:C4:80:00:00:80:D0:40:00:00:80:D0:00:00:00:80:D2:C0:00:00:80:C2:40:00:00:80:CE:40:00:00:80:CF:80:00:00:80:CF:C0:00:00:80:D0:00:00:00:80:D1:80:00:00:80:D1:00:00:00:80:CF:40:00:00:80:CF:40:00:00:80:CE:00:00:00:80:CF:C0:00:00:80:D1:C0:89:B1:40:00:FF:FF:00:00:00:AB:10:45:46]
[53:48:DA:00:C8:05:1B:00:00:80:D1:40:00:00:80:CF:40:00:00:80:BD:40:00:00:80:D2:00:00:00:80:C7:00:00:00:80:D2:40:00:00:80:D2:C0:00:00:80:C7:C0:00:00:80:D2:40:00:00:80:CD:C0:00:00:80:CD:C0:00:00:80:CF:40:00:00:80:D0:80:00:00:80:D0:80:00:00:80:BC:40:00:00:80:C8:40:00:00:80:D3:C0:00:00:80:D2:40:00:00:80:CF:00:00:00:80:CF:40:89:B0:40:00:FF:FF:00:00:00:AB:10:45:46]
[53:48:DA:00:C8:05:1C:00:00:80:D2:40:00:00:80:D3:40:00:00:80:D0:40:00:00:80:D1:C0:00:00:80:D0:80:00:00:80:D1:40:00:00:80:D1:C0:00:00:80:CE:40:00:00:80:CE:40:00:00:80:CD:80:00:00:80:D0:80:00:00:80:C8:C0:00:00:80:B9:C0:00:00:80:C1:40:00:00:80:D1:00:00:00:80:D2:00:00:00:80:D1:80:00:00:80:C9:00:00:00:80:D2:C0:00:00:80:CF:80:89:CF:40:00:FF:FF:00:00:00:AB:10:45:46]
[53:48:DA:00:C8:05:1D:00:00:80:D3:80:00:00:80:D0:40:00:00:80:D0:40:00:00:80:D0:40:00:00:80:CF:C0:00:00:80:D1:00:00:00:80:C7:40:00:00:80:D1:C0:00:00:80:D1:00:00:00:80:D1:80:00:00:80:D1:C0:00:00:80:D3:40:00:00:80:CA:C0:00:00:80:CF:C0:00:00:80:D1:40:00:00:80:D0:C0:00:00:80:CE:C0:00:00:80:D2:40:00:00:80:CF:C0:00:00:80:D1:80:89:AE:00:00:FF:FF:00:00:00:AB:10:45:46]
[53:48:DA:00:C8:05:1E:00:00:80:CF:C0:00:00:80:D1:40:00:00:80:D3:00:00:00:80:D5:00:00:00:80:D1:40:00:00:80:CF:80:00:00:80:D1:C0:00:00:80:D4:00:00:00:80:D0:40:00:00:80:D1:80:00:00:80:D2:00:00:00:80:CD:80:00:00:80:D1:C0:00:00:80:D2:80:00:00:80:D3:80:00:00:80:B2:C0:00:00:80:CE:C0:00:00:80:D2:00:00:00:80:D1:80:00:00:80:D3:C0:89:B4:40:00:FF:FF:00:00:00:AB:10:45:46]
[53:48:DA:00:C8:05:1F:00:00:80:D0:00:00:00:80:D1:C0:00:00:80:D2:C0:00:00:80:CA:40:00:00:80:D3:C0:00:00:80:AE:00:00:00:80:D3:00:00:00:80:D2:C0:00:00:80:D4:C0:00:00:80:B8:40:00:00:80:B4:40:00:00:80:D0:00:00:00:80:D2:00:00:00:80:D3:40:00:00:80:D0:00:00:00:80:C9:80:00:00:80:D1:40:00:00:80:CF:40:00:00:80:CE:C0:00:00:80:CF:80:89:C2:C0:00:FF:FF:00:00:00:AB:10:45:46]
[53:48:DA:00:C8:05:20:00:00:80:D3:40:00:00:80:D2:40:00:00:80:D1:00:00:00:80:CF:80:00:00:80:CE:80:00:00:80:D1:80:00:00:80:C8:00:00:00:80:D0:C0:00:00:80:CC:00:00:00:80:CF:40:00:00:80:CD:40:00:00:80:AC:80:00:00:80:CD:C0:00:00:80:CF:C0:00:00:80:D0:40:00:00:80:CF:80:00:00:80:D1:40:00:00:80:C1:C0:00:00:80:CB:00:00:00:80:CC:C0:89:C8:00:00:FF:FF:00:00:00:AB:10:45:46]
[53:48:DA:00:C8:05:21:00:00:80:CF:80:00:00:80:D0:00:00:00:80:D1:80:00:00:80:C5:80:00:00:80:68:C0:00:00:80:D0:80:00:00:80:CF:00:00:00:80:D0:80:00:00:80:CD:00:00:00:80:CD:40:00:00:80:CF:80:00:00:80:CF:80:00:00:80:D1:C0:00:00:80:CA:00:00:00:80:C4:C0:00:00:80:D0:40:00:00:80:D1:40:00:00:80:D1:80:00:00:80:D1:00:00:00:80:D1:40:89:B2:40:00:FF:FF:00:00:00:AB:10:45:46]
[53:48:DA:00:C8:05:22:00:00:80:D3:40:00:00:80:CE:80:00:00:80:D2:80:00:00:80:D0:80:00:00:80:D1:00:00:00:80:D2:00:00:00:80:C2:00:00:00:80:C8:C0:00:00:80:D2:80:00:00:80:CF:00:00:00:80:D0:00:00:00:80:D1:00:00:00:80:D0:40:00:00:80:D1:C0:00:00:80:D0:80:00:00:80:D0:00:00:00:80:CE:80:00:00:80:D2:40:00:00:80:D2:00:00:00:80:D1:00:89:A5:C0:00:FF:FF:00:00:00:AB:10:45:46]
[53:48:DA:00:C8:05:23:00:00:80:D2:80:00:00:80:D0:80:00:00:80:D2:00:00:00:80:95:80:00:00:80:CF:80:00:00:80:CF:40:00:00:80:CF:00:00:00:80:D1:80:00:00:80:CE:C0:00:00:80:D0:00:00:00:80:D3:00:00:00:80:CC:C0:00:00:80:D3:00:00:00:80:D0:C0:00:00:80:D4:00:00:00:80:CF:80:00:00:80:C5:00:00:00:80:C3:80:00:00:80:D0:00:00:00:80:D1:40:89:BB:80:00:FF:FF:00:00:00:AB:10:45:46]
[53:48:DA:00:C8:05:24:00:00:80:CF:C0:00:00:80:D2:00:00:00:80:D0:00:00:00:80:CF:80:00:00:80:D1:C0:00:00:80:D1:80:00:00:80:D0:80:00:00:80:D2:40:00:00:80:CE:C0:00:00:80:D1:C0:00:00:80:D1:40:00:00:80:D1:00:00:00:80:D0:00:00:00:80:CE:C0:00:00:80:D6:40:00:00:80:CF:C0:00:00:80:D0:40:00:00:80:CE:80:00:00:80:CD:80:00:00:80:D1:00:89:B1:40:00:FF:FF:00:00:00:AB:10:45:46]
[53:48:DA:00:C8:05:25:00:00:80:CE:C0:00:00:80:CF:40:00:00:80:71:00:00:00:80:CA:80:00:00:80:D2:00:00:00:80:D1:C0:00:00:80:D2:00:00:00:80:CC:00:00:00:80:D3:40:00:00:80:CF:C0:00:00:80:D2:C0:00:00:80:D0:00:00:00:80:D0:00:00:00:80:D0:C0:00:00:80:D2:C0:00:00:80:CF:80:00:00:80:D0:40:00:00:80:CF:C0:00:00:80:CF:80:00:00:80:C8:C0:89:A0:C0:00:FF:FF:00:00:00:AB:10:45:46]
[53:48:DA:00:C8:05:26:00:00:80:D1:00:00:00:80:D4:40:00:00:80:C5:40:00:00:80:D0:80:00:00:80:D3:00:00:00:80:CC:40:00:00:80:CC:C0:00:00:80:CE:80:00:00:80:D3:00:00:00:80:D3:00:00:00:80:D1:80:00:00:80:D4:40:00:00:80:D3:00:00:00:80:D0:00:00:00:80:CF:40:00:00:80:CF:40:00:00:80:D2:40:00:00:80:CF:80:00:00:80:D2:40:00:00:80:CE:C0:89:C0:C0:00:FF:FF:00:00:00:AB:10:45:46]
[53:48:DA:00:C8:05:27:00:00:80:D1:00:00:00:80:66:C0:00:00:80:C5:80:00:00:80:D5:00:00:00:80:D2:C0:00:00:80:CE:00:00:00:80:D1:80:00:00:80:CE:80:00:00:80:CD:40:00:00:80:D2:40:00:00:80:D0:40:00:00:80:D1:00:00:00:80:D3:00:00:00:80:CE:40:00:00:80:CF:C0:00:00:80:D1:80:00:00:80:D0:C0:00:00:80:CF:C0:00:00:80:D0:40:00:00:80:CF:C0:89:CB:00:00:FF:FF:00:00:00:AB:10:45:46]
[53:48:DA:00:C8:05:28:00:00:80:D0:40:00:00:80:D5:C0:00:00:80:D2:00:00:00:80:D2:40:00:00:80:CE:00:00:00:80:CE:40:00:00:80:BF:40:00:00:80:D1:C0:00:00:80:D2:80:00:00:80:CE:40:00:00:80:CD:C0:00:00:80:D0:C0:00:00:80:CE:80:00:00:80:D2:40:00:00:80:CF:00:00:00:80:CE:80:00:00:80:D1:80:00:00:80:D2:00:00:00:80:D2:40:00:00:80:D0:C0:89:C0:C0:00:FF:FF:00:00:00:AB:10:45:46]
[53:48:DA:00:C8:05:29:00:00:80:6A:00:00:00:80:D2:40:00:00:80:CF:40:00:00:80:CD:40:00:00:80:CD:80:00:00:80:D2:00:00:00:80:CF:00:00:00:80:D2:80:00:00:80:D0:80:00:00:80:D2:00:00:00:80:CC:40:00:00:80:D3:40:00:00:80:D1:80:00:00:80:CC:40:00:00:80:CF:C0:00:00:80:D0:40:00:00:80:D2:C0:00:00:80:D3:C0:00:00:80:CF:00:00:00:80:D0:00:89:AB:00:00:FF:FF:00:00:00:AB:10:45:46]
[53:48:DA:00:C8:05:2A:00:00:80:CF:00:00:00:80:CE:C0:00:00:80:CE:80:00:00:80:D0:00:00:00:80:D0:80:00:00:80:D1:00:00:00:80:D0:80:00:00:80:D3:00:00:00:80:CC:C0:00:00:80:CF:80:00:00:80:D1:80:00:00:80:D3:C0:00:00:80:D1:00:00:00:80:D1:40:00:00:80:C5:00:00:00:80:CF:C0:00:00:80:D1:00:00:00:80:D0:C0:00:00:80:CE:C0:00:00:80:D3:00:89:A9:00:00:FF:FF:00:00:00:AB:10:45:46]
[53:48:DA:00:C8:05:2B:00:00:80:D2:00:00:00:80:D3:40:00:00:80:CB:40:00:00:80:CE:C0:00:00:80:C8:40:00:00:80:CB:00:00:00:80:D3:00:00:00:80:D2:00:00:00:80:CD:00:00:00:80:D1:40:00:00:80:CF:00:00:00:80:D3:C0:00:00:80:D1:40:00:00:80:D3:80:00:00:80:CC:80:00:00:80:CC:00:00:00:80:D1:40:00:00:80:CE:00:00:00:80:C9:80:00:00:80:D0:00:89:BA:80:00:FF:FF:00:00:00:AB:10:45:46]
[53:48:DA:00:C8:05:2C:00:00:80:D0:C0:00:00:80:D2:00:00:00:80:CF:40:00:00:80:D3:40:00:00:80:CE:40:00:00:80:CF:40:00:00:80:D2:80:00:00:80:D1:00:00:00:80:CF:80:00:00:80:CE:C0:00:00:80:D1:00:00:00:80:CA:80:00:00:80:D0:00:00:00:80:CD:C0:00:00:80:D1:C0:00:00:80:D0:80:00:00:80:C8:40:00:00:80:CB:C0:00:00:80:D0:00:00:00:80:83:80:89:CB:00:00:FF:FF:00:00:00:AB:10:45:46]
[53:48:DA:00:C8:05:2D:00:00:80:C5:C0:00:00:80:C7:80:00:00:80:CD:00:00:00:80:CD:00:00:00:80:D1:00:00:00:80:CE:40:00:00:80:CE:80:00:00:80:C5:C0:00:00:80:C4:C0:00:00:80:CA:C0:00:00:80:D1:80:00:00:80:CF:C0:00:00:80:D0:C0:00:00:80:CF:40:00:00:80:D2:80:00:00:80:D1:80:00:00:80:D1:00:00:00:80:D0:40:00:00:80:CE:80:00:00:80:D2:00:89:CE:40:00:FF:FF:00:00:00:AB:10:45:46]
[53:48:DA:00:C8:05:01:00:00:80:D2:C0:00:00:80:D2:00:00:00:80:D2:C0:00:00:80:D0:00:00:00:80:D1:C0:00:00:80:D1:00:00:00:80:CF:C0:00:00:80:CF:00:00:00:80:CE:C0:00:00:80:D3:C0:00:00:80:CD:40:00:00:80:D1:40:00:00:80:D1:00:00:00:80:D1:C0:00:00:80:CC:80:00:00:80:CE:40:00:00:80:CF:80:00:00:80:D1:C0:00:00:80:CF:40:00:00:80:D2:80:89:93:40:00:FF:FF:00:00:00:AB:10:45:46]
[53:48:DA:00:C8:05:02:00:00:80:CF:40:00:00:80:CF:C0:00:00:80:D3:C0:00:00:80:C9:80:00:00:80:CD:80:00:00:80:CE:C0:00:00:80:CD:40:00:00:80:D0:C0:00:00:80:D1:40:00:00:80:D0:C0:00:00:80:C0:80:00:00:80:D1:40:00:00:80:CE:00:00:00:80:3F:C0:00:00:80:CF:00:00:00:80:CE:80:00:00:80:D0:80:00:00:80:D1:80:00:00:80:D2:C0:00:00:80:D0:40:89:9A:80:00:FF:FF:00:00:00:AB:10:45:46]
[53:48:DA:00:C8:05:03:00:00:80:D1:C0:00:00:80:CC:00:00:00:80:D0:40:00:00:80:CB:80:00:00:80:CC:C0:00:00:80:CF:00:00:00:80:CF:00:00:00:80:D0:C0:00:00:80:D0:40:00:00:80:CE:80:00:00:80:CF:80:00:00:80:C8:00:00:00:80:CD:00:00:00:80:D1:80:00:00:80:CF:80:00:00:80:CD:00:00:00:80:CE:40:00:00:80:D0:00:00:00:80:CE:80:00:00:80:CA:80:89:96:40:00:FF:FF:00:00:00:AB:10:45:46]
[53:48:DA:00:C8:05:04:00:00:80:CE:40:00:00:80:D0:40:00:00:80:CD:00:00:00:80:CF:80:00:00:80:CF:40:00:00:80:CE:80:00:00:80:CB:80:00:00:80:D1:80:00:00:80:CA:80:00:00:80:D1:00:00:00:80:CF:40:00:00:80:CE:40:00:00:80:5B:00:00:00:80:D0:C0:00:00:80:D0:C0:00:00:80:CE:40:00:00:80:CF:80:00:00:80:C8:00:00:00:80:C6:80:00:00:80:D1:00:89:AE:00:00:FF:FF:00:00:00:AB:10:45:46]
[53:48:DA:00:C8:05:05:00:00:80:CE:40:00:00:80:CF:40:00:00:80:CF:00:00:00:80:D1:C0:00:00:80:CE:40:00:00:80:D0:40:00:00:80:D1:80:00:00:80:CE:00:00:00:80:CE:C0:00:00:80:D0:80:00:00:80:CD:C0:00:00:80:CE:00:00:00:80:D0:40:00:00:80:CF:00:00:00:80:CE:C0:00:00:80:CE:80:00:00:80:CD:40:00:00:80:D1:40:00:00:80:D2:80:00:00:80:CE:40:89:98:40:00:FF:FF:00:00:00:AB:10:45:46]
[53:48:DA:00:C8:05:06:00:00:80:BC:80:00:00:80:D1:80:00:00:80:D0:00:00:00:80:CD:C0:00:00:80:CD:80:00:00:80:CD:40:00:00:80:CF:00:00:00:80:D3:00:00:00:80:D2:00:00:00:80:D2:80:00:00:80:CE:00:00:00:80:70:00:00:00:80:CE:40:00:00:80:CF:00:00:00:80:CE:00:00:00:80:D2:40:00:00:80:CF:00:00:00:80:CD:80:00:00:80:CB:C0:00:00:80:D2:40:89:BF:C0:00:FF:FF:00:00:00:AB:10:45:46]
[53:48:DA:00:C8:05:07:00:00:80:D0:00:00:00:80:CF:40:00:00:80:CF:C0:00:00:80:CE:00:00:00:80:CE:C0:00:00:80:CB:80:00:00:80:C5:00:00:00:80:D1:80:00:00:80:D2:40:00:00:80:CE:C0:00:00:80:CF:40:00:00:80:CF:C0:00:00:80:D0:40:00:00:80:CE:C0:00:00:80:D0:00:00:00:80:D1:C0:00:00:80:CF:C0:00:00:80:D0:C0:00:00:80:D1:40:00:00:80:D4:80:89:B8:80:00:FF:FF:00:00:00:AB:10:45:46]
[53:48:DA:00:C8:05:08:00:00:80:CE:80:00:00:80:D0:00:00:00:80:CF:C0:00:00:80:CF:00:00:00:80:CF:40:00:00:80:D0:00:00:00:80:CF:40:00:00:80:CE:40:00:00:80:D1:C0:00:00:80:CD:40:00:00:80:B0:C0:00:00:80:CE:C0:00:00:80:D1:C0:00:00:80:D0:80:00:00:80:CE:00:00:00:80:D0:40:00:00:80:CF:80:00:00:80:D1:00:00:00:80:D1:80:00:00:80:D3:40:89:C6:00:00:FF:FF:00:00:00:AB:10:45:46]
[53:48:DA:00:C8:05:09:00:00:80:D3:00:00:00:80:D0:40:00:00:80:CF:C0:00:00:80:CF:00:00:00:80:D4:00:00:00:80:D1:80:00:00:80:CE:40:00:00:80:CF:80:00:00:80:D1:80:00:00:80:CB:C0:00:00:80:CD:00:00:00:80:D1:40:00:00:80:CB:80:00:00:80:D0:00:00:00:80:D1:80:00:00:80:D0:00:00:00:80:CF:C0:00:00:80:CE:40:00:00:80:D0:00:00:00:80:CF:80:89:AE:00:00:FF:FF:00:00:00:AB:10:45:46]
[53:48:DA:00:C8:05:0A:00:00:80:CE:80:00:00:80:CD:00:00:00:80:CE:40:00:00:80:CB:C0:00:00:80:CE:80:00:00:80:D1:40:00:00:80:D4:C0:00:00:80:CD:40:00:00:80:CD:00:00:00:80:C9:40:00:00:80:D0:00:00:00:80:CD:80:00:00:80:CF:80:00:00:80:CF:00:00:00:80:CD:80:00:00:80:D5:C0:00:00:80:D0:40:00:00:80:D2:40:00:00:80:CF:80:00:00:80:CF:80:89:AD:00:00:FF:FF:00:00:00:AB:10:45:46]
[53:48:DA:00:C8:05:0B:00:00:80:CB:C0:00:00:80:CF:40:00:00:80:CF:00:00:00:80:CF:80:00:00:80:CF:80:00:00:80:D2:C0:00:00:80:D1:40:00:00:80:CF:40:00:00:80:CC:80:00:00:80:CE:40:00:00:80:D0:40:00:00:80:D1:00:00:00:80:CF:80:00:00:80:D1:00:00:00:80:CE:C0:00:00:80:D2:C0:00:00:80:D1:00:00:00:80:D0:40:00:00:80:CF:00:00:00:80:D0:80:89:B5:40:00:FF:FF:00:00:00:AB:10:45:46]
[53:48:DA:00:C8:05:0C:00:00:80:CE:C0:00:00:80:D1:40:00:00:80:CF:C0:00:00:80:CF:C0:00:00:80:D0:C0:00:00:80:D1:40:00:00:80:D0:C0:00:00:80:CF:C0:00:00:80:D1:80:00:00:80:CE:00:00:00:80:CE:00:00:00:80:CF:00:00:00:80:CD:00:00:00:80:CF:C0:00:00:80:D1:00:00:00:80:D1:00:00:00:80:D0:40:00:00:80:CE:00:00:00:80:CF:C0:00:00:80:D0:40:89:B2:40:00:FF:FF:00:00:00:AB:10:45:46]
[53:48:DA:00:C8:05:0D:00:00:80:D0:00:00:00:80:CF:00:00:00:80:D1:00:00:00:80:CF:00:00:00:80:D0:80:00:00:80:CE:00:00:00:80:CF:C0:00:00:80:CB:C0:00:00:80:CE:80:00:00:80:CF:80:00:00:80:CE:00:00:00:80:CC:C0:00:00:80:C9:80:00:00:80:CE:80:00:00:80:D1:40:00:00:80:CF:40:00:00:80:D0:40:00:00:80:CF:40:00:00:80:CD:C0:00:00:80:CE:C0:89:CF:40:00:FF:FF:00:00:00:AB:10:45:46]
[53:48:DA:00:C8:05:0E:00:00:80:D0:40:00:00:80:D1:80:00:00:80:D1:C0:00:00:80:CC:40:00:00:80:D1:80:00:00:80:CA:C0:00:00:80:CF:80:00:00:80:CE:40:00:00:80:CE:C0:00:00:80:D0:C0:00:00:80:CD:00:00:00:80:CF:00:00:00:80:CF:C0:00:00:80:CE:C0:00:00:80:CF:80:00:00:80:CB:80:00:00:80:CA:40:00:00:80:D1:C0:00:00:80:D2:40:00:00:80:D3:00:89:CE:40:00:FF:FF:00:00:00:AB:10:45:46]
[53:48:DA:00:C8:05:0F:00:00:80:CF:00:00:00:80:D2:00:00:00:80:CC:C0:00:00:80:CF:80:00:00:80:CE:80:00:00:80:D0:00:00:00:80:B4:80:00:00:80:D0:00:00:00:80:D1:40:00:00:80:D1:40:00:00:80:D1:80:00:00:80:CF:80:00:00:80:D0:80:00:00:80:D0:C0:00:00:80:D1:80:00:00:80:D1:00:00:00:80:D1:80:00:00:80:D0:80:00:00:80:D5:C0:00:00:80:CF:40:89:CB:00:00:FF:FF:00:00:00:AB:10:45:46]
[53:48:DA:00:C8:05:10:00:00:80:D2:00:00:00:80:D0:C0:00:00:80:CE:40:00:00:80:CF:80:00:00:80:D1:80:00:00:80:D2:00:00:00:80:CE:40:00:00:80:D1:80:00:00:80:D3:40:00:00:80:CD:80:00:00:80:D2:C0:00:00:80:CE:40:00:00:80:CD:C0:00:00:80:CF:40:00:00:80:CF:80:00:00:80:CA:80:00:00:80:CC:80:00:00:80:CD:40:00:00:80:CD:80:00:00:80:CE:80:89:DD:C0:00:FF:FF:00:00:00:AB:10:45:46]
[53:48:DA:00:C8:05:11:00:00:80:CB:C0:00:00:80:CC:C0:00:00:80:B7:C0:00:00:80:C8:40:00:00:80:CE:80:00:00:80:A9:00:00:00:80:D4:00:00:00:80:D1:40:00:00:80:CF:40:00:00:80:D0:80:00:00:80:CF:00:00:00:80:CF:00:00:00:80:CF:00:00:00:80:CD:00:00:00:80:D1:C0:00:00:80:CF:40:00:00:80:CF:C0:00:00:80:CF:C0:00:00:80:CF:C0:00:00:80:D0:80:89:EE:40:00:FF:FF:00:00:00:AB:10:45:46]
[53:48:DA:00:C8:05:12:00:00:80:D0:80:00:00:80:D0:C0:00:00:80:CF:00:00:00:80:CE:40:00:00:80:CE:80:00:00:80:CA:00:00:00:80:CE:C0:00:00:80:CD:C0:00:00:80:D0:80:00:00:80:D2:40:00:00:80:CE:80:00:00:80:D0:C0:00:00:80:CC:C0:00:00:80:CD:00:00:00:80:CD:80:00:00:80:D1:C0:00:00:80:D1:00:00:00:80:CF:00:00:00:80:CD:C0:00:00:80:D0:00:89:C8:00:00:FF:FF:00:00:00:AB:10:45:46]
[53:48:DA:00:C8:05:13:00:00:80:CF:C0:00:00:80:CF:00:00:00:80:CE:40:00:00:80:CE:C0:00:00:80:85:00:00:00:80:CF:40:00:00:80:CC:00:00:00:80:CD:C0:00:00:80:CF:80:00:00:80:CA:80:00:00:80:D3:80:00:00:80:D0:C0:00:00:80:CE:C0:00:00:80:CC:C0:00:00:80:D1:40:00:00:80:D1:40:00:00:80:D0:80:00:00:80:D0:80:00:00:80:D0:00:00:00:80:D0:80:89:DF:C0:00:FF:FF:00:00:00:AB:10:45:46]
[53:48:DA:00:C8:05:14:00:00:80:CE:C0:00:00:80:D1:C0:00:00:80:D0:80:00:00:80:D1:00:00:00:80:CE:C0:00:00:80:D0:C0:00:00:80:D0:40:00:00:80:CE:40:00:00:80:D2:40:00:00:80:D0:80:00:00:80:CD:C0:00:00:80:D5:80:00:00:80:D2:80:00:00:80:CB:80:00:00:80:CF:C0:00:00:80:CE:40:00:00:80:D2:40:00:00:80:CE:80:00:00:80:CE:C0:00:00:80:D0:40:89:D5:80:00:FF:FF:00:00:00:AB:10:45:46]
[53:48:DA:00:C8:05:15:00:00:80:CF:C0:00:00:80:D4:40:00:00:80:D0:40:00:00:80:59:80:00:00:80:CE:80:00:00:80:C8:40:00:00:80:CF:40:00:00:80:CD:40:00:00:80:D0:40:00:00:80:D1:C0:00:00:80:CD:40:00:00:80:CB:00:00:00:80:CD:C0:00:00:80:BF:00:00:00:80:D0:00:00:00:80:CF:40:00:00:80:D1:40:00:00:80:CE:00:00:00:80:CF:40:00:00:80:CF:C0:89:C2:C0:00:FF:FF:00:00:00:AB:10:45:46]
[53:48:DA:00:C8:05:16:00:00:80:D1:80:00:00:80:D1:00:00:00:80:CB:00:00:00:80:D0:80:00:00:80:CC:00:00:00:80:D0:C0:00:00:80:CE:C0:00:00:80:D0:80:00:00:80:CC:00:00:00:80:D1:00:00:00:80:D2:C0:00:00:80:D1:C0:00:00:80:D0:C0:00:00:80:D1:40:00:00:80:CC:C0:00:00:80:CF:80:00:00:80:CD:80:00:00:80:CF:00:00:00:80:CF:80:00:00:80:CC:00:89:DC:C0:00:FF:FF:00:00:00:AB:10:45:46]
[53:48:DA:00:C8:05:17:00:00:80:CD:80:00:00:80:D1:80:00:00:80:28:40:00:00:80:CF:40:00:00:80:D0:00:00:00:80:D2:00:00:00:80:CD:00:00:00:80:CD:40:00:00:80:CB:00:00:00:80:D3:00:00:00:80:D0:C0:00:00:80:CE:80:00:00:80:CD:00:00:00:80:D0:80:00:00:80:CE:C0:00:00:80:D0:80:00:00:80:D0:40:00:00:80:CD:80:00:00:80:CD:C0:00:00:80:CE:40:89:D8:80:00:FF:FF:00:00:00:AB:10:45:46]
[53:48:DA:00:C8:05:18:00:00:80:D2:40:00:00:80:CE:80:00:00:80:D0:40:00:00:80:D0:80:00:00:80:CE:C0:00:00:80:D0:C0:00:00:80:CF:00:00:00:80:CC:C0:00:00:80:D3:00:00:00:80:D0:40:00:00:80:CE:00:00:00:80:D1:C0:00:00:80:CF:C0:00:00:80:CE:80:00:00:80:CE:00:00:00:80:D1:C0:00:00:80:CD:40:00:00:80:D0:40:00:00:80:CC:C0:00:00:80:D1:40:89:DD:C0:00:FF:FF:00:00:00:AB:10:45:46]
[53:48:DA:00:C8:05:19:00:00:80:CF:80:00:00:80:24:C0:00:00:80:CC:C0:00:00:80:AF:80:00:00:80:CA:80:00:00:80:D1:40:00:00:80:C7:00:00:00:80:D0:00:00:00:80:D0:80:00:00:80:CF:40:00:00:80:D0:C0:00:00:80:CD:C0:00:00:80:CE:C0:00:00:80:CD:C0:00:00:80:D0:40:00:00:80:CD:40:00:00:80:C0:80:00:00:80:D0:00:00:00:80:CE:80:00:00:80:D1:40:89:D8:80:00:FF:FF:00:00:00:AB:10:45:46]
[53:48:DA:00:C8:05:1A:00:00:80:CF:40:00:00:80:CD:C0:00:00:80:CD:C0:00:00:80:CC:00:00:00:80:D3:00:00:00:80:D0:40:00:00:80:CE:00:00:00:80:CF:40:00:00:80:D0:C0:00:00:80:CF:00:00:00:80:D1:C0:00:00:80:D1:00:00:00:80:D0:00:00:00:80:CF:40:00:00:80:CE:00:00:00:80:D1:C0:00:00:80:D1:00:00:00:80:D0:00:00:00:80:D2:80:00:00:80:D3:40:89:DB:C0:00:FF:FF:00:00:00:AB:10:45:46]
[53:48:DA:00:C8:05:1B:00:00:80:31:80:00:00:80:D4:80:00:00:80:D1:00:00:00:80:D3:80:00:00:80:D2:C0:00:00:80:CF:C0:00:00:80:CE:80:00:00:80:C9:00:00:00:80:C3:80:00:00:80:D1:40:00:00:80:D0:40:00:00:80:D0:00:00:00:80:D1:C0:00:00:80:CE:C0:00:00:80:CE:40:00:00:80:CD:00:00:00:80:C0:40:00:00:80:C1:40:00:00:80:CD:40:00:00:80:CE:40:89:E7:00:00:FF:FF:00:00:00:AB:10:45:46]
[53:48:DA:00:C8:05:1C:00:00:80:CF:C0:00:00:80:D0:00:00:00:80:D1:00:00:00:80:CF:40:00:00:80:D0:00:00:00:80:D0:80:00:00:80:CE:00:00:00:80:CE:40:00:00:80:D1:00:00:00:80:D0:00:00:00:80:CE:80:00:00:80:D1:C0:00:00:80:D1:C0:00:00:80:D1:00:00:00:80:CD:C0:00:00:80:D0:C0:00:00:80:CF:40:00:00:80:CC:40:00:00:80:B9:80:00:00:80:CF:00:89:CC:40:00:FF:FF:00:00:00:AB:10:45:46]
[53:48:DA:00:C8:05:1D:00:00:80:D2:80:00:00:80:D2:40:00:00:80:C5:80:00:00:80:CF:40:00:00:80:D4:80:00:00:80:D5:00:00:00:80:CD:00:00:00:80:D0:40:00:00:80:D2:80:00:00:80:D1:00:00:00:80:D1:C0:00:00:80:D1:C0:00:00:80:B4:80:00:00:80:D0:40:00:00:80:D0:80:00:00:80:CE:80:00:00:80:CE:80:00:00:80:D1:00:00:00:80:D0:40:00:00:80:CF:00:89:EB:40:00:FF:FF:00:00:00:AB:10:45:46]
[53:48:DA:00:C8:05:1E:00:00:80:C4:80:00:00:80:D3:80:00:00:80:D0:80:00:00:80:C8:00:00:00:80:D1:80:00:00:80:CE:80:00:00:80:D3:00:00:00:80:D1:40:00:00:80:D0:40:00:00:80:D3:00:00:00:80:D1:C0:00:00:80:D1:40:00:00:80:D0:C0:00:00:80:D4:40:00:00:80:D0:80:00:00:80:D3:C0:00:00:80:D3:80:00:00:80:D1:00:00:00:80:D0:C0:00:00:7F:E3:40:89:D5:80:00:FF:FF:00:00:00:AB:10:45:46]
[53:48:DA:00:C8:05:1F:00:00:80:D4:40:00:00:80:D5:80:00:00:80:D3:40:00:00:80:D3:80:00:00:80:D5:40:00:00:80:D5:80:00:00:80:D6:80:00:00:80:D3:40:00:00:80:D5:C0:00:00:80:D4:C0:00:00:80:DA:C0:00:00:80:D9:00:00:00:80:D8:40:00:00:80:DA:C0:00:00:80:DF:00:00:00:80:DD:40:00:00:80:DB:80:00:00:80:E0:40:00:00:80:DD:80:00:00:80:E2:00:89:CB:00:00:FF:FF:00:00:00:AB:10:45:46]
[53:48:DA:00:C8:05:20:00:00:80:D9:C0:00:00:80:E4:80:00:00:80:E7:C0:00:00:80:E9:00:00:00:80:E6:80:00:00:80:E5:C0:00:00:80:D4:00:00:00:80:DD:00:00:00:80:E6:00:00:00:80:E7:C0:00:00:80:E8:C0:00:00:80:E2:40:00:00:80:F4:00:00:00:80:F2:80:00:00:80:F3:C0:00:00:80:F5:C0:00:00:80:F3:80:00:00:80:EF:00:00:00:80:17:00:00:00:80:F1:00:89:DF:C0:00:FF:FF:00:00:00:AB:10:45:46]
[53:48:DA:00:C8:05:21:00:00:81:04:00:00:00:80:FE:00:00:00:80:FE:80:00:00:80:FB:C0:00:00:80:FE:00:00:00:80:F9:C0:00:00:80:F6:80:00:00:80:F7:80:00:00:80:FB:00:00:00:80:F0:C0:00:00:80:F1:80:00:00:80:F7:00:00:00:80:F2:80:00:00:80:F5:00:00:00:80:F1:C0:00:00:80:EE:80:00:00:80:EE:40:00:00:80:E9:00:00:00:80:EC:C0:00:00:80:EC:00:89:DF:C0:00:FF:FF:00:00:00:AB:10:45:46]
[53:48:DA:00:C8:05:22:00:00:80:EC:00:00:00:80:ED:00:00:00:80:EB:00:00:00:80:EA:40:00:00:80:E7:00:00:00:80:E5:80:00:00:80:E5:40:00:00:80:E4:40:00:00:80:E0:C0:00:00:80:E1:40:00:00:80:E0:80:00:00:80:E1:40:00:00:80:E0:80:00:00:80:DE:C0:00:00:80:DB:00:00:00:80:DB:40:00:00:80:D9:00:00:00:80:B8:80:00:00:80:DA:40:00:00:80:D0:40:89:D7:80:00:FF:FF:00:00:00:AB:10:45:46]
[53:48:DA:00:C8:05:23:00:00:80:D9:40:00:00:80:D9:C0:00:00:80:DC:80:00:00:80:D9:80:00:00:80:BF:80:00:00:80:DB:40:00:00:80:D5:40:00:00:80:D9:00:00:00:80:DD:00:00:00:80:DD:40:00:00:80:DA:C0:00:00:80:D8:40:00:00:80:D8:40:00:00:80:D9:40:00:00:80:D9:80:00:00:80:D6:80:00:00:80:D9:80:00:00:80:D8:C0:00:00:80:D6:00:00:00:80:D4:00:89:D0:40:00:FF:FF:00:00:00:AB:10:45:46]
[53:48:DA:00:C8:05:24:00:00:80:D8:40:00:00:80:D6:C0:00:00:80:C5:C0:00:00:80:D8:00:00:00:80:C8:00:00:00:80:D2:00:00:00:80:D5:80:00:00:80:D5:80:00:00:80:D5:C0:00:00:80:D0:80:00:00:80:D1:00:00:00:80:D6:80:00:00:80:D2:80:00:00:80:CF:40:00:00:80:D1:C0:00:00:80:D1:C0:00:00:80:52:00:00:00:80:D3:40:00:00:80:CD:40:00:00:80:D1:00:89:E4:00:00:FF:FF:00:00:00:AB:10:45:46]
[53:48:DA:00:C8:05:25:00:00:80:D0:80:00:00:80:D3:40:00:00:80:D2:80:00:00:80:C4:00:00:00:80:D4:00:00:00:80:D3:C0:00:00:80:C8:C0:00:00:80:D8:00:00:00:80:D6:40:00:00:80:D3:40:00:00:80:D1:80:00:00:80:D5:40:00:00:80:D0:C0:00:00:80:D3:00:00:00:80:D4:40:00:00:80:D1:C0:00:00:80:D2:80:00:00:80:D4:C0:00:00:80:CC:40:00:00:80:D2:40:89:D2:80:00:FF:FF:00:00:00:AB:10:45:46]
[53:48:DA:00:C8:05:26:00:00:80:D0:80:00:00:80:CE:00:00:00:80:D2:40:00:00:80:D0:80:00:00:80:CF:00:00:00:80:CD:80:00:00:80:CE:40:00:00:80:CF:80:00:00:80:D0:00:00:00:80:D1:80:00:00:80:C8:C0:00:00:80:D0:80:00:00:80:CE:40:00:00:80:D0:80:00:00:80:CF:00:00:00:80:8B:00:00:00:80:D0:00:00:00:80:CD:C0:00:00:80:CE:00:00:00:80:D0:40:89:DB:C0:00:FF:FF:00:00:00:AB:10:45:46]
[53:48:DA:00:C8:05:27:00:00:80:CF:80:00:00:80:CF:80:00:00:80:C6:00:00:00:80:CF:00:00:00:80:CB:C0:00:00:80:CC:40:00:00:80:CC:80:00:00:80:CB:40:00:00:80:CB:40:00:00:80:CE:80:00:00:80:CC:C0:00:00:80:CE:40:00:00:80:CC:00:00:00:80:CF:40:00:00:80:CB:00:00:00:80:CA:80:00:00:80:CC:40:00:00:80:CE:C0:00:00:80:CB:C0:00:00:80:CC:C0:89:D8:80:00:FF:FF:00:00:00:AB:10:45:46]
[53:48:DA:00:C8:05:28:00:00:80:CF:80:00:00:80:CE:80:00:00:80:CD:80:00:00:80:C8:80:00:00:80:CA:80:00:00:80:CB:C0:00:00:80:CC:C0:00:00:80:C9:00:00:00:80:C4:C0:00:00:80:C2:80:00:00:80:C2:C0:00:00:80:BF:00:00:00:80:C0:80:00:00:80:BE:40:00:00:80:9C:80:00:00:80:B7:00:00:00:80:B0:C0:00:00:80:B1:40:00:00:80:AB:40:00:00:80:AB:80:89:EA:40:00:FF:FF:00:00:00:AB:10:45:46]
[53:48:DA:00:C8:05:29:00:00:80:9F:00:00:00:80:91:40:00:00:80:91:C0:00:00:80:85:C0:00:00:80:81:80:00:00:80:70:80:00:00:80:68:C0:00:00:80:55:80:00:00:80:45:80:00:00:80:2E:00:00:00:80:1C:40:00:00:7F:EA:00:00:00:7F:D3:00:00:00:7F:C8:C0:00:00:7F:AD:40:00:00:7F:A9:C0:00:00:7F:92:C0:00:00:7F:7D:00:00:00:7F:59:C0:00:00:7F:35:80:89:E8:40:00:FF:FF:00:00:00:AB:10:45:46]
[53:48:DA:00:C8:05:2A:00:00:7F:2C:C0:00:00:7E:FB:80:00:00:7F:12:C0:00:00:7E:E8:C0:00:00:7E:CE:80:00:00:7E:DB:80:00:00:7E:A9:40:00:00:7E:B8:C0:00:00:7E:74:00:00:00:7E:96:40:00:00:7E:9C:00:00:00:7E:A3:C0:00:00:7E:85:40:00:00:7E:6E:C0:00:00:7E:82:C0:00:00:7E:6A:40:00:00:7E:82:00:00:00:7E:9C:40:00:00:7E:8D:40:00:00:7E:91:C0:89:DB:C0:00:FF:FF:00:00:00:AB:10:45:46]
[53:48:DA:00:C8:05:2B:00:00:7E:69:C0:00:00:7E:87:C0:00:00:7E:80:40:00:00:7E:85:C0:00:00:7E:87:40:00:00:7E:7A:80:00:00:7E:5D:C0:00:00:7E:8E:00:00:00:7E:A0:40:00:00:7E:80:80:00:00:7E:8A:C0:00:00:7E:92:00:00:00:7E:8C:C0:00:00:7E:78:C0:00:00:7E:89:C0:00:00:7E:B1:C0:00:00:7E:B3:C0:00:00:7E:D0:80:00:00:7E:9B:C0:00:00:7E:EB:40:89:D2:80:00:FF:FF:00:00:00:AB:10:45:46]
[53:48:DA:00:C8:05:2C:00:00:7E:CF:40:00:00:7E:F5:40:00:00:7E:F5:C0:00:00:7F:04:C0:00:00:7F:17:40:00:00:7F:28:C0:00:00:7F:36:C0:00:00:7F:4A:00:00:00:7F:4D:00:00:00:7F:2E:80:00:00:7F:58:C0:00:00:7F:45:C0:00:00:7F:40:80:00:00:7F:4D:00:00:00:7F:5A:80:00:00:7F:68:C0:00:00:7F:69:00:00:00:7F:6F:80:00:00:7F:78:00:00:00:7F:6A:C0:89:D1:40:00:FF:FF:00:00:00:AB:10:45:46]
[53:48:DA:00:C8:05:2D:00:00:7F:88:00:00:00:7F:84:80:00:00:7F:7F:C0:00:00:7F:84:C0:00:00:7F:7B:40:00:00:7F:7C:80:00:00:7F:7C:C0:00:00:7F:93:40:00:00:7F:96:00:00:00:7F:98:40:00:00:7F:9A:40:00:00:7F:98:80:00:00:7F:AD:80:00:00:7F:A3:40:00:00:7F:BF:80:00:00:7F:B4:C0:00:00:7F:D1:40:00:00:7F:D2:40:00:00:7F:D1:40:00:00:7F:E8:80:89:D5:80:00:FF:FF:00:00:00:AB:10:45:46]
[53:48:DA:00:C8:05:2E:00:00:7F:EA:00:00:00:7F:ED:00:00:00:7F:FA:80:00:00:7F:EB:C0:00:00:7F:F0:40:00:00:7F:FB:00:00:00:7F:F8:C0:00:00:80:00:40:00:00:80:00:C0:00:00:7F:F1:C0:00:00:7F:FC:80:00:00:80:01:80:00:00:80:0C:00:00:00:80:0B:40:00:00:80:0C:C0:00:00:80:09:C0:00:00:80:18:40:00:00:80:12:C0:00:00:80:14:80:00:00:80:0B:40:89:F4:80:00:FF:FF:00:00:00:AB:10:45:46]
[53:48:DA:00:C8:05:2F:00:00:80:28:00:00:00:80:1D:40:00:00:80:18:40:00:00:80:2C:C0:00:00:80:2E:C0:00:00:80:30:40:00:00:80:3B:C0:00:00:80:39:00:00:00:80:42:80:00:00:80:47:C0:00:00:80:40:00:00:00:80:3F:80:00:00:80:4B:00:00:00:80:49:80:00:00:80:51:80:00:00:80:5C:00:00:00:80:53:80:00:00:80:56:80:00:00:80:5E:80:00:00:80:61:C0:89:F1:80:00:FF:FF:00:00:00:AB:10:45:46]
[53:48:DA:00:C8:05:30:00:00:80:72:40:00:00:80:67:80:00:00:80:79:40:00:00:80:75:C0:00:00:80:83:C0:00:00:80:88:80:00:00:80:8D:80:00:00:80:9F:00:00:00:80:A6:C0:00:00:80:B0:40:00:00:80:BC:00:00:00:80:C3:80:00:00:80:C3:C0:00:00:80:DE:00:00:00:80:E8:00:00:00:80:F4:C0:00:00:81:03:40:00:00:81:02:40:00:00:80:FA:40:00:00:81:0B:40:89:D3:80:00:FF:FF:00:00:00:AB:10:45:46]
[53:48:DA:00:C8:05:31:00:00:81:A1:80:00:00:80:DD:80:00:00:83:C4:00:00:00:81:0D:00:00:00:84:B3:C0:00:00:83:53:80:00:00:80:82:80:00:00:83:33:C0:00:00:80:E6:C0:00:00:80:17:80:00:00:81:91:C0:00:00:7E:E3:80:00:00:7C:CE:40:00:00:7F:E3:40:00:00:7C:36:00:00:00:84:88:40:00:00:7B:6D:80:00:00:86:07:C0:00:00:78:BE:00:00:00:8A:E1:C0:89:C8:00:00:FF:FF:00:00:00:AB:10:45:46]
[53:48:DA:00:C8:05:32:00:00:73:23:40:00:00:7F:B6:C0:00:00:97:F1:80:00:00:7C:16:40:00:00:74:58:C0:00:00:72:F5:80:00:00:77:85:C0:00:00:85:FD:40:00:00:79:78:40:00:00:7E:1D:00:00:00:77:C5:80:00:00:7A:27:80:00:00:79:36:80:00:00:77:2D:C0:00:00:85:78:C0:00:00:7E:3C:00:00:00:7A:DA:40:00:00:77:17:C0:00:00:85:CA:00:00:00:76:56:00:89:DF:C0:00:FF:FF:00:00:00:AB:10:45:46]
[53:48:DA:00:C8:05:33:00:00:7E:98:40:00:00:87:B1:00:00:00:78:49:C0:00:00:82:2C:40:00:00:7C:07:80:00:00:7E:46:40:00:00:81:DB:00:00:00:81:25:80:00:00:7C:C7:80:00:00:7A:5A:40:00:00:7E:87:C0:00:00:80:44:40:00:00:7F:90:80:00:00:7C:A8:80:00:00:89:49:80:00:00:81:AB:40:00:00:81:26:C0:00:00:85:19:C0:00:00:81:A1:00:00:00:80:F1:80:89:DE:C0:00:FF:FF:00:00:00:AB:10:45:46]
[53:48:DA:00:C8:05:34:00:00:81:D9:00:00:00:80:BA:80:00:00:82:C0:80:00:00:82:6C:00:00:00:83:7F:40:00:00:85:A8:00:00:00:85:C6:00:00:00:87:4D:C0:00:00:83:99:00:00:00:81:7F:C0:00:00:7F:FF:80:00:00:83:D1:40:00:00:83:4C:C0:00:00:81:A6:C0:00:00:83:A4:C0:00:00:80:F1:80:00:00:81:CC:40:00:00:81:03:C0:00:00:82:AF:00:00:00:81:7E:40:89:E2:00:00:FF:FF:00:00:00:AB:10:45:46]
[53:48:DA:00:C8:05:35:00:00:82:3A:00:00:00:81:96:40:00:00:82:22:C0:00:00:82:4F:40:00:00:81:A2:00:00:00:81:8C:40:00:00:81:FC:00:00:00:82:01:80:00:00:84:7A:40:00:00:81:37:00:00:00:81:67:00:00:00:82:33:40:00:00:81:A5:40:00:00:81:82:80:00:00:81:5E:C0:00:00:81:3B:C0:00:00:80:A7:C0:00:00:80:72:80:00:00:80:FD:80:00:00:81:B0:40:89:E9:40:00:FF:FF:00:00:00:AB:10:45:46]
[53:48:DA:00:C8:05:36:00:00:81:A8:40:00:00:81:82:80:00:00:80:D6:C0:00:00:81:39:00:00:00:80:EA:00:00:00:81:9E:80:00:00:81:C5:C0:00:00:81:34:80:00:00:80:C1:C0:00:00:81:05:80:00:00:80:F3:80:00:00:80:B1:80:00:00:81:6F:40:00:00:81:06:00:00:00:81:06:00:00:00:81:42:40:00:00:80:EF:40:00:00:80:D5:00:00:00:80:EA:00:00:00:80:E1:80:89:DE:C0:00:FF:FF:00:00:00:AB:10:45:46]
[53:48:DA:00:C8:05:37:00:00:80:AC:80:00:00:80:EF:00:00:00:80:F1:40:00:00:80:C0:00:00:00:80:C3:C0:00:00:80:D0:40:00:00:80:7F:00:00:00:80:D1:C0:00:00:80:DE:80:00:00:80:E6:00:00:00:80:E2:80:00:00:80:D9:00:00:00:80:DC:C0:00:00:80:E2:C0:00:00:80:CD:80:00:00:80:DC:80:00:00:80:E1:00:00:00:80:D6:40:00:00:80:F1:40:00:00:80:EF:00:89:EA:40:00:FF:FF:00:00:00:AB:10:45:46]
[53:48:DA:00:C8:05:38:00:00:80:E2:80:00:00:80:DA:80:00:00:80:E3:C0:00:00:80:D8:40:00:00:80:DC:C0:00:00:80:DE:80:00:00:80:E3:00:00:00:80:E0:80:00:00:80:D2:00:00:00:80:D1:00:00:00:80:E1:40:00:00:80:DC:80:00:00:80:E2:C0:00:00:80:DD:80:00:00:80:DF:80:00:00:80:E4:C0:00:00:80:E2:00:00:00:80:E0:00:00:00:80:D3:80:00:00:80:E2:00:89:E1:00:00:FF:FF:00:00:00:AB:10:45:46]
[53:48:DA:00:C8:05:39:00:00:80:DA:80:00:00:80:D2:00:00:00:80:E6:C0:00:00:80:E7:40:00:00:80:D6:00:00:00:80:8C:C0:00:00:80:D4:40:00:00:80:D3:C0:00:00:80:D3:80:00:00:80:D7:40:00:00:80:D4:00:00:00:80:CB:80:00:00:80:D3:80:00:00:80:CE:00:00:00:80:D1:00:00:00:80:CC:00:00:00:80:D0:00:00:00:80:CC:C0:00:00:80:CD:80:00:00:80:C9:40:89:F0:80:00:FF:FF:00:00:00:AB:10:45:46]
[53:48:DA:00:C8:05:3A:00:00:80:CA:40:00:00:80:CA:00:00:00:80:CD:00:00:00:80:CC:C0:00:00:80:CA:40:00:00:80:C6:80:00:00:80:C7:40:00:00:80:C7:80:00:00:80:BF:80:00:00:80:C4:40:00:00:80:C6:80:00:00:80:C4:40:00:00:80:C5:80:00:00:80:BD:80:00:00:80:C4:C0:00:00:80:B9:C0:00:00:80:C3:00:00:00:80:C0:C0:00:00:80:BC:80:00:00:80:BE:00:89:D5:80:00:FF:FF:00:00:00:AB:10:45:46]
[53:48:DA:00:C8:05:3B:00:00:80:B6:80:00:00:80:BA:80:00:00:80:B7:00:00:00:80:B4:40:00:00:80:76:C0:00:00:80:B8:40:00:00:80:B0:00:00:00:80:AD:00:00:00:80:B0:C0:00:00:80:AC:80:00:00:80:AA:40:00:00:80:AE:00:00:00:80:A9:C0:00:00:80:AA:C0:00:00:80:AB:00:00:00:80:B0:C0:00:00:80:AD:C0:00:00:80:AE:80:00:00:80:AC:40:00:00:80:A7:C0:89:D0:40:00:FF:FF:00:00:00:AB:10:45:46]
[53:48:DA:00:C8:05:3C:00:00:80:A8:40:00:00:80:AB:80:00:00:80:A7:80:00:00:80:AA:80:00:00:80:B1:C0:00:00:80:AB:80:00:00:80:AD:80:00:00:80:B2:00:00:00:80:AC:80:00:00:80:B1:C0:00:00:80:B2:C0:00:00:80:B0:40:00:00:80:B9:80:00:00:80:B7:80:00:00:80:BF:00:00:00:80:BE:00:00:00:80:C3:C0:00:00:80:C2:00:00:00:80:B8:C0:00:00:80:C2:00:89:EC:40:00:FF:FF:00:00:00:AB:10:45:46]
[53:48:DA:00:C8:05:3D:00:00:80:D2:00:00:00:80:D2:C0:00:00:80:C7:40:00:00:80:62:80:00:00:80:C5:40:00:00:80:C7:40:00:00:80:CB:40:00:00:80:CF:00:00:00:80:D4:40:00:00:80:D2:80:00:00:80:D2:40:00:00:80:C3:C0:00:00:80:D5:C0:00:00:80:D0:80:00:00:80:D5:00:00:00:80:D4:C0:00:00:80:D1:00:00:00:80:D2:40:00:00:80:D1:80:00:00:80:D0:C0:89:E6:00:00:FF:FF:00:00:00:AB:10:45:46]
[53:48:DA:00:C8:05:3E:00:00:80:D1:00:00:00:80:D5:00:00:00:80:D0:40:00:00:80:CF:C0:00:00:80:D2:00:00:00:80:CF:C0:00:00:80:C4:80:00:00:80:D3:C0:00:00:80:D1:80:00:00:80:D5:00:00:00:80:CF:40:00:00:80:D4:C0:00:00:80:D2:80:00:00:80:D3:00:00:00:80:D4:40:00:00:80:D2:80:00:00:80:D1:40:00:00:80:D4:80:00:00:80:D4:C0:00:00:80:D6:00:89:DA:C0:00:FF:FF:00:00:00:AB:10:45:46]
[53:48:DA:00:C8:05:3F:00:00:80:D4:00:00:00:80:D5:C0:00:00:80:96:80:00:00:80:D2:40:00:00:80:D0:80:00:00:80:D1:C0:00:00:80:D4:00:00:00:80:D1:40:00:00:80:D2:80:00:00:80:D0:40:00:00:80:C7:00:00:00:80:D3:00:00:00:80:D3:C0:00:00:80:D1:80:00:00:80:D3:00:00:00:80:D6:C0:00:00:80:D4:C0:00:00:80:D5:40:00:00:80:D4:40:00:00:80:D5:80:89:D8:80:00:FF:FF:00:00:00:AB:10:45:46]
[53:48:DA:00:C8:05:40:00:00:80:D6:C0:00:00:80:D1:C0:00:00:80:D5:00:00:00:80:D0:80:00:00:80:CF:00:00:00:80:D3:40:00:00:80:D2:40:00:00:80:D3:40:00:00:80:D2:80:00:00:80:D3:00:00:00:80:D1:80:00:00:80:CF:C0:00:00:80:D1:40:00:00:80:CF:80:00:00:80:C6:C0:00:00:80:D3:80:00:00:80:D2:40:00:00:80:D2:40:00:00:80:D1:80:00:00:80:D0:80:89:DA:C0:00:FF:FF:00:00:00:AB:10:45:46]
[53:48:DA:00:C8:05:41:00:00:80:D3:00:00:00:80:8B:80:00:00:80:D2:40:00:00:80:D1:C0:00:00:80:D2:80:00:00:80:D1:00:00:00:80:D0:80:00:00:80:D2:C0:00:00:80:D0:C0:00:00:80:D1:40:00:00:80:D0:40:00:00:80:D1:80:00:00:80:D2:40:00:00:80:D3:C0:00:00:80:C1:40:00:00:80:CF:40:00:00:80:D1:40:00:00:80:D3:80:00:00:80:C4:80:00:00:80:D0:40:89:E2:00:00:FF:FF:00:00:00:AB:10:45:46]
[53:48:DA:00:C8:05:42:00:00:80:D1:40:00:00:80:D2:40:00:00:80:D1:00:00:00:80:CE:40:00:00:80:D1:40:00:00:80:D3:C0:00:00:80:D2:C0:00:00:80:CF:00:00:00:80:D4:80:00:00:80:CE:C0:00:00:80:D0:80:00:00:80:D0:40:00:00:80:D1:C0:00:00:80:D3:80:00:00:80:D2:40:00:00:80:D0:C0:00:00:80:CF:80:00:00:80:CF:80:00:00:80:D0:80:00:00:80:D3:40:89:E7:00:00:FF:FF:00:00:00:AB:10:45:46]
[53:48:DA:00:C8:05:43:00:00:80:6A:80:00:00:80:C6:80:00:00:80:C6:80:00:00:80:D0:C0:00:00:80:D0:C0:00:00:80:D0:C0:00:00:80:D0:80:00:00:80:D3:C0:00:00:80:D3:C0:00:00:80:D3:00:00:00:80:D4:40:00:00:80:D2:40:00:00:80:D1:80:00:00:80:D5:00:00:00:80:D2:80:00:00:80:D7:80:00:00:80:D0:00:00:00:80:D1:40:00:00:80:D0:C0:00:00:80:D1:00:89:DA:C0:00:FF:FF:00:00:00:AB:10:45:46]
[53:48:DA:00:C8:05:44:00:00:80:CE:00:00:00:80:D2:C0:00:00:80:CF:80:00:00:80:D1:00:00:00:80:D0:40:00:00:80:CA:C0:00:00:80:CD:C0:00:00:80:D1:40:00:00:80:D3:40:00:00:80:CF:80:00:00:80:D2:40:00:00:80:D1:80:00:00:80:D1:80:00:00:80:D1:40:00:00:80:D2:00:00:00:80:D3:40:00:00:80:CD:80:00:00:80:D0:00:00:00:80:D1:C0:00:00:80:D2:00:89:D7:80:00:FF:FF:00:00:00:AB:10:45:46]
[53:48:DA:00:C8:05:45:00:00:80:CE:C0:00:00:80:CC:00:00:00:80:CE:80:00:00:80:D2:C0:00:00:80:CF:C0:00:00:80:D1:40:00:00:80:D2:00:00:00:80:D0:00:00:00:80:CE:00:00:00:80:CD:80:00:00:80:CD:40:00:00:80:D0:40:00:00:80:CF:80:00:00:80:CF:40:00:00:80:D0:40:00:00:80:D0:80:00:00:80:D3:00:00:00:80:D0:80:00:00:80:D1:00:00:00:80:D1:00:89:F1:80:00:FF:FF:00:00:00:AB:10:45:46]
[53:48:DA:00:C8:05:46:00:00:80:D2:40:00:00:80:CE:C0:00:00:80:CF:40:00:00:80:D2:80:00:00:80:CF:C0:00:00:80:C3:80:00:00:80:D0:40:00:00:80:D0:00:00:00:80:D0:80:00:00:80:D1:C0:00:00:80:D1:00:00:00:80:D1:40:00:00:80:D0:80:00:00:80:BC:C0:00:00:80:D1:00:00:00:80:D2:C0:00:00:80:CF:40:00:00:80:CE:C0:00:00:80:D1:80:00:00:80:88:00:89:E2:00:00:FF:FF:00:00:00:AB:10:45:46]
[53:48:DA:00:C8:05:47:00:00:80:CF:80:00:00:80:CE:C0:00:00:80:CF:40:00:00:80:D3:40:00:00:80:D3:00:00:00:80:D0:40:00:00:80:D1:00:00:00:80:D2:00:00:00:80:D2:40:00:00:80:CE:C0:00:00:80:CE:C0:00:00:80:D2:00:00:00:80:D1:00:00:00:80:D0:80:00:00:80:D0:40:00:00:80:D1:00:00:00:80:D1:40:00:00:80:C8:40:00:00:80:D0:80:00:00:80:D0:C0:89:DD:C0:00:FF:FF:00:00:00:AB:10:45:46]
[53:48:DA:00:C8:05:48:00:00:80:D1:00:00:00:80:D3:40:00:00:80:D3:40:00:00:80:CF:C0:00:00:80:CE:C0:00:00:80:D0:00:00:00:80:CF:40:00:00:80:D0:00:00:00:80:D3:40:00:00:80:CF:C0:00:00:80:D0:40:00:00:80:D0:C0:00:00:80:CF:40:00:00:80:CD:C0:00:00:80:D0:40:00:00:80:D0:80:00:00:80:D2:80:00:00:80:D1:80:00:00:80:9F:40:00:00:80:CF:C0:89:E3:00:00:FF:FF:00:00:00:AB:10:45:46]
[53:48:DA:00:C8:05:49:00:00:80:C4:80:00:00:80:C4:C0:00:00:80:D2:80:00:00:80:D3:80:00:00:80:CF:40:00:00:80:D0:40:00:00:80:CD:80:00:00:80:CF:C0:00:00:80:D2:80:00:00:80:CF:80:00:00:80:CF:80:00:00:80:D3:00:00:00:80:CE:C0:00:00:80:D2:40:00:00:80:D2:40:00:00:80:CF:00:00:00:80:D1:C0:00:00:80:D0:00:00:00:80:D4:C0:00:00:80:D2:40:89:DD:C0:00:FF:FF:00:00:00:AB:10:45:46]
[53:48:DA:00:C8:05:4A:00:00:80:D2:40:00:00:80:D0:40:00:00:80:D1:40:00:00:80:D0:00:00:00:80:C4:00:00:00:80:D4:00:00:00:80:D0:80:00:00:80:CE:C0:00:00:80:D1:80:00:00:80:D1:00:00:00:80:CF:00:00:00:80:D0:80:00:00:80:CF:40:00:00:80:CF:C0:00:00:80:CC:C0:00:00:80:D2:C0:00:00:80:D0:00:00:00:80:CF:40:00:00:80:D0:00:00:00:80:D0:00:89:DC:C0:00:FF:FF:00:00:00:AB:10:45:46]
[53:48:DA:00:C8:05:4B:00:00:80:CE:40:00:00:80:D2:00:00:00:80:D1:00:00:00:80:D1:C0:00:00:80:CD:40:00:00:80:CE:00:00:00:80:D1:40:00:00:80:CF:40:00:00:80:C5:00:00:00:80:D2:40:00:00:80:CE:40:00:00:80:D0:C0:00:00:80:D1:C0:00:00:80:D1:00:00:00:80:CE:80:00:00:80:D3:40:00:00:80:CD:80:00:00:80:D1:C0:00:00:80:D1:C0:00:00:80:D0:40:89:E8:40:00:FF:FF:00:00:00:AB:10:45:46]
[53:48:DA:00:C8:05:4C:00:00:80:D1:80:00:00:80:D1:00:00:00:80:CD:C0:00:00:80:CC:40:00:00:80:D2:40:00:00:80:D1:00:00:00:80:D0:40:00:00:80:D0:C0:00:00:80:CC:C0:00:00:80:D1:80:00:00:80:D1:80:00:00:80:D3:C0:00:00:80:C8:C0:00:00:80:D2:00:00:00:80:CF:00:00:00:80:D1:00:00:00:80:CF:C0:00:00:80:CF:C0:00:00:80:D1:80:00:00:80:D1:00:89:E1:00:00:FF:FF:00:00:00:AB:10:45:46]
[53:48:DA:00:C8:05:4D:00:00:80:D0:C0:00:00:80:CF:40:00:00:80:CF:00:00:00:80:CB:40:00:00:80:CE:80:00:00:80:D0:00:00:00:80:D1:40:00:00:80:D2:80:00:00:80:CF:80:00:00:80:D0:00:00:00:80:D2:00:00:00:80:CE:40:00:00:80:CE:80:00:00:80:D1:00:00:00:80:D0:80:00:00:80:CD:40:00:00:80:CC:C0:00:00:80:D5:00:00:00:80:D1:80:00:00:80:CF:80:89:ED:40:00:FF:FF:00:00:00:AB:10:45:46]
[53:48:DA:00:C8:05:4E:00:00:80:D0:80:00:00:80:D1:00:00:00:80:D2:40:00:00:80:CC:40:00:00:80:D0:00:00:00:80:D0:40:00:00:80:CF:00:00:00:80:D1:00:00:00:80:CF:80:00:00:80:D0:C0:00:00:80:D5:40:00:00:80:D0:00:00:00:80:CE:80:00:00:80:D2:80:00:00:80:D2:80:00:00:80:D0:C0:00:00:80:CF:00:00:00:80:D1:80:00:00:80:CF:00:00:00:80:D0:80:89:DB:C0:00:FF:FF:00:00:00:AB:10:45:46]
[53:48:DA:00:C8:05:4F:00:00:80:D1:40:00:00:80:D1:00:00:00:80:CD:80:00:00:80:D1:00:00:00:80:D4:00:00:00:80:CF:40:00:00:80:D1:40:00:00:80:CC:40:00:00:80:D1:00:00:00:80:D2:00:00:00:80:CF:40:00:00:80:CE:80:00:00:80:D1:40:00:00:80:C6:C0:00:00:80:C7:80:00:00:80:D2:00:00:00:80:D0:00:00:00:80:CF:00:00:00:80:D1:00:00:00:80:CE:C0:89:F1:80:00:FF:FF:00:00:00:AB:10:45:46]
[53:48:DA:00:C8:05:50:00:00:80:CF:80:00:00:80:D1:40:00:00:80:CF:C0:00:00:80:C0:00:00:00:80:C8:80:00:00:80:CF:40:00:00:80:D0:C0:00:00:80:D1:C0:00:00:80:CF:00:00:00:80:CF:C0:00:00:80:CD:40:00:00:80:CF:C0:00:00:80:D1:C0:00:00:80:CE:C0:00:00:80:CE:80:00:00:80:CC:C0:00:00:80:D1:80:00:00:80:CF:80:00:00:80:D2:80:00:00:80:CD:80:89:D7:80:00:FF:FF:00:00:00:AB:10:45:46]
[53:48:DA:00:C8:05:51:00:00:80:D0:00:00:00:80:CA:40:00:00:80:D2:00:00:00:80:D0:40:00:00:80:D1:80:00:00:80:D1:00:00:00:80:D0:40:00:00:80:C3:80:00:00:80:CF:C0:00:00:80:CE:40:00:00:80:D2:80:00:00:80:CE:40:00:00:80:CD:40:00:00:80:BD:00:00:00:80:CE:00:00:00:80:CF:40:00:00:80:D1:80:00:00:80:D1:80:00:00:80:CF:C0:00:00:80:CD:80:89:F1:80:00:FF:FF:00:00:00:AB:10:45:46]
[53:48:DA:00:C8:05:52:00:00:80:CD:C0:00:00:80:CF:C0:00:00:80:D0:00:00:00:80:CF:00:00:00:80:D0:80:00:00:80:D0:80:00:00:80:D0:40:00:00:80:D1:40:00:00:80:D0:00:00:00:80:D1:40:00:00:80:CE:80:00:00:80:C5:80:00:00:80:D2:00:00:00:80:D0:00:00:00:80:D2:00:00:00:80:CC:C0:00:00:80:CE:C0:00:00:80:CB:40:00:00:80:CD:80:00:00:80:CE:40:89:F7:C0:00:FF:FF:00:00:00:AB:10:45:46]
[53:48:DA:00:C8:05:53:00:00:80:CB:00:00:00:80:D2:C0:00:00:80:D0:00:00:00:80:D1:40:00:00:80:D3:00:00:00:80:CD:00:00:00:80:D1:C0:00:00:80:D1:80:00:00:80:CF:00:00:00:80:D1:80:00:00:80:CF:00:00:00:80:D0:80:00:00:80:AD:C0:00:00:80:CE:80:00:00:80:CF:40:00:00:80:C7:40:00:00:80:D0:40:00:00:80:CF:C0:00:00:80:D2:00:00:00:80:D0:C0:89:D3:80:00:FF:FF:00:00:00:AB:10:45:46]
[53:48:DA:00:C8:05:54:00:00:80:CF:C0:00:00:80:D4:C0:00:00:80:D2:40:00:00:80:D0:40:00:00:80:CC:40:00:00:80:CE:C0:00:00:80:D0:C0:00:00:80:CF:40:00:00:80:CE:40:00:00:80:D1:80:00:00:80:D5:40:00:00:80:CE:80:00:00:80:CE:C0:00:00:80:CD:40:00:00:80:D0:00:00:00:80:CB:00:00:00:80:CF:40:00:00:80:CE:80:00:00:80:D3:C0:00:00:80:C8:80:89:DD:C0:00:FF:FF:00:00:00:AB:10:45:46]
[53:48:DA:00:C8:05:55:00:00:80:D1:40:00:00:80:CE:00:00:00:80:D1:80:00:00:80:CF:80:00:00:80:D2:C0:00:00:80:D3:C0:00:00:80:D0:C0:00:00:80:CF:80:00:00:80:CF:00:00:00:80:CF:40:00:00:80:CF:80:00:00:80:9F:C0:00:00:80:CE:00:00:00:80:CE:80:00:00:80:D1:80:00:00:80:D2:00:00:00:80:CE:80:00:00:80:D2:00:00:00:80:D0:80:00:00:80:CD:80:8A:02:00:00:FF:FF:00:00:00:AB:10:45:46]
[53:48:DA:00:C8:05:56:00:00:80:D0:C0:00:00:80:D2:00:00:00:80:CE:00:00:00:80:CD:80:00:00:80:CE:80:00:00:80:CE:80:00:00:80:D0:00:00:00:80:D1:00:00:00:80:D2:80:00:00:80:CD:80:00:00:80:CE:C0:00:00:80:D2:00:00:00:80:D1:80:00:00:80:CF:00:00:00:80:D0:C0:00:00:80:CD:40:00:00:80:D0:00:00:00:80:CF:80:00:00:80:D1:40:00:00:80:CB:40:89:EE:40:00:FF:FF:00:00:00:AB:10:45:46]
[53:48:DA:00:C8:05:57:00:00:80:CE:00:00:00:80:D1:80:00:00:80:D0:C0:00:00:80:D0:C0:00:00:80:CC:C0:00:00:80:CF:40:00:00:80:D3:00:00:00:80:CE:40:00:00:80:D0:80:00:00:80:CE:C0:00:00:80:B8:C0:00:00:80:D3:00:00:00:80:CF:00:00:00:80:D3:00:00:00:80:C9:C0:00:00:80:D0:80:00:00:80:CB:80:00:00:80:CE:00:00:00:80:CD:C0:00:00:80:CE:80:89:F5:80:00:FF:FF:00:00:00:AB:10:45:46]
[53:48:DA:00:C8:05:58:00:00:80:D0:C0:00:00:80:D0:00:00:00:80:CE:C0:00:00:80:D1:C0:00:00:80:D3:00:00:00:80:CF:00:00:00:80:D2:80:00:00:80:D0:40:00:00:80:CF:00:00:00:80:D1:00:00:00:80:C0:80:00:00:80:C9:00:00:00:80:D0:00:00:00:80:CF:40:00:00:80:CC:40:00:00:80:CE:00:00:00:80:CE:00:00:00:80:D1:80:00:00:80:CA:40:00:00:80:D1:40:89:E8:40:00:FF:FF:00:00:00:AB:10:45:46]
[53:48:DA:00:C8:05:59:00:00:80:D0:00:00:00:80:CF:80:00:00:80:D0:80:00:00:80:CE:C0:00:00:80:CF:40:00:00:80:D0:00:00:00:80:CE:40:00:00:80:CE:80:00:00:80:CF:40:00:00:80:A5:40:00:00:80:D0:C0:00:00:80:CF:40:00:00:80:C9:40:00:00:80:CF:80:00:00:80:C1:80:00:00:80:D0:C0:00:00:80:D0:80:00:00:80:CD:C0:00:00:80:D0:C0:00:00:80:D3:40:89:F9:C0:00:FF:FF:00:00:00:AB:10:45:46]
[53:48:DA:00:C8:05:5A:00:00:80:D0:80:00:00:80:D1:00:00:00:80:D0:80:00:00:80:CF:80:00:00:80:CF:00:00:00:80:CE:80:00:00:80:CB:C0:00:00:80:CC:80:00:00:80:D2:C0:00:00:80:D0:00:00:00:80:D1:C0:00:00:80:CC:00:00:00:80:CE:40:00:00:80:CD:C0:00:00:80:CF:40:00:00:80:D0:00:00:00:80:D3:C0:00:00:80:CD:00:00:00:80:CF:C0:00:00:80:D0:80:8A:02:00:00:FF:FF:00:00:00:AB:10:45:46]
[53:48:DA:00:C8:05:5B:00:00:80:CF:80:00:00:80:D1:40:00:00:80:D0:00:00:00:80:CF:C0:00:00:80:D2:40:00:00:80:D2:40:00:00:80:CF:00:00:00:80:D2:00:00:00:80:B5:00:00:00:80:CF:80:00:00:80:D0:C0:00:00:80:CE:00:00:00:80:D0:00:00:00:80:D4:00:00:00:80:D2:00:00:00:80:D0:C0:00:00:80:CF:C0:00:00:80:CF:40:00:00:80:D0:C0:00:00:80:CE:C0:89:ED:40:00:FF:FF:00:00:00:AB:10:45:46]
[53:48:DA:00:C8:05:5C:00:00:80:CE:80:00:00:80:CA:00:00:00:80:CA:40:00:00:80:CF:C0:00:00:80:CF:40:00:00:80:CE:C0:00:00:80:CA:C0:00:00:80:D1:40:00:00:80:CF:80:00:00:80:D0:80:00:00:80:CF:40:00:00:80:CE:80:00:00:80:D0:40:00:00:80:CF:40:00:00:80:D2:00:00:00:80:CE:80:00:00:80:CC:40:00:00:80:D2:40:00:00:80:D0:00:00:00:80:D0:80:89:EB:40:00:FF:FF:00:00:00:AB:10:45:46]
[53:48:DA:00:C8:05:5D:00:00:80:CE:C0:00:00:80:D0:40:00:00:80:CF:40:00:00:80:D0:C0:00:00:80:CC:C0:00:00:80:CA:C0:00:00:80:CE:C0:00:00:80:B0:C0:00:00:80:CF:40:00:00:80:D1:C0:00:00:80:D0:C0:00:00:80:CF:C0:00:00:80:CF:00:00:00:80:CD:40:00:00:80:D0:C0:00:00:80:D0:00:00:00:80:D0:80:00:00:80:D1:40:00:00:80:CF:00:00:00:80:D0:00:8A:07:40:00:FF:FF:00:00:00:AB:10:45:46]
[53:48:DA:00:C8:05:5E:00:00:80:D0:80:00:00:80:D0:80:00:00:80:D0:80:00:00:80:D0:00:00:00:80:D3:40:00:00:80:CE:C0:00:00:80:CE:00:00:00:80:CD:80:00:00:80:CE:C0:00:00:80:CA:40:00:00:80:D1:C0:00:00:80:D2:40:00:00:80:D1:80:00:00:80:CD:C0:00:00:80:CF:C0:00:00:80:CD:00:00:00:80:D0:80:00:00:80:CE:C0:00:00:80:D0:40:00:00:80:CF:40:89:F1:80:00:FF:FF:00:00:00:AB:10:45:46]
[53:48:DA:00:C8:05:5F:00:00:80:CF:40:00:00:80:CE:00:00:00:80:CE:C0:00:00:80:D0:00:00:00:80:CE:00:00:00:80:D0:00:00:00:80:AF:C0:00:00:80:D0:40:00:00:80:CE:40:00:00:80:CE:80:00:00:80:D0:80:00:00:80:D2:00:00:00:80:CF:00:00:00:80:CE:40:00:00:80:D0:40:00:00:80:CF:80:00:00:80:CE:40:00:00:80:D0:80:00:00:80:D1:00:00:00:80:CF:00:89:EF:80:00:FF:FF:00:00:00:AB:10:45:46]
[53:48:DA:00:C8:05:60:00:00:80:D0:00:00:00:80:D4:C0:00:00:80:CE:C0:00:00:80:D0:C0:00:00:80:CE:40:00:00:80:CE:C0:00:00:80:CE:40:00:00:80:D0:80:00:00:80:CF:80:00:00:80:D2:00:00:00:80:D0:80:00:00:80:D0:C0:00:00:80:D0:00:00:00:80:CE:40:00:00:80:CC:C0:00:00:80:D0:80:00:00:80:D1:40:00:00:80:BF:C0:00:00:80:CE:80:00:00:80:D1:40:89:F5:80:00:FF:FF:00:00:00:AB:10:45:46]
[53:48:DA:00:C8:05:61:00:00:80:D1:80:00:00:80:D1:00:00:00:80:CF:40:00:00:80:CF:80:00:00:80:D1:80:00:00:80:B2:80:00:00:80:CA:00:00:00:80:D1:00:00:00:80:D2:40:00:00:80:D1:C0:00:00:80:CD:C0:00:00:80:CF:00:00:00:80:D3:80:00:00:80:D1:00:00:00:80:D2:C0:00:00:80:D1:40:00:00:80:D0:C0:00:00:80:D1:C0:00:00:80:D0:C0:00:00:80:CF:C0:89:ED:40:00:FF:FF:00:00:00:AB:10:45:46]
[53:48:DA:00:C8:05:62:00:00:80:C6:00:00:00:80:CC:40:00:00:80:CE:C0:00:00:80:D0:C0:00:00:80:D1:40:00:00:80:CE:40:00:00:80:D4:00:00:00:80:CD:00:00:00:80:D1:C0:00:00:80:D0:00:00:00:80:D1:40:00:00:80:CF:00:00:00:80:D0:00:00:00:80:CD:40:00:00:80:CD:C0:00:00:80:CF:00:00:00:80:D0:40:00:00:80:D0:00:00:00:80:CF:80:00:00:80:D0:80:89:FA:C0:00:FF:FF:00:00:00:AB:10:45:46]
[53:48:DA:00:C8:05:63:00:00:80:CF:C0:00:00:80:D0:C0:00:00:80:CF:00:00:00:80:CC:C0:00:00:80:9A:80:00:00:80:CE:80:00:00:80:D0:80:00:00:80:D0:40:00:00:80:D2:C0:00:00:80:D0:80:00:00:80:D1:40:00:00:80:CE:C0:00:00:80:CD:80:00:00:80:D1:80:00:00:80:CF:40:00:00:80:CE:C0:00:00:80:CF:40:00:00:80:D1:80:00:00:80:D1:40:00:00:80:CE:C0:89:FF:00:00:FF:FF:00:00:00:AB:10:45:46]
[53:48:DA:00:C8:05:64:00:00:80:D1:00:00:00:80:D2:80:00:00:80:D1:00:00:00:80:D1:C0:00:00:80:D2:C0:00:00:80:CF:40:00:00:80:D0:40:00:00:80:CE:00:00:00:80:C7:00:00:00:80:D1:80:00:00:80:D0:C0:00:00:80:CF:00:00:00:80:CF:C0:00:00:80:CD:C0:00:00:80:CC:00:00:00:80:CE:00:00:00:80:CE:C0:00:00:80:D2:80:00:00:80:CD:40:00:00:80:CE:80:89:F8:C0:00:FF:FF:00:00:00:AB:10:45:46]
[53:48:DA:00:C8:05:65:00:00:80:D2:80:00:00:80:CF:80:00:00:80:D0:80:00:00:80:A8:40:00:00:80:CE:C0:00:00:80:D1:C0:00:00:80:D0:80:00:00:80:D0:00:00:00:80:CB:C0:00:00:80:D1:C0:00:00:80:D2:00:00:00:80:D0:80:00:00:80:CA:C0:00:00:80:CF:40:00:00:80:CF:40:00:00:80:D1:80:00:00:80:D1:C0:00:00:80:CE:00:00:00:80:CE:40:00:00:80:D0:80:8A:07:40:00:FF:FF:00:00:00:AB:10:45:46]
[53:48:DA:00:C8:05:66:00:00:80:D0:00:00:00:80:D2:80:00:00:80:D0:C0:00:00:80:D2:40:00:00:80:D1:00:00:00:80:CF:00:00:00:80:D1:00:00:00:80:D0:80:00:00:80:CF:80:00:00:80:CE:C0:00:00:80:CB:40:00:00:80:CE:C0:00:00:80:CE:40:00:00:80:D2:00:00:00:80:D0:80:00:00:80:D1:C0:00:00:80:CC:C0:00:00:80:D0:80:00:00:80:CF:80:00:00:80:CE:80:8A:01:00:00:FF:FF:00:00:00:AB:10:45:46]
[53:48:DA:00:C8:05:67:00:00:80:CF:C0:00:00:80:D2:00:00:00:80:B0:40:00:00:80:CF:00:00:00:80:D1:40:00:00:80:D2:80:00:00:80:CF:80:00:00:80:D2:C0:00:00:80:CF:40:00:00:80:CE:40:00:00:80:D2:00:00:00:80:D1:00:00:00:80:CF:40:00:00:80:CE:40:00:00:80:D3:80:00:00:80:D2:80:00:00:80:CD:40:00:00:80:D0:40:00:00:80:CF:00:00:00:80:CD:80:8A:04:00:00:FF:FF:00:00:00:AB:10:45:46]
[53:48:DA:00:C8:05:68:00:00:80:D1:40:00:00:80:D0:80:00:00:80:D1:00:00:00:80:CD:40:00:00:80:CF:40:00:00:80:D2:40:00:00:80:D2:80:00:00:80:D1:C0:00:00:80:D0:40:00:00:80:D0:C0:00:00:80:D3:00:00:00:80:D2:40:00:00:80:D1:80:00:00:80:D2:00:00:00:80:CD:C0:00:00:80:CD:40:00:00:80:D2:C0:00:00:80:D1:40:00:00:80:CF:40:00:00:80:D2:00:89:E5:00:00:FF:FF:00:00:00:AB:10:45:46]
[53:48:DA:00:C8:05:69:00:00:80:CF:C0:00:00:80:C6:00:00:00:80:CF:40:00:00:80:C6:C0:00:00:80:CE:40:00:00:80:CE:80:00:00:80:D0:C0:00:00:80:D2:00:00:00:80:D1:00:00:00:80:CC:C0:00:00:80:D1:80:00:00:80:D1:40:00:00:80:CC:80:00:00:80:CC:80:00:00:80:D3:C0:00:00:80:CF:C0:00:00:80:D0:00:00:00:80:CC:80:00:00:80:CC:80:00:00:80:D0:80:89:F0:80:00:FF:FF:00:00:00:AB:10:45:46]
[53:48:DA:00:C8:05:6A:00:00:80:D0:80:00:00:80:D2:80:00:00:80:CD:C0:00:00:80:CF:00:00:00:80:D1:C0:00:00:80:D1:00:00:00:80:CF:80:00:00:80:BE:00:00:00:80:D0:C0:00:00:80:D0:00:00:00:80:D0:00:00:00:80:D0:00:00:00:80:CD:80:00:00:80:CD:C0:00:00:80:CF:40:00:00:80:CD:80:00:00:80:D2:C0:00:00:80:D1:40:00:00:80:D2:00:00:00:80:CC:40:89:F7:C0:00:FF:FF:00:00:00:AB:10:45:46]
[53:48:DA:00:C8:05:6B:00:00:80:C5:00:00:00:80:D3:00:00:00:80:D1:00:00:00:80:CD:00:00:00:80:D2:00:00:00:80:D1:80:00:00:80:CF:80:00:00:80:D1:40:00:00:80:D0:40:00:00:80:D2:80:00:00:80:D0:C0:00:00:80:C3:00:00:00:80:CF:00:00:00:80:CE:C0:00:00:80:D0:00:00:00:80:CF:80:00:00:80:CF:C0:00:00:80:CD:40:00:00:80:CF:40:00:00:80:CC:40:89:EA:40:00:FF:FF:00:00:00:AB:10:45:46]
[53:48:DA:00:C8:05:6C:00:00:80:CF:80:00:00:80:D0:C0:00:00:80:CF:80:00:00:80:D2:80:00:00:80:D1:00:00:00:80:D0:00:00:00:80:CF:40:00:00:80:CF:40:00:00:80:CF:C0:00:00:80:D1:80:00:00:80:D1:80:00:00:80:CD:80:00:00:80:CD:C0:00:00:80:CE:80:00:00:80:D2:C0:00:00:80:C6:00:00:00:80:CF:00:00:00:80:D1:C0:00:00:80:CF:40:00:00:80:D1:80:8A:10:80:00:FF:FF:00:00:00:AB:10:45:46]
[53:48:DA:00:C8:05:6D:00:00:80:D1:00:00:00:80:D0:00:00:00:80:CD:00:00:00:80:D2:40:00:00:80:CD:C0:00:00:80:D2:00:00:00:80:CF:80:00:00:80:D0:00:00:00:80:D0:C0:00:00:80:D0:00:00:00:80:D1:00:00:00:80:D0:40:00:00:80:D0:00:00:00:80:CE:80:00:00:80:CB:40:00:00:80:CB:00:00:00:80:CC:80:00:00:80:D1:40:00:00:80:CE:80:00:00:80:C3:40:8A:00:00:00:FF:FF:00:00:00:AB:10:45:46]
[53:48:DA:00:C8:05:6E:00:00:80:D1:40:00:00:80:CA:40:00:00:80:CC:80:00:00:80:D1:80:00:00:80:D0:C0:00:00:80:CB:C0:00:00:80:CE:C0:00:00:80:D0:C0:00:00:80:CF:80:00:00:80:D0:00:00:00:80:D1:C0:00:00:80:D2:00:00:00:80:CE:00:00:00:80:D2:00:00:00:80:CF:00:00:00:80:D1:C0:00:00:80:D0:80:00:00:80:D1:C0:00:00:80:CF:80:00:00:80:D1:00:8A:04:00:00:FF:FF:00:00:00:AB:10:45:46]
[53:48:DA:00:C8:05:6F:00:00:80:CB:40:00:00:80:D5:80:00:00:80:CA:00:00:00:80:CC:00:00:00:80:D0:40:00:00:80:CF:40:00:00:80:CE:80:00:00:80:D0:40:00:00:80:CF:00:00:00:80:D0:00:00:00:80:D0:C0:00:00:80:D0:00:00:00:80:D0:40:00:00:80:CE:C0:00:00:80:D2:C0:00:00:80:CD:40:00:00:80:D0:40:00:00:80:CF:C0:00:00:80:CF:40:00:00:80:D0:00:89:E5:00:00:FF:FF:00:00:00:AB:10:45:46]
[53:48:DA:00:C8:05:70:00:00:80:CF:C0:00:00:80:D2:40:00:00:80:D3:00:00:00:80:CE:C0:00:00:80:D4:C0:00:00:80:CF:80:00:00:80:CA:80:00:00:80:D3:C0:00:00:80:CE:40:00:00:80:D2:00:00:00:80:CC:40:00:00:80:D0:C0:00:00:80:CE:C0:00:00:80:D2:00:00:00:80:D2:40:00:00:80:D0:80:00:00:80:D0:00:00:00:80:D0:80:00:00:80:CA:80:00:00:80:D1:C0:89:F4:80:00:FF:FF:00:00:00:AB:10:45:46]
[53:48:DA:00:C8:05:71:00:00:80:CF:80:00:00:80:CF:80:00:00:80:D0:40:00:00:80:D0:80:00:00:80:CD:80:00:00:80:CD:C0:00:00:80:CF:40:00:00:80:D1:40:00:00:80:CD:C0:00:00:80:CF:00:00:00:80:CC:C0:00:00:80:D0:00:00:00:80:D3:C0:00:00:80:D2:80:00:00:80:CE:00:00:00:80:CF:00:00:00:80:D3:00:00:00:80:C8:40:00:00:80:CE:80:00:00:80:D0:80:89:F6:C0:00:FF:FF:00:00:00:AB:10:45:46]
[53:48:DA:00:C8:05:05:00:00:80:CF:40:00:00:80:CD:00:00:00:80:D0:80:00:00:80:D0:C0:00:00:80:D0:80:00:00:80:D0:80:00:00:80:98:00:00:00:80:D2:00:00:00:80:CE:40:00:00:80:CE:C0:00:00:80:CE:80:00:00:80:CF:00:00:00:80:D2:00:00:00:80:D2:40:00:00:80:CF:C0:00:00:80:CE:C0:00:00:80:D0:00:00:00:80:D0:80:00:00:80:D1:00:00:00:80:CA:00:89:E3:00:00:FF:FF:00:00:00:AB:10:45:46]
[53:48:DA:00:C8:05:06:00:00:80:CE:40:00:00:80:CF:00:00:00:80:CF:00:00:00:80:CF:00:00:00:80:CF:C0:00:00:80:CD:80:00:00:80:CE:80:00:00:80:CF:00:00:00:80:D0:C0:00:00:80:D0:80:00:00:80:C7:40:00:00:80:CF:C0:00:00:80:CE:00:00:00:80:D0:40:00:00:80:CE:C0:00:00:80:D2:00:00:00:80:C0:00:00:00:80:CC:80:00:00:80:CF:00:00:00:80:CC:C0:89:FA:C0:00:FF:FF:00:00:00:AB:10:45:46]
[53:48:DA:00:C8:05:07:00:00:80:D1:C0:00:00:80:D1:C0:00:00:80:CF:40:00:00:80:D0:00:00:00:80:D1:40:00:00:80:9A:80:00:00:80:CE:00:00:00:80:D4:80:00:00:80:D1:00:00:00:80:CE:C0:00:00:80:CE:C0:00:00:80:D1:00:00:00:80:D2:C0:00:00:80:CE:C0:00:00:80:CE:C0:00:00:80:C8:40:00:00:80:CF:40:00:00:80:C6:C0:00:00:80:CE:00:00:00:80:D0:00:89:EC:40:00:FF:FF:00:00:00:AB:10:45:46]
[53:48:DA:00:C8:05:08:00:00:80:D1:40:00:00:80:D1:00:00:00:80:CE:40:00:00:80:CF:C0:00:00:80:D0:40:00:00:80:CA:80:00:00:80:CB:40:00:00:80:D0:00:00:00:80:D2:C0:00:00:80:D0:40:00:00:80:CE:80:00:00:80:CD:40:00:00:80:CF:00:00:00:80:CD:C0:00:00:80:CF:00:00:00:80:D4:00:00:00:80:D2:C0:00:00:80:D1:40:00:00:80:CF:C0:00:00:80:D2:40:89:F3:80:00:FF:FF:00:00:00:AB:10:45:46]
[53:48:DA:00:C8:05:09:00:00:80:D0:00:00:00:80:CE:80:00:00:80:CF:00:00:00:80:D1:40:00:00:80:6F:40:00:00:80:D0:80:00:00:80:CF:80:00:00:80:D3:80:00:00:80:D3:00:00:00:80:D2:00:00:00:80:D2:00:00:00:80:D0:40:00:00:80:CC:C0:00:00:80:D0:C0:00:00:80:CF:00:00:00:80:CD:C0:00:00:80:D1:80:00:00:80:D0:40:00:00:80:CF:00:00:00:80:CF:00:89:F6:C0:00:FF:FF:00:00:00:AB:10:45:46]
[53:48:DA:00:C8:05:0A:00:00:80:D1:80:00:00:80:D1:40:00:00:80:D1:80:00:00:80:CB:C0:00:00:80:D2:C0:00:00:80:D4:40:00:00:80:D0:40:00:00:80:D1:00:00:00:80:D1:C0:00:00:80:D2:00:00:00:80:D2:00:00:00:80:BE:C0:00:00:80:CF:80:00:00:80:D3:40:00:00:80:D1:00:00:00:80:CD:00:00:00:80:C9:40:00:00:80:CF:80:00:00:80:CF:00:00:00:80:D1:80:8A:03:00:00:FF:FF:00:00:00:AB:10:45:46]
[53:48:DA:00:C8:05:0B:00:00:80:D0:40:00:00:80:CD:C0:00:00:80:CA:40:00:00:80:68:C0:00:00:80:CE:40:00:00:80:CF:C0:00:00:80:CD:C0:00:00:80:D1:00:00:00:80:CF:C0:00:00:80:CF:80:00:00:80:CF:00:00:00:80:CD:80:00:00:80:CF:80:00:00:80:D2:80:00:00:80:D3:00:00:00:80:D2:40:00:00:80:D0:C0:00:00:80:D1:40:00:00:80:D0:C0:00:00:80:CF:40:8A:0A:40:00:FF:FF:00:00:00:AB:10:45:46]
[53:48:DA:00:C8:05:0C:00:00:80:CF:80:00:00:80:CE:C0:00:00:80:D0:C0:00:00:80:D1:40:00:00:80:CD:C0:00:00:80:D1:80:00:00:80:CD:80:00:00:80:CF:40:00:00:80:D0:40:00:00:80:D1:00:00:00:80:D1:00:00:00:80:D1:C0:00:00:80:D0:80:00:00:80:D0:00:00:00:80:D0:40:00:00:80:D0:00:00:00:80:D3:C0:00:00:80:D0:C0:00:00:80:D0:80:00:00:80:CF:80:89:FF:00:00:FF:FF:00:00:00:AB:10:45:46]
[53:48:DA:00:C8:05:0D:00:00:80:D0:00:00:00:80:D1:00:00:00:80:80:C0:00:00:80:D0:80:00:00:80:D1:00:00:00:80:C8:C0:00:00:80:D0:40:00:00:80:CE:C0:00:00:80:CF:40:00:00:80:C8:80:00:00:80:CD:00:00:00:80:D0:40:00:00:80:CE:C0:00:00:80:CF:C0:00:00:80:D2:40:00:00:80:D1:C0:00:00:80:D1:00:00:00:80:D1:00:00:00:80:CE:80:00:00:80:D1:40:8A:0E:80:00:FF:FF:00:00:00:AB:10:45:46]
[53:48:DA:00:C8:05:0E:00:00:80:D0:C0:00:00:80:CF:80:00:00:80:D1:80:00:00:80:C9:00:00:00:80:D2:C0:00:00:80:D1:40:00:00:80:CC:C0:00:00:80:CF:80:00:00:80:D2:40:00:00:80:CE:40:00:00:80:CE:80:00:00:80:CD:00:00:00:80:CD:40:00:00:80:D0:40:00:00:80:D4:80:00:00:80:CD:80:00:00:80:D1:C0:00:00:80:CF:C0:00:00:80:D0:00:00:00:80:CF:40:89:F3:80:00:FF:FF:00:00:00:AB:10:45:46]
[53:48:DA:00:C8:05:0F:00:00:80:CE:80:00:00:80:9A:C0:00:00:80:CF:00:00:00:80:D0:C0:00:00:80:D1:40:00:00:80:D2:40:00:00:80:D1:40:00:00:80:D2:40:00:00:80:D2:C0:00:00:80:D0:C0:00:00:80:D0:40:00:00:80:CF:00:00:00:80:D1:00:00:00:80:D2:80:00:00:80:CE:40:00:00:80:D1:80:00:00:80:D0:C0:00:00:80:CD:C0:00:00:80:CF:00:00:00:80:CF:80:8A:14:C0:00:FF:FF:00:00:00:AB:10:45:46]
[53:48:DA:00:C8:05:10:00:00:80:D1:80:00:00:80:CA:80:00:00:80:D0:40:00:00:80:CF:C0:00:00:80:D0:00:00:00:80:D2:80:00:00:80:CD:40:00:00:80:CD:40:00:00:80:CD:80:00:00:80:CE:C0:00:00:80:D1:C0:00:00:80:D0:00:00:00:80:CF:00:00:00:80:CF:C0:00:00:80:CE:40:00:00:80:D2:80:00:00:80:CF:80:00:00:80:CF:40:00:00:80:CE:80:00:00:80:D2:00:8A:18:C0:00:FF:FF:00:00:00:AB:10:45:46]
[53:48:DA:00:C8:05:11:00:00:80:BF:80:00:00:80:CE:C0:00:00:80:CE:C0:00:00:80:D1:C0:00:00:80:D0:00:00:00:80:D1:80:00:00:80:CF:00:00:00:80:D1:80:00:00:80:D1:40:00:00:80:D1:00:00:00:80:D0:40:00:00:80:CE:C0:00:00:80:D2:00:00:00:80:CF:00:00:00:80:CF:80:00:00:80:CE:00:00:00:80:D0:80:00:00:80:D0:40:00:00:80:CC:C0:00:00:80:CF:40:8A:21:00:00:FF:FF:00:00:00:AB:10:45:46]
[53:48:DA:00:C8:05:12:00:00:80:CF:40:00:00:80:CF:00:00:00:80:D0:C0:00:00:80:D1:80:00:00:80:CF:00:00:00:80:CB:C0:00:00:80:D2:00:00:00:80:D2:00:00:00:80:CA:C0:00:00:80:D3:80:00:00:80:D0:80:00:00:80:D2:80:00:00:80:CE:80:00:00:80:D0:80:00:00:80:CE:80:00:00:80:D3:00:00:00:80:CC:40:00:00:80:D0:40:00:00:80:CE:C0:00:00:80:CF:80:8A:04:00:00:FF:FF:00:00:00:AB:10:45:46]
[53:48:DA:00:C8:05:13:00:00:80:D0:80:00:00:80:D3:80:00:00:80:D2:40:00:00:80:CE:80:00:00:80:D2:40:00:00:80:D0:00:00:00:80:D0:C0:00:00:80:CC:80:00:00:80:D2:80:00:00:80:CE:00:00:00:80:D1:80:00:00:80:D0:00:00:00:80:D1:00:00:00:80:CC:C0:00:00:80:D1:C0:00:00:80:CF:00:00:00:80:D1:80:00:00:80:D0:C0:00:00:80:D0:40:00:00:80:D0:C0:8A:0B:40:00:FF:FF:00:00:00:AB:10:45:46]
[53:48:DA:00:C8:05:14:00:00:80:D1:00:00:00:80:D3:00:00:00:80:D0:80:00:00:80:CE:C0:00:00:80:D0:80:00:00:80:CF:00:00:00:80:CE:C0:00:00:80:CE:40:00:00:80:CF:C0:00:00:80:CF:80:00:00:80:D0:00:00:00:80:D1:40:00:00:80:D0:40:00:00:80:C9:C0:00:00:80:CC:40:00:00:80:D0:C0:00:00:80:D0:C0:00:00:80:CC:C0:00:00:80:CF:80:00:00:80:D1:80:8A:18:C0:00:FF:FF:00:00:00:AB:10:45:46]
[53:48:DA:00:C8:05:15:00:00:80:CD:80:00:00:80:D1:00:00:00:80:D0:40:00:00:80:D2:40:00:00:80:D0:00:00:00:80:D0:80:00:00:80:CE:C0:00:00:80:D3:00:00:00:80:CF:40:00:00:80:D1:00:00:00:80:D0:00:00:00:80:D2:00:00:00:80:CF:C0:00:00:80:D2:00:00:00:80:D4:00:00:00:80:CD:80:00:00:80:D2:40:00:00:80:CD:40:00:00:80:C6:80:00:00:80:CF:00:8A:15:C0:00:FF:FF:00:00:00:AB:10:45:46]
[53:48:DA:00:C8:05:16:00:00:80:D2:C0:00:00:80:D0:80:00:00:80:CF:40:00:00:80:CB:80:00:00:80:CE:00:00:00:80:CF:80:00:00:80:CA:80:00:00:80:D1:80:00:00:80:D2:80:00:00:80:D1:00:00:00:80:D4:00:00:00:80:D3:00:00:00:80:D0:80:00:00:80:D4:C0:00:00:80:CF:40:00:00:80:CF:C0:00:00:80:D3:00:00:00:80:CF:00:00:00:80:CE:00:00:00:80:D0:00:8A:12:80:00:FF:FF:00:00:00:AB:10:45:46]
[53:48:DA:00:C8:05:17:00:00:80:CF:40:00:00:80:D0:00:00:00:80:D0:80:00:00:80:D1:40:00:00:80:D2:40:00:00:80:CE:00:00:00:80:CD:80:00:00:80:D1:40:00:00:80:CF:00:00:00:80:C9:40:00:00:80:CF:00:00:00:80:D1:00:00:00:80:CE:C0:00:00:80:CF:80:00:00:80:D1:00:00:00:80:CE:C0:00:00:80:CE:C0:00:00:80:B9:C0:00:00:80:CE:80:00:00:80:D1:80:8A:22:40:00:FF:FF:00:00:00:AB:10:45:46]
[53:48:DA:00:C8:05:18:00:00:80:D0:40:00:00:80:CD:C0:00:00:80:CE:C0:00:00:80:D2:00:00:00:80:C4:00:00:00:80:D1:00:00:00:80:D2:80:00:00:80:D1:00:00:00:80:CF:80:00:00:80:CF:40:00:00:80:D3:00:00:00:80:D0:C0:00:00:80:D2:00:00:00:80:D0:80:00:00:80:D3:40:00:00:80:D0:00:00:00:80:CE:80:00:00:80:CF:00:00:00:80:D0:C0:00:00:80:CE:40:8A:29:80:00:FF:FF:00:00:00:AB:10:45:46]
[53:48:DA:00:C8:05:19:00:00:80:CF:00:00:00:80:D2:40:00:00:80:D0:00:00:00:80:D3:80:00:00:80:D0:C0:00:00:80:CE:80:00:00:80:CD:C0:00:00:80:D1:00:00:00:80:C9:00:00:00:80:D1:00:00:00:80:D2:00:00:00:80:D3:00:00:00:80:D3:80:00:00:80:D1:40:00:00:80:D1:80:00:00:80:CC:00:00:00:80:AC:80:00:00:80:CF:00:00:00:80:CB:00:00:00:80:CE:00:8A:1C:00:00:FF:FF:00:00:00:AB:10:45:46]
[53:48:DA:00:C8:05:1A:00:00:80:CE:C0:00:00:80:CF:00:00:00:80:D0:C0:00:00:80:D1:00:00:00:80:CE:C0:00:00:80:D1:40:00:00:80:CF:C0:00:00:80:CF:80:00:00:80:D1:80:00:00:80:CD:C0:00:00:80:D2:00:00:00:80:CE:00:00:00:80:CD:C0:00:00:80:CF:40:00:00:80:D1:80:00:00:80:D6:C0:00:00:80:D0:40:00:00:80:D3:40:00:00:80:D2:80:00:00:80:D2:00:8A:22:40:00:FF:FF:00:00:00:AB:10:45:46]
[53:48:DA:00:C8:05:1B:00:00:80:D1:80:00:00:80:D3:40:00:00:80:CE:C0:00:00:80:CE:80:00:00:80:D2:C0:00:00:80:D1:40:00:00:80:D3:80:00:00:80:D1:C0:00:00:80:CC:80:00:00:80:D3:80:00:00:80:D1:40:00:00:80:CF:00:00:00:80:D4:80:00:00:80:CD:C0:00:00:80:CD:40:00:00:80:B2:00:00:00:80:D0:00:00:00:80:CF:C0:00:00:80:D0:40:00:00:80:D0:C0:8A:12:80:00:FF:FF:00:00:00:AB:10:45:46]
[53:48:DA:00:C8:05:1C:00:00:80:CE:C0:00:00:80:D2:C0:00:00:80:D0:80:00:00:80:CF:80:00:00:80:D0:40:00:00:80:CF:40:00:00:80:CE:C0:00:00:80:D0:40:00:00:80:D4:00:00:00:80:CE:40:00:00:80:CF:C0:00:00:80:CD:00:00:00:80:D4:00:00:00:80:CE:C0:00:00:80:CF:C0:00:00:80:CF:80:00:00:80:CE:80:00:00:80:D0:40:00:00:80:D0:80:00:00:80:CF:00:8A:32:C0:00:FF:FF:00:00:00:AB:10:45:46]
[53:48:DA:00:C8:05:1D:00:00:80:D0:40:00:00:80:CE:C0:00:00:80:CC:40:00:00:80:CF:80:00:00:80:D0:40:00:00:80:D4:00:00:00:80:D1:C0:00:00:80:D5:00:00:00:80:CE:40:00:00:80:D1:00:00:00:80:D0:40:00:00:80:D2:00:00:00:80:D0:40:00:00:80:D0:80:00:00:80:9C:00:00:00:80:D2:C0:00:00:80:D0:C0:00:00:80:D1:80:00:00:80:D0:40:00:00:80:D0:C0:8A:23:40:00:FF:FF:00:00:00:AB:10:45:46]
[53:48:DA:00:C8:05:1E:00:00:80:D2:40:00:00:80:D1:C0:00:00:80:CF:00:00:00:80:BE:80:00:00:80:D2:40:00:00:80:D0:C0:00:00:80:CD:80:00:00:80:D1:80:00:00:80:D0:80:00:00:80:CF:C0:00:00:80:D3:C0:00:00:80:CF:40:00:00:80:D1:C0:00:00:80:D4:00:00:00:80:CF:40:00:00:80:D0:80:00:00:80:D2:80:00:00:80:CF:C0:00:00:80:D0:C0:00:00:80:D4:80:8A:2F:C0:00:FF:FF:00:00:00:AB:10:45:46]
[53:48:DA:00:C8:05:1F:00:00:80:D3:C0:00:00:80:CE:C0:00:00:80:CD:40:00:00:80:C5:80:00:00:80:CF:C0:00:00:80:CC:00:00:00:80:D0:00:00:00:80:CD:40:00:00:80:D3:00:00:00:80:D2:40:00:00:80:D0:40:00:00:80:D1:80:00:00:80:D3:00:00:00:80:8D:40:00:00:80:D2:80:00:00:80:D2:00:00:00:80:D1:40:00:00:80:D2:00:00:00:80:D1:80:00:00:80:CF:C0:8A:41:40:00:FF:FF:00:00:00:AB:10:45:46]
[53:48:DA:00:C8:05:20:00:00:80:D1:40:00:00:80:CD:40:00:00:80:CD:00:00:00:80:D3:80:00:00:80:D1:80:00:00:80:D0:00:00:00:80:D1:C0:00:00:80:D0:C0:00:00:80:D1:80:00:00:80:D0:80:00:00:80:D4:00:00:00:80:D0:40:00:00:80:D3:C0:00:00:80:CF:C0:00:00:80:D1:00:00:00:80:D2:C0:00:00:80:D1:40:00:00:80:D2:80:00:00:80:CF:00:00:00:80:CF:00:8A:3A:00:00:FF:FF:00:00:00:AB:10:45:46]
[53:48:DA:00:C8:05:21:00:00:80:CD:80:00:00:80:CE:C0:00:00:80:CE:C0:00:00:80:D0:00:00:00:80:D3:C0:00:00:80:CE:00:00:00:80:D0:C0:00:00:80:CF:40:00:00:80:D0:80:00:00:80:D2:40:00:00:80:CE:C0:00:00:80:D1:C0:00:00:80:A6:80:00:00:80:D2:40:00:00:80:CE:80:00:00:80:D2:00:00:00:80:D1:80:00:00:80:CF:40:00:00:80:D0:C0:00:00:80:D0:40:8A:32:C0:00:FF:FF:00:00:00:AB:10:45:46]
[53:48:DA:00:C8:05:22:00:00:80:D2:00:00:00:80:CC:C0:00:00:80:D0:80:00:00:80:CE:80:00:00:80:CF:00:00:00:80:D0:80:00:00:80:D1:00:00:00:80:D1:C0:00:00:80:CE:C0:00:00:80:CE:80:00:00:80:D1:80:00:00:80:CF:00:00:00:80:D0:00:00:00:80:D3:80:00:00:80:CD:C0:00:00:80:D1:40:00:00:80:CE:C0:00:00:80:D0:40:00:00:80:D1:C0:00:00:80:CE:80:8A:34:C0:00:FF:FF:00:00:00:AB:10:45:46]
[53:48:DA:00:C8:05:23:00:00:80:D2:00:00:00:80:D2:40:00:00:80:D2:80:00:00:80:D1:C0:00:00:80:CF:80:00:00:80:D3:40:00:00:80:D0:00:00:00:80:CE:80:00:00:80:D3:80:00:00:80:D1:40:00:00:80:D3:40:00:00:80:97:40:00:00:80:D1:40:00:00:80:D2:40:00:00:80:D2:80:00:00:80:D0:40:00:00:80:D1:80:00:00:80:D2:C0:00:00:80:D2:40:00:00:80:D5:40:8A:45:80:00:FF:FF:00:00:00:AB:10:45:46]
[53:48:DA:00:C8:05:24:00:00:80:D1:00:00:00:80:D5:C0:00:00:80:BF:80:00:00:80:D4:80:00:00:80:D2:40:00:00:80:D2:C0:00:00:80:CE:40:00:00:80:D3:80:00:00:80:D6:C0:00:00:80:D3:40:00:00:80:D7:00:00:00:80:D6:C0:00:00:80:D4:00:00:00:80:D2:C0:00:00:80:D4:C0:00:00:80:D5:40:00:00:80:D6:C0:00:00:80:D8:80:00:00:80:D7:80:00:00:80:DB:80:8A:3D:00:00:FF:FF:00:00:00:AB:10:45:46]
[53:48:DA:00:C8:05:25:00:00:80:DF:40:00:00:80:E0:00:00:00:80:DD:40:00:00:80:DD:80:00:00:80:DF:C0:00:00:80:E1:80:00:00:80:CA:80:00:00:80:E0:80:00:00:80:E3:C0:00:00:80:E3:00:00:00:80:B0:C0:00:00:80:E6:40:00:00:80:EB:C0:00:00:80:E4:C0:00:00:80:E7:00:00:00:80:E8:C0:00:00:80:E8:C0:00:00:80:E8:40:00:00:80:E6:80:00:00:80:EA:40:8A:0F:80:00:FF:FF:00:00:00:AB:10:45:46]
[53:48:DA:00:C8:05:26:00:00:80:E8:C0:00:00:80:ED:00:00:00:80:EA:C0:00:00:80:EA:40:00:00:80:ED:00:00:00:80:EB:00:00:00:80:ED:80:00:00:80:EA:C0:00:00:80:EC:00:00:00:80:E9:C0:00:00:80:E6:40:00:00:80:E9:40:00:00:80:EA:80:00:00:80:E9:00:00:00:80:E8:00:00:00:80:EA:C0:00:00:80:E7:C0:00:00:80:E6:40:00:00:80:E7:40:00:00:80:E6:40:8A:2B:80:00:FF:FF:00:00:00:AB:10:45:46]
[53:48:DA:00:C8:05:27:00:00:80:E3:C0:00:00:80:E5:80:00:00:80:E6:00:00:00:80:E4:40:00:00:80:E5:C0:00:00:80:E1:40:00:00:80:E5:80:00:00:80:E3:C0:00:00:80:E4:80:00:00:80:6C:00:00:00:80:E3:80:00:00:80:E4:00:00:00:80:E7:C0:00:00:80:E4:40:00:00:80:DE:80:00:00:80:E1:C0:00:00:80:E5:80:00:00:80:D8:40:00:00:80:DE:C0:00:00:80:DE:C0:8A:28:40:00:FF:FF:00:00:00:AB:10:45:46]
[53:48:DA:00:C8:05:28:00:00:80:E0:C0:00:00:80:DF:40:00:00:80:DE:40:00:00:80:DB:00:00:00:80:DE:C0:00:00:80:DA:40:00:00:80:E0:80:00:00:80:DE:80:00:00:80:DC:80:00:00:80:DE:80:00:00:80:DB:C0:00:00:80:DB:C0:00:00:80:D5:C0:00:00:80:D5:80:00:00:80:DA:80:00:00:80:D8:40:00:00:80:D9:00:00:00:80:D0:40:00:00:80:D6:00:00:00:80:D8:80:8A:42:40:00:FF:FF:00:00:00:AB:10:45:46]
[53:48:DA:00:C8:05:29:00:00:80:D9:80:00:00:80:D8:40:00:00:80:DA:80:00:00:80:D7:C0:00:00:80:D7:80:00:00:80:D8:80:00:00:80:D4:C0:00:00:80:D6:80:00:00:80:69:C0:00:00:80:D4:C0:00:00:80:D7:00:00:00:80:D8:80:00:00:80:D2:C0:00:00:80:D4:40:00:00:80:C0:40:00:00:80:D4:40:00:00:80:CD:40:00:00:80:D1:40:00:00:80:D4:40:00:00:80:D4:00:8A:19:C0:00:FF:FF:00:00:00:AB:10:45:46]
[53:48:DA:00:C8:05:2A:00:00:80:D3:80:00:00:80:CB:80:00:00:80:D3:00:00:00:80:D0:C0:00:00:80:D0:C0:00:00:80:D1:40:00:00:80:D3:80:00:00:80:D1:80:00:00:80:D4:00:00:00:80:D2:40:00:00:80:D4:80:00:00:80:D2:00:00:00:80:D1:C0:00:00:80:D1:80:00:00:80:D1:80:00:00:80:D1:80:00:00:80:CE:40:00:00:80:D2:80:00:00:80:D0:40:00:00:80:D0:C0:8A:1C:00:00:FF:FF:00:00:00:AB:10:45:46]
[53:48:DA:00:C8:05:2B:00:00:80:CC:00:00:00:80:CF:80:00:00:80:D0:00:00:00:80:D1:00:00:00:80:C8:00:00:00:80:C9:00:00:00:80:D3:00:00:00:80:1F:40:00:00:80:B5:C0:00:00:80:D3:80:00:00:80:D1:00:00:00:80:D0:40:00:00:80:D1:C0:00:00:80:D4:40:00:00:80:CF:80:00:00:80:C3:00:00:00:80:B5:C0:00:00:80:D2:00:00:00:80:D4:C0:00:00:80:D2:40:8A:35:C0:00:FF:FF:00:00:00:AB:10:45:46]
[53:48:DA:00:C8:05:2C:00:00:80:D2:C0:00:00:80:D4:00:00:00:80:D3:80:00:00:80:D3:C0:00:00:80:C3:00:00:00:80:D2:40:00:00:80:D3:00:00:00:80:D3:C0:00:00:80:D2:C0:00:00:80:CB:00:00:00:80:D5:00:00:00:80:D0:C0:00:00:80:D1:00:00:00:80:D1:C0:00:00:80:D3:80:00:00:80:CA:C0:00:00:80:CC:C0:00:00:80:D2:40:00:00:80:D3:40:00:00:80:D1:40:8A:1F:00:00:FF:FF:00:00:00:AB:10:45:46]
[53:48:DA:00:C8:05:2D:00:00:80:D4:00:00:00:80:D6:80:00:00:80:D1:80:00:00:80:D0:C0:00:00:80:C7:40:00:00:80:CC:00:00:00:7F:BA:C0:00:00:80:C4:C0:00:00:80:D4:00:00:00:80:D1:80:00:00:80:D2:40:00:00:80:CF:80:00:00:80:D0:40:00:00:80:CB:40:00:00:80:C9:00:00:00:80:D3:80:00:00:80:D1:00:00:00:80:D3:40:00:00:80:D2:40:00:00:80:D1:C0:8A:27:40:00:FF:FF:00:00:00:AB:10:45:46]
[53:48:DA:00:C8:05:2E:00:00:80:D1:80:00:00:80:D3:00:00:00:80:CF:00:00:00:80:D0:C0:00:00:80:D2:40:00:00:80:D3:00:00:00:80:D3:40:00:00:80:D0:C0:00:00:80:D0:40:00:00:80:CA:00:00:00:80:D3:80:00:00:80:D0:00:00:00:80:CF:C0:00:00:80:D0:80:00:00:80:D1:C0:00:00:80:D1:80:00:00:80:D2:C0:00:00:80:C8:40:00:00:80:CF:40:00:00:80:D3:80:8A:22:40:00:FF:FF:00:00:00:AB:10:45:46]
[53:48:DA:00:C8:05:2F:00:00:80:CF:C0:00:00:80:D3:00:00:00:80:D7:00:00:00:80:D4:C0:00:00:80:D4:80:00:00:7F:F6:80:00:00:80:D2:80:00:00:80:D2:80:00:00:80:C0:40:00:00:80:D5:C0:00:00:80:D5:40:00:00:80:D2:C0:00:00:80:D1:C0:00:00:80:D2:40:00:00:80:D2:40:00:00:80:D2:40:00:00:80:D2:40:00:00:80:8D:40:00:00:80:A8:80:00:00:80:D0:40:8A:2F:C0:00:FF:FF:00:00:00:AB:10:45:46]
[53:48:DA:00:C8:05:30:00:00:80:CB:00:00:00:80:D6:00:00:00:80:D2:40:00:00:80:D1:40:00:00:80:D1:00:00:00:80:D2:80:00:00:80:D1:C0:00:00:80:AC:C0:00:00:80:D2:00:00:00:80:D1:80:00:00:80:CF:40:00:00:80:D1:C0:00:00:80:CE:40:00:00:80:CF:00:00:00:80:CF:00:00:00:80:C7:80:00:00:80:D2:80:00:00:80:D2:80:00:00:80:D0:C0:00:00:80:D3:00:8A:3C:00:00:FF:FF:00:00:00:AB:10:45:46]
[53:48:DA:00:C8:05:31:00:00:80:D2:00:00:00:80:D2:00:00:00:80:D4:00:00:00:80:D1:C0:00:00:80:23:C0:00:00:80:CE:80:00:00:80:D2:C0:00:00:80:C4:40:00:00:80:D2:00:00:00:80:D1:80:00:00:80:CA:80:00:00:80:CC:00:00:00:80:CB:40:00:00:80:CE:40:00:00:80:D1:00:00:00:80:D1:C0:00:00:80:C1:40:00:00:80:D1:00:00:00:80:CD:40:00:00:80:CF:80:8A:37:00:00:FF:FF:00:00:00:AB:10:45:46]
[53:48:DA:00:C8:05:32:00:00:80:D0:C0:00:00:80:D0:C0:00:00:80:CF:40:00:00:80:D0:80:00:00:80:D0:80:00:00:80:CF:00:00:00:80:D0:40:00:00:80:CF:80:00:00:80:C5:40:00:00:80:D2:C0:00:00:80:D0:00:00:00:80:D4:00:00:00:80:D4:40:00:00:80:CE:40:00:00:80:D0:00:00:00:80:CF:C0:00:00:80:D1:40:00:00:80:CF:C0:00:00:80:D1:40:00:00:80:D0:40:8A:34:C0:00:FF:FF:00:00:00:AB:10:45:46]
[53:48:DA:00:C8:05:33:00:00:80:CC:40:00:00:80:D1:80:00:00:80:D2:00:00:00:80:CE:80:00:00:80:D4:C0:00:00:80:CE:C0:00:00:80:D0:C0:00:00:80:D1:40:00:00:80:D0:80:00:00:80:CF:00:00:00:80:D2:80:00:00:80:CB:C0:00:00:80:C8:40:00:00:80:D4:80:00:00:80:D1:80:00:00:80:D2:C0:00:00:80:D1:C0:00:00:80:D1:C0:00:00:80:CF:C0:00:00:80:D1:40:8A:3A:00:00:FF:FF:00:00:00:AB:10:45:46]
[53:48:DA:00:C8:05:34:00:00:80:D0:40:00:00:80:D3:C0:00:00:80:D1:40:00:00:80:D3:00:00:00:80:D0:80:00:00:80:D0:C0:00:00:80:D0:00:00:00:80:D0:00:00:00:80:D0:00:00:00:80:D1:C0:00:00:80:D1:C0:00:00:80:D3:80:00:00:80:D2:C0:00:00:80:D2:C0:00:00:80:CC:00:00:00:80:D2:C0:00:00:80:C7:00:00:00:80:D0:80:00:00:80:D3:80:00:00:80:D1:00:8A:3F:40:00:FF:FF:00:00:00:AB:10:45:46]
[53:48:DA:00:C8:05:35:00:00:80:CE:80:00:00:80:D1:80:00:00:80:C2:40:00:00:80:D2:C0:00:00:80:D1:80:00:00:80:D0:40:00:00:80:D1:40:00:00:80:D1:80:00:00:80:D0:C0:00:00:80:D1:40:00:00:80:CE:00:00:00:80:D0:C0:00:00:80:D0:80:00:00:80:D0:C0:00:00:80:D0:C0:00:00:80:D0:C0:00:00:80:CE:40:00:00:80:CF:C0:00:00:80:CC:C0:00:00:80:CD:40:8A:3B:00:00:FF:FF:00:00:00:AB:10:45:46]
[53:48:DA:00:C8:05:36:00:00:80:CC:80:00:00:80:C0:00:00:00:80:BD:C0:00:00:80:A0:C0:00:00:80:9F:00:00:00:80:9B:C0:00:00:80:8C:80:00:00:80:85:00:00:00:80:76:C0:00:00:80:65:C0:00:00:80:54:00:00:00:80:40:00:00:00:80:23:40:00:00:80:0A:40:00:00:7F:E9:40:00:00:7F:DA:C0:00:00:7F:C1:00:00:00:7F:94:40:00:00:7F:7F:40:00:00:7F:7C:C0:8A:30:C0:00:FF:FF:00:00:00:AB:10:45:46]
[53:48:DA:00:C8:05:37:00:00:7F:3D:C0:00:00:7F:14:80:00:00:7F:1F:80:00:00:7F:03:80:00:00:7E:F3:C0:00:00:7E:DE:80:00:00:7E:E1:00:00:00:7E:B9:40:00:00:7E:B9:C0:00:00:7E:C4:00:00:00:7E:9D:80:00:00:7E:A3:00:00:00:7E:B3:40:00:00:7E:84:C0:00:00:7E:82:C0:00:00:7E:71:00:00:00:7E:84:C0:00:00:7E:7D:C0:00:00:7E:86:80:00:00:7E:73:80:8A:1B:00:00:FF:FF:00:00:00:AB:10:45:46]
[53:48:DA:00:C8:05:38:00:00:7E:57:00:00:00:7E:74:80:00:00:7E:8D:00:00:00:7E:83:40:00:00:7E:96:80:00:00:7E:7C:00:00:00:7E:7D:00:00:00:7E:6B:80:00:00:7E:98:40:00:00:7E:95:C0:00:00:7E:87:00:00:00:7E:A0:C0:00:00:7E:8D:00:00:00:7E:96:80:00:00:7E:A2:C0:00:00:7E:9D:00:00:00:7E:97:40:00:00:7E:8A:80:00:00:7E:7E:40:00:00:7E:74:80:8A:13:C0:00:FF:FF:00:00:00:AB:10:45:46]
[53:48:DA:00:C8:05:39:00:00:7E:78:80:00:00:7E:71:80:00:00:7E:A4:00:00:00:7E:8B:C0:00:00:7E:85:C0:00:00:7E:83:40:00:00:7E:8D:40:00:00:7E:8D:40:00:00:7E:99:80:00:00:7E:93:C0:00:00:7E:79:40:00:00:7E:94:40:00:00:7E:94:40:00:00:7E:A7:C0:00:00:7E:B0:00:00:00:7E:A3:40:00:00:7E:DE:C0:00:00:7E:E3:00:00:00:7E:F1:C0:00:00:7E:C4:80:8A:1C:00:00:FF:FF:00:00:00:AB:10:45:46]
[53:48:DA:00:C8:05:3A:00:00:7F:0C:00:00:00:7F:23:80:00:00:7F:1D:C0:00:00:7F:33:C0:00:00:7F:3E:00:00:00:7F:4F:40:00:00:7F:44:00:00:00:7F:7A:00:00:00:7F:94:C0:00:00:7F:9C:80:00:00:7F:AA:80:00:00:7F:BA:C0:00:00:7F:BC:00:00:00:7F:D9:00:00:00:7F:D7:80:00:00:7F:DA:00:00:00:7F:F0:00:00:00:80:01:80:00:00:80:03:C0:00:00:80:06:80:8A:27:40:00:FF:FF:00:00:00:AB:10:45:46]
[53:48:DA:00:C8:05:3B:00:00:80:14:80:00:00:80:1E:C0:00:00:80:27:00:00:00:80:19:C0:00:00:80:30:00:00:00:80:32:80:00:00:80:3E:C0:00:00:80:3B:40:00:00:80:40:C0:00:00:80:47:80:00:00:80:53:C0:00:00:80:53:80:00:00:80:5D:80:00:00:80:5E:00:00:00:80:68:80:00:00:80:70:80:00:00:80:74:40:00:00:80:7D:80:00:00:80:86:00:00:00:80:3D:C0:8A:34:C0:00:FF:FF:00:00:00:AB:10:45:46]
[53:48:DA:00:C8:05:3C:00:00:80:8B:40:00:00:80:96:40:00:00:80:90:80:00:00:80:9F:40:00:00:80:9B:40:00:00:80:A1:C0:00:00:80:A3:80:00:00:80:A7:40:00:00:80:A9:40:00:00:80:AB:80:00:00:80:AE:00:00:00:80:B4:80:00:00:80:B5:40:00:00:80:B3:40:00:00:80:BB:40:00:00:80:B9:C0:00:00:80:B6:00:00:00:80:C0:80:00:00:80:C2:80:00:00:80:BF:C0:8A:22:40:00:FF:FF:00:00:00:AB:10:45:46]
[53:48:DA:00:C8:05:3D:00:00:80:C3:40:00:00:80:C2:C0:00:00:80:C3:00:00:00:80:CA:80:00:00:80:CD:00:00:00:80:CB:C0:00:00:80:CC:80:00:00:80:D4:00:00:00:80:D5:40:00:00:80:D3:80:00:00:80:D1:80:00:00:80:D5:C0:00:00:80:D0:C0:00:00:80:D5:80:00:00:80:D5:40:00:00:80:D2:C0:00:00:80:D1:40:00:00:80:D6:80:00:00:80:7A:C0:00:00:80:D3:C0:8A:24:40:00:FF:FF:00:00:00:AB:10:45:46]
[53:48:DA:00:C8:05:3E:00:00:80:D3:00:00:00:80:D1:40:00:00:80:D4:C0:00:00:80:D1:C0:00:00:80:D4:00:00:00:80:D2:C0:00:00:80:D1:80:00:00:80:D4:00:00:00:80:D2:C0:00:00:80:CB:40:00:00:80:CF:80:00:00:80:D5:00:00:00:80:D0:80:00:00:80:D1:40:00:00:80:CF:40:00:00:80:CF:00:00:00:80:D3:00:00:00:80:D0:00:00:00:80:D1:C0:00:00:80:D1:C0:8A:33:C0:00:FF:FF:00:00:00:AB:10:45:46]
[53:48:DA:00:C8:05:3F:00:00:80:D7:00:00:00:80:D4:C0:00:00:80:D3:C0:00:00:80:D0:40:00:00:80:D4:40:00:00:80:CF:C0:00:00:80:D5:80:00:00:80:D4:40:00:00:80:D3:40:00:00:80:D4:C0:00:00:80:C9:80:00:00:80:D3:40:00:00:80:D1:80:00:00:80:D3:C0:00:00:80:D1:00:00:00:80:CF:C0:00:00:80:CD:00:00:00:80:75:00:00:00:80:CD:40:00:00:80:C8:80:8A:28:40:00:FF:FF:00:00:00:AB:10:45:46]
[53:48:DA:00:C8:05:40:00:00:80:CD:40:00:00:80:D0:80:00:00:80:CD:00:00:00:80:CA:80:00:00:80:CB:C0:00:00:80:D0:00:00:00:80:D0:40:00:00:80:D0:C0:00:00:80:CF:C0:00:00:80:D0:00:00:00:80:D3:C0:00:00:80:D0:40:00:00:80:D0:C0:00:00:80:D0:80:00:00:80:C8:40:00:00:80:CD:00:00:00:80:D1:C0:00:00:80:D0:00:00:00:80:D0:80:00:00:80:D2:00:8A:40:40:00:FF:FF:00:00:00:AB:10:45:46]
[53:48:DA:00:C8:05:41:00:00:80:D0:80:00:00:80:D2:40:00:00:80:CE:00:00:00:80:CF:40:00:00:80:CB:80:00:00:80:D2:80:00:00:80:D1:C0:00:00:80:D3:40:00:00:80:D1:40:00:00:80:CD:40:00:00:80:D4:C0:00:00:80:D4:40:00:00:80:D3:C0:00:00:80:D3:00:00:00:80:D1:C0:00:00:80:D5:40:00:00:80:83:40:00:00:80:CD:80:00:00:80:CE:00:00:00:80:CF:00:8A:1C:00:00:FF:FF:00:00:00:AB:10:45:46]
[53:48:DA:00:C8:05:42:00:00:80:D1:40:00:00:80:D4:80:00:00:80:D2:80:00:00:80:D2:00:00:00:80:D2:40:00:00:80:D3:00:00:00:80:D5:00:00:00:80:D0:80:00:00:80:D3:C0:00:00:80:D1:40:00:00:80:D2:40:00:00:80:D3:00:00:00:80:D3:00:00:00:80:D2:40:00:00:80:D3:00:00:00:80:D4:80:00:00:80:D3:00:00:00:80:D4:80:00:00:80:D2:C0:00:00:80:D5:C0:8A:33:C0:00:FF:FF:00:00:00:AB:10:45:46]
[53:48:DA:00:C8:05:43:00:00:80:D4:00:00:00:80:D0:00:00:00:80:D5:00:00:00:80:CE:40:00:00:80:D5:00:00:00:80:CF:40:00:00:80:CF:C0:00:00:80:D0:C0:00:00:80:D1:00:00:00:80:D3:40:00:00:80:D3:00:00:00:80:D1:40:00:00:80:D3:80:00:00:80:D1:80:00:00:80:CF:00:00:00:80:8D:40:00:00:80:D3:40:00:00:80:CD:00:00:00:80:D0:00:00:00:80:CD:80:8A:2A:80:00:FF:FF:00:00:00:AB:10:45:46]
[53:48:DA:00:C8:05:44:00:00:80:CF:80:00:00:80:CE:80:00:00:80:CE:80:00:00:80:CE:40:00:00:80:CF:80:00:00:80:C3:40:00:00:80:D3:00:00:00:80:D3:00:00:00:80:D2:00:00:00:80:D4:80:00:00:80:D2:80:00:00:80:D0:C0:00:00:80:D3:40:00:00:80:D3:00:00:00:80:D3:C0:00:00:80:D3:80:00:00:80:D0:80:00:00:80:D5:00:00:00:80:D5:00:00:00:80:D3:C0:8A:30:C0:00:FF:FF:00:00:00:AB:10:45:46]
[53:48:DA:00:C8:05:45:00:00:80:D0:00:00:00:80:D3:40:00:00:80:D0:C0:00:00:80:D1:40:00:00:80:D0:40:00:00:80:CF:80:00:00:80:D2:40:00:00:80:D0:80:00:00:80:D3:00:00:00:80:C7:40:00:00:80:CF:00:00:00:80:CF:80:00:00:80:D4:80:00:00:80:D3:80:00:00:80:9C:40:00:00:80:D3:C0:00:00:80:D1:00:00:00:80:D2:00:00:00:80:D2:00:00:00:80:D2:00:8A:35:C0:00:FF:FF:00:00:00:AB:10:45:46]
[53:48:DA:00:C8:05:46:00:00:80:D2:80:00:00:80:D0:00:00:00:80:D1:00:00:00:80:D0:C0:00:00:80:D3:C0:00:00:80:CF:80:00:00:80:D3:C0:00:00:80:CF:C0:00:00:80:D0:40:00:00:80:D4:40:00:00:80:D1:C0:00:00:80:D5:00:00:00:80:D5:40:00:00:80:C8:80:00:00:80:D4:C0:00:00:80:D4:00:00:00:80:D3:C0:00:00:80:CD:80:00:00:80:C3:C0:00:00:80:D5:C0:8A:29:80:00:FF:FF:00:00:00:AB:10:45:46]
[53:48:DA:00:C8:05:47:00:00:80:D1:C0:00:00:80:D7:80:00:00:80:D6:00:00:00:80:D6:C0:00:00:80:D8:40:00:00:80:D6:00:00:00:80:DB:80:00:00:80:D5:00:00:00:80:D8:40:00:00:80:D8:40:00:00:80:DA:80:00:00:80:DF:40:00:00:80:DD:C0:00:00:80:AD:80:00:00:80:E6:C0:00:00:80:E6:40:00:00:80:E5:00:00:00:80:E2:00:00:00:80:ED:00:00:00:80:EE:80:8A:22:40:00:FF:FF:00:00:00:AB:10:45:46]
[53:48:DA:00:C8:05:48:00:00:80:F0:80:00:00:80:F1:80:00:00:80:F3:40:00:00:80:E5:80:00:00:80:FE:80:00:00:80:F3:40:00:00:80:E7:40:00:00:80:F7:80:00:00:81:01:80:00:00:80:FB:40:00:00:80:FA:80:00:00:81:10:40:00:00:80:E8:40:00:00:81:04:80:00:00:80:FB:C0:00:00:80:F8:80:00:00:81:05:C0:00:00:81:02:00:00:00:81:17:40:00:00:81:09:80:8A:25:40:00:FF:FF:00:00:00:AB:10:45:46]
[53:48:DA:00:C8:05:49:00:00:80:FA:40:00:00:80:FB:40:00:00:81:04:00:00:00:81:03:40:00:00:81:01:00:00:00:81:0C:00:00:00:81:07:80:00:00:80:F7:00:00:00:80:F1:40:00:00:81:26:40:00:00:80:F9:40:00:00:80:ED:C0:00:00:80:D4:00:00:00:81:34:80:00:00:81:03:80:00:00:81:08:40:00:00:80:EA:C0:00:00:81:12:80:00:00:80:E9:C0:00:00:81:19:00:8A:24:40:00:FF:FF:00:00:00:AB:10:45:46]
[53:48:DA:00:C8:05:4A:00:00:80:F3:80:00:00:81:00:80:00:00:81:01:C0:00:00:81:0F:40:00:00:80:E3:80:00:00:81:03:40:00:00:81:03:00:00:00:80:F8:80:00:00:80:DF:40:00:00:80:FC:40:00:00:80:DA:00:00:00:80:EA:00:00:00:80:E8:C0:00:00:80:F1:C0:00:00:81:00:80:00:00:80:E9:C0:00:00:80:EC:80:00:00:80:E0:00:00:00:80:EB:80:00:00:80:E8:C0:8A:35:C0:00:FF:FF:00:00:00:AB:10:45:46]
[53:48:DA:00:C8:05:4B:00:00:80:D5:00:00:00:80:D7:40:00:00:80:DD:C0:00:00:80:DC:80:00:00:80:DA:40:00:00:80:DD:40:00:00:80:D9:40:00:00:80:D5:C0:00:00:80:C4:40:00:00:80:D4:40:00:00:80:D1:00:00:00:80:6C:80:00:00:80:D6:C0:00:00:80:D6:80:00:00:80:D6:40:00:00:80:D9:00:00:00:80:D7:00:00:00:80:D8:C0:00:00:80:D7:80:00:00:80:D9:40:8A:44:40:00:FF:FF:00:00:00:AB:10:45:46]
[53:48:DA:00:C8:05:4C:00:00:80:C5:80:00:00:80:D8:80:00:00:80:D8:00:00:00:80:D9:80:00:00:80:D7:C0:00:00:80:D8:40:00:00:80:D7:40:00:00:80:D7:00:00:00:80:D6:40:00:00:80:D7:80:00:00:80:D5:00:00:00:80:D4:C0:00:00:80:CE:00:00:00:80:D7:00:00:00:80:D6:00:00:00:80:D3:C0:00:00:80:D1:40:00:00:80:CE:C0:00:00:80:D3:00:00:00:80:D3:00:8A:38:00:00:FF:FF:00:00:00:AB:10:45:46]
[53:48:DA:00:C8:05:4D:00:00:80:D4:80:00:00:80:D6:80:00:00:80:DA:40:00:00:80:D7:40:00:00:80:D3:00:00:00:80:D1:00:00:00:80:D4:00:00:00:80:D1:C0:00:00:80:D5:00:00:00:80:D3:C0:00:00:80:7F:40:00:00:80:D8:80:00:00:80:D8:00:00:00:80:D7:80:00:00:80:D8:80:00:00:80:D5:00:00:00:80:CE:80:00:00:80:D4:00:00:00:80:D0:40:00:00:80:D4:00:8A:5C:40:00:FF:FF:00:00:00:AB:10:45:46]
[53:48:DA:00:C8:05:4E:00:00:80:D0:40:00:00:80:D2:80:00:00:80:D2:C0:00:00:80:D3:40:00:00:80:D6:40:00:00:80:D4:40:00:00:80:D2:00:00:00:80:D5:80:00:00:80:D2:C0:00:00:80:D3:00:00:00:80:D5:40:00:00:80:D4:C0:00:00:80:D3:80:00:00:80:D2:40:00:00:80:D0:C0:00:00:80:D2:80:00:00:80:D1:40:00:00:80:D2:C0:00:00:80:CF:00:00:00:80:D3:00:8A:41:40:00:FF:FF:00:00:00:AB:10:45:46]
[53:48:DA:00:C8:05:4F:00:00:80:CF:80:00:00:80:D0:C0:00:00:80:D1:40:00:00:80:D2:00:00:00:80:D3:C0:00:00:80:D0:40:00:00:80:D5:00:00:00:80:D2:00:00:00:80:D2:C0:00:00:80:93:C0:00:00:80:D4:00:00:00:80:D0:00:00:00:80:D2:40:00:00:80:D2:80:00:00:80:D3:00:00:00:80:D1:40:00:00:80:D0:80:00:00:80:D1:40:00:00:80:D1:C0:00:00:80:D2:40:8A:2F:C0:00:FF:FF:00:00:00:AB:10:45:46]
[53:48:DA:00:C8:05:50:00:00:80:D2:00:00:00:80:D8:40:00:00:80:D2:40:00:00:80:C1:C0:00:00:80:D0:C0:00:00:80:D2:00:00:00:80:D6:00:00:00:80:D2:C0:00:00:80:D3:80:00:00:80:D5:00:00:00:80:D2:00:00:00:80:D3:00:00:00:80:D1:C0:00:00:80:D4:40:00:00:80:D4:00:00:00:80:D4:80:00:00:80:D2:80:00:00:80:D3:40:00:00:80:D1:00:00:00:80:D5:00:8A:2D:80:00:FF:FF:00:00:00:AB:10:45:46]
[53:48:DA:00:C8:05:51:00:00:80:D3:00:00:00:80:D2:00:00:00:80:D1:80:00:00:80:D4:40:00:00:80:D3:40:00:00:80:D4:00:00:00:80:D2:80:00:00:80:C5:C0:00:00:80:BE:40:00:00:80:D0:80:00:00:80:D0:00:00:00:80:D4:00:00:00:80:D1:C0:00:00:80:D2:00:00:00:80:D3:C0:00:00:80:D2:00:00:00:80:D0:C0:00:00:80:D7:40:00:00:80:D1:00:00:00:80:D4:C0:8A:4F:C0:00:FF:FF:00:00:00:AB:10:45:46]
[53:48:DA:00:C8:05:52:00:00:80:D4:00:00:00:80:D7:40:00:00:80:D2:C0:00:00:80:D5:40:00:00:80:D5:00:00:00:80:D4:80:00:00:80:D6:80:00:00:80:D2:80:00:00:80:D7:40:00:00:80:C6:C0:00:00:80:D5:40:00:00:80:C9:80:00:00:80:D4:80:00:00:80:D4:00:00:00:80:D2:00:00:00:80:D3:40:00:00:80:D0:00:00:00:80:D4:40:00:00:80:D1:40:00:00:80:D3:80:8A:15:C0:00:FF:FF:00:00:00:AB:10:45:46]
[53:48:DA:00:C8:05:53:00:00:80:D4:00:00:00:80:D1:80:00:00:80:D0:C0:00:00:80:CD:C0:00:00:80:D1:00:00:00:80:CD:40:00:00:80:D3:40:00:00:80:D0:C0:00:00:80:CF:00:00:00:80:D0:80:00:00:80:CE:80:00:00:80:C2:40:00:00:80:CF:00:00:00:80:D0:40:00:00:80:D4:40:00:00:80:C7:C0:00:00:80:D1:40:00:00:80:D1:80:00:00:80:D2:C0:00:00:80:D1:C0:8A:37:00:00:FF:FF:00:00:00:AB:10:45:46]
[53:48:DA:00:C8:05:54:00:00:80:D4:80:00:00:80:D6:00:00:00:80:D4:00:00:00:80:D2:C0:00:00:80:D0:C0:00:00:80:D4:40:00:00:80:D1:80:00:00:80:CE:00:00:00:80:D3:00:00:00:80:D3:C0:00:00:80:CF:80:00:00:80:CE:40:00:00:80:CF:40:00:00:80:D0:C0:00:00:80:CD:40:00:00:80:CB:40:00:00:80:CD:C0:00:00:80:CD:00:00:00:80:CE:00:00:00:80:C6:00:8A:35:C0:00:FF:FF:00:00:00:AB:10:45:46]
[53:48:DA:00:C8:05:55:00:00:80:C6:40:00:00:80:C3:C0:00:00:80:C1:80:00:00:80:BC:40:00:00:80:B8:80:00:00:80:B2:80:00:00:80:AC:00:00:00:80:A8:C0:00:00:80:9F:80:00:00:80:99:00:00:00:80:93:40:00:00:80:8A:C0:00:00:80:8A:00:00:00:80:86:40:00:00:80:7E:00:00:00:80:7C:C0:00:00:80:7D:00:00:00:80:80:00:00:00:80:7C:00:00:00:80:7D:40:8A:2E:80:00:FF:FF:00:00:00:AB:10:45:46]
[53:48:DA:00:C8:05:56:00:00:80:76:00:00:00:80:81:40:00:00:80:83:80:00:00:80:7E:80:00:00:80:83:00:00:00:80:85:40:00:00:80:82:C0:00:00:80:91:00:00:00:80:8E:40:00:00:80:92:40:00:00:80:8D:C0:00:00:80:98:80:00:00:80:93:80:00:00:80:9A:40:00:00:80:94:40:00:00:80:9D:40:00:00:80:9A:00:00:00:80:9F:80:00:00:80:87:00:00:00:80:A1:40:8A:2A:80:00:FF:FF:00:00:00:AB:10:45:46]
[53:48:DA:00:C8:05:57:00:00:80:A0:C0:00:00:80:A8:00:00:00:80:A4:00:00:00:80:A9:40:00:00:80:A9:C0:00:00:80:AA:C0:00:00:80:9F:00:00:00:80:B2:80:00:00:80:B0:40:00:00:80:B2:40:00:00:80:B7:C0:00:00:80:B8:40:00:00:80:B8:80:00:00:80:B5:C0:00:00:80:BC:C0:00:00:80:C1:C0:00:00:80:C2:40:00:00:80:C5:80:00:00:80:C7:40:00:00:80:C0:80:8A:32:C0:00:FF:FF:00:00:00:AB:10:45:46]
[53:48:DA:00:C8:05:58:00:00:80:CA:C0:00:00:80:CE:40:00:00:80:D3:80:00:00:80:D5:C0:00:00:80:C9:00:00:00:80:D7:40:00:00:80:D5:00:00:00:80:D9:00:00:00:80:D9:80:00:00:80:D8:C0:00:00:80:CB:C0:00:00:80:D9:00:00:00:80:D6:C0:00:00:80:D8:00:00:00:80:D8:C0:00:00:80:D6:00:00:00:80:D8:40:00:00:80:D5:80:00:00:80:D8:40:00:00:80:D6:40:8A:3E:40:00:FF:FF:00:00:00:AB:10:45:46]
[53:48:DA:00:C8:05:59:00:00:80:D7:40:00:00:80:D8:40:00:00:80:D7:40:00:00:80:DB:C0:00:00:80:D7:00:00:00:80:D9:00:00:00:80:DA:40:00:00:80:D9:00:00:00:80:DA:80:00:00:80:DB:40:00:00:80:CF:00:00:00:80:D8:80:00:00:80:D5:80:00:00:80:D6:00:00:00:80:D2:C0:00:00:80:D8:80:00:00:80:D8:00:00:00:80:DD:C0:00:00:80:DC:40:00:00:80:D8:00:8A:30:C0:00:FF:FF:00:00:00:AB:10:45:46]
[53:48:DA:00:C8:05:5A:00:00:80:CE:40:00:00:80:D1:00:00:00:80:CD:40:00:00:80:AF:80:00:00:80:CE:C0:00:00:80:D2:80:00:00:80:D1:80:00:00:80:D0:00:00:00:80:CF:40:00:00:80:D2:80:00:00:80:D0:00:00:00:80:D0:80:00:00:80:D4:40:00:00:80:D2:40:00:00:80:D0:80:00:00:80:D2:80:00:00:80:CC:C0:00:00:80:CF:80:00:00:80:C8:40:00:00:80:CB:00:8A:47:80:00:FF:FF:00:00:00:AB:10:45:46]
[53:48:DA:00:C8:05:5B:00:00:80:D0:80:00:00:80:D0:80:00:00:80:D2:40:00:00:80:CF:00:00:00:80:D2:80:00:00:80:D3:C0:00:00:80:D1:00:00:00:80:D2:00:00:00:80:D2:40:00:00:80:D2:00:00:00:80:D1:40:00:00:80:D0:C0:00:00:80:D0:C0:00:00:80:D2:80:00:00:80:CD:00:00:00:80:D1:C0:00:00:80:D2:C0:00:00:80:D5:80:00:00:80:CF:40:00:00:80:CE:80:8A:33:C0:00:FF:FF:00:00:00:AB:10:45:46]
[53:48:DA:00:C8:05:5C:00:00:80:D2:80:00:00:80:CA:C0:00:00:80:8D:80:00:00:80:D0:80:00:00:80:D0:40:00:00:80:D0:40:00:00:80:D4:80:00:00:80:D0:40:00:00:80:CF:80:00:00:80:D0:C0:00:00:80:CF:40:00:00:80:D0:00:00:00:80:D4:40:00:00:80:D2:00:00:00:80:D5:00:00:00:80:D4:40:00:00:80:D0:00:00:00:80:D1:40:00:00:80:D1:40:00:00:80:CF:C0:8A:31:C0:00:FF:FF:00:00:00:AB:10:45:46]
[53:48:DA:00:C8:05:5D:00:00:80:D0:40:00:00:80:D3:C0:00:00:80:D1:40:00:00:80:D2:C0:00:00:80:CF:40:00:00:80:C6:C0:00:00:80:D1:C0:00:00:80:D3:40:00:00:80:D3:00:00:00:80:CE:80:00:00:80:D1:00:00:00:80:D4:40:00:00:80:D2:C0:00:00:80:D4:40:00:00:80:D3:00:00:00:80:D2:40:00:00:80:D3:40:00:00:80:CD:00:00:00:80:D3:80:00:00:80:CF:80:8A:3A:00:00:FF:FF:00:00:00:AB:10:45:46]
[53:48:DA:00:C8:05:5E:00:00:80:CF:C0:00:00:80:76:00:00:00:80:D3:C0:00:00:80:D2:C0:00:00:80:D0:80:00:00:80:D0:C0:00:00:80:D4:80:00:00:80:D5:80:00:00:80:D1:C0:00:00:80:C6:C0:00:00:80:D0:C0:00:00:80:D3:00:00:00:80:D4:00:00:00:80:D5:80:00:00:80:D3:C0:00:00:80:D1:40:00:00:80:D2:40:00:00:80:D0:00:00:00:80:D5:40:00:00:80:D4:00:8A:24:40:00:FF:FF:00:00:00:AB:10:45:46]
[53:48:DA:00:C8:05:5F:00:00:80:D7:40:00:00:80:D8:00:00:00:80:D6:C0:00:00:80:D2:40:00:00:80:D3:80:00:00:80:D4:40:00:00:80:D5:00:00:00:80:D6:C0:00:00:80:D6:40:00:00:80:D5:C0:00:00:80:D7:80:00:00:80:D8:80:00:00:80:D8:C0:00:00:80:D5:40:00:00:80:DA:40:00:00:80:E2:80:00:00:80:DE:80:00:00:80:E6:C0:00:00:80:E6:40:00:00:80:E8:C0:8A:32:C0:00:FF:FF:00:00:00:AB:10:45:46]
[53:48:DA:00:C8:05:60:00:00:80:98:00:00:00:80:F2:40:00:00:80:F8:40:00:00:80:FC:40:00:00:81:02:80:00:00:81:09:40:00:00:81:01:40:00:00:80:F4:40:00:00:81:27:40:00:00:81:0B:00:00:00:81:20:C0:00:00:81:34:40:00:00:81:04:40:00:00:81:20:C0:00:00:81:1F:80:00:00:81:0C:C0:00:00:80:E9:C0:00:00:81:1A:00:00:00:81:08:80:00:00:81:00:00:8A:3D:00:00:FF:FF:00:00:00:AB:10:45:46]
[53:48:DA:00:C8:05:61:00:00:80:E3:40:00:00:80:D6:40:00:00:80:D1:80:00:00:80:D4:40:00:00:80:D6:C0:00:00:80:CC:80:00:00:80:CE:40:00:00:80:D1:40:00:00:80:C7:80:00:00:80:CC:C0:00:00:80:CB:00:00:00:80:CC:80:00:00:80:CB:40:00:00:80:CB:00:00:00:80:CC:00:00:00:80:CB:40:00:00:80:CB:80:00:00:80:CA:C0:00:00:80:CC:80:00:00:80:CA:C0:8A:47:80:00:FF:FF:00:00:00:AB:10:45:46]
[53:48:DA:00:C8:05:62:00:00:80:C9:40:00:00:80:CB:80:00:00:80:CB:40:00:00:80:C9:80:00:00:80:CD:80:00:00:80:D0:40:00:00:80:CD:80:00:00:80:C8:C0:00:00:80:CB:80:00:00:80:CC:40:00:00:80:CC:80:00:00:80:C9:C0:00:00:80:C8:00:00:00:80:C9:80:00:00:80:CB:40:00:00:80:CA:00:00:00:80:CE:40:00:00:80:CC:80:00:00:80:CD:C0:00:00:80:CE:80:8A:26:40:00:FF:FF:00:00:00:AB:10:45:46]
[53:48:DA:00:C8:05:63:00:00:80:CD:80:00:00:80:CE:40:00:00:80:CD:80:00:00:80:D1:80:00:00:80:C4:00:00:00:80:BF:80:00:00:80:CE:C0:00:00:80:CE:80:00:00:80:D1:40:00:00:80:D4:40:00:00:80:D1:00:00:00:80:CF:40:00:00:80:D2:40:00:00:80:D2:C0:00:00:80:D0:C0:00:00:80:D4:C0:00:00:80:D1:C0:00:00:80:D2:80:00:00:80:D2:80:00:00:80:97:80:8A:39:00:00:FF:FF:00:00:00:AB:10:45:46]
[53:48:DA:00:C8:05:64:00:00:80:C9:C0:00:00:80:D1:C0:00:00:80:D4:40:00:00:80:D3:C0:00:00:80:D1:C0:00:00:80:D4:40:00:00:80:D2:80:00:00:80:D5:C0:00:00:80:C4:C0:00:00:80:D9:00:00:00:80:D4:80:00:00:80:D7:80:00:00:80:D6:80:00:00:80:D4:40:00:00:80:D8:C0:00:00:80:D3:00:00:00:80:D4:00:00:00:80:DA:40:00:00:80:D5:40:00:00:80:D3:00:8A:35:C0:00:FF:FF:00:00:00:AB:10:45:46]
[53:48:DA:00:C8:05:65:00:00:80:D3:40:00:00:80:D2:00:00:00:80:D4:80:00:00:80:D3:00:00:00:80:D3:00:00:00:80:D3:00:00:00:80:D1:00:00:00:80:D5:00:00:00:80:CD:40:00:00:80:D2:00:00:00:80:D4:00:00:00:80:D3:80:00:00:80:C6:C0:00:00:80:D0:00:00:00:80:D1:40:00:00:80:D1:80:00:00:80:D2:80:00:00:80:CF:40:00:00:80:9C:40:00:00:80:D0:80:8A:44:40:00:FF:FF:00:00:00:AB:10:45:46]
[53:48:DA:00:C8:05:66:00:00:80:D1:80:00:00:80:D1:40:00:00:80:D3:80:00:00:80:D3:40:00:00:80:D1:00:00:00:80:C8:00:00:00:80:CD:C0:00:00:80:CE:40:00:00:80:D0:40:00:00:80:D2:00:00:00:80:CC:40:00:00:80:CE:C0:00:00:80:CC:40:00:00:80:CD:80:00:00:80:CF:80:00:00:80:D2:C0:00:00:80:C4:80:00:00:80:CD:80:00:00:80:CC:C0:00:00:80:D0:80:8A:2F:C0:00:FF:FF:00:00:00:AB:10:45:46]
[53:48:DA:00:C8:05:67:00:00:80:CE:00:00:00:80:CF:00:00:00:80:D0:00:00:00:80:D3:40:00:00:80:CF:C0:00:00:80:CE:40:00:00:80:D0:C0:00:00:80:CF:00:00:00:80:D1:40:00:00:80:CF:00:00:00:80:D3:00:00:00:80:CF:C0:00:00:80:D0:C0:00:00:80:D0:C0:00:00:80:CF:40:00:00:80:D1:40:00:00:80:D4:00:00:00:80:A3:00:00:00:80:D3:C0:00:00:80:D2:40:8A:39:00:00:FF:FF:00:00:00:AB:10:45:46]
[53:48:DA:00:C8:05:68:00:00:80:D3:40:00:00:80:D3:00:00:00:80:D5:80:00:00:80:D3:80:00:00:80:D2:80:00:00:80:D3:80:00:00:80:D2:40:00:00:80:D3:00:00:00:80:D2:C0:00:00:80:D1:40:00:00:80:D4:00:00:00:80:D4:00:00:00:80:D2:00:00:00:80:D6:40:00:00:80:D2:40:00:00:80:D4:80:00:00:80:D4:80:00:00:80:D6:80:00:00:80:D4:40:00:00:80:C8:C0:8A:39:00:00:FF:FF:00:00:00:AB:10:45:46]
[53:48:DA:00:C8:05:69:00:00:80:D4:00:00:00:80:D5:C0:00:00:80:D4:C0:00:00:80:CF:C0:00:00:80:D0:40:00:00:80:D3:C0:00:00:80:D4:80:00:00:80:D6:C0:00:00:80:D3:C0:00:00:80:D3:40:00:00:80:D3:80:00:00:80:D1:40:00:00:80:D3:C0:00:00:80:D2:80:00:00:80:D1:00:00:00:80:D1:00:00:00:80:83:80:00:00:80:D2:80:00:00:80:CC:80:00:00:80:D0:80:8A:2D:80:00:FF:FF:00:00:00:AB:10:45:46]
[53:48:DA:00:C8:05:6A:00:00:80:CD:40:00:00:80:CE:C0:00:00:80:CB:C0:00:00:80:C9:80:00:00:80:D3:80:00:00:80:CF:80:00:00:80:D0:80:00:00:80:C1:00:00:00:80:CE:00:00:00:80:D0:00:00:00:80:CE:80:00:00:80:CE:40:00:00:80:CC:40:00:00:80:CF:00:00:00:80:D0:40:00:00:80:CE:00:00:00:80:D1:C0:00:00:80:D4:00:00:00:80:D2:00:00:00:80:CC:C0:8A:3B:00:00:FF:FF:00:00:00:AB:10:45:46]
[53:48:DA:00:C8:05:6B:00:00:80:D2:00:00:00:80:D0:C0:00:00:80:D3:80:00:00:80:D3:00:00:00:80:D1:00:00:00:80:CE:80:00:00:80:D0:00:00:00:80:CD:80:00:00:80:C9:00:00:00:80:C7:40:00:00:80:C3:00:00:00:80:B0:80:00:00:80:B3:C0:00:00:80:B0:80:00:00:80:AA:00:00:00:80:3F:40:00:00:80:8F:40:00:00:80:86:C0:00:00:80:7B:40:00:00:80:6F:40:8A:33:C0:00:FF:FF:00:00:00:AB:10:45:46]
[53:48:DA:00:C8:05:6C:00:00:80:67:C0:00:00:80:62:C0:00:00:80:57:C0:00:00:80:59:40:00:00:80:4F:00:00:00:80:56:40:00:00:80:59:C0:00:00:80:5C:C0:00:00:80:61:C0:00:00:80:72:40:00:00:80:74:40:00:00:80:77:80:00:00:80:81:80:00:00:80:86:00:00:00:80:89:80:00:00:80:8B:80:00:00:80:9B:C0:00:00:80:A7:C0:00:00:80:AE:80:00:00:80:B1:80:8A:30:C0:00:FF:FF:00:00:00:AB:10:45:46]
[53:48:DA:00:C8:05:6D:00:00:80:B9:80:00:00:80:C2:80:00:00:80:C8:00:00:00:80:CF:40:00:00:80:CD:40:00:00:80:D3:40:00:00:80:D7:40:00:00:80:DD:C0:00:00:80:DF:00:00:00:80:E2:40:00:00:80:E4:00:00:00:80:E4:C0:00:00:80:E2:00:00:00:80:E5:00:00:00:80:9B:C0:00:00:80:E6:00:00:00:80:E4:80:00:00:80:E6:40:00:00:80:E6:C0:00:00:80:E8:00:8A:55:00:00:FF:FF:00:00:00:AB:10:45:46]
[53:48:DA:00:C8:05:6E:00:00:80:F0:00:00:00:80:E6:80:00:00:80:EB:00:00:00:80:EB:40:00:00:80:EA:C0:00:00:80:F1:00:00:00:80:EE:00:00:00:80:F2:40:00:00:80:F0:00:00:00:80:E6:C0:00:00:80:EA:00:00:00:80:DF:80:00:00:80:D9:40:00:00:80:D3:C0:00:00:80:D9:80:00:00:80:E3:40:00:00:80:DA:80:00:00:80:DC:C0:00:00:80:E1:80:00:00:80:D9:80:8A:31:C0:00:FF:FF:00:00:00:AB:10:45:46]
[53:48:DA:00:C8:05:6F:00:00:80:D2:C0:00:00:80:D7:00:00:00:80:D5:C0:00:00:80:D5:00:00:00:80:D7:40:00:00:80:D3:40:00:00:80:D8:00:00:00:80:D1:C0:00:00:80:D6:C0:00:00:80:D8:80:00:00:80:D5:80:00:00:80:D6:40:00:00:80:D5:00:00:00:80:99:40:00:00:80:D0:C0:00:00:80:CF:00:00:00:80:D1:00:00:00:80:D2:C0:00:00:80:D4:00:00:00:80:D6:80:8A:40:40:00:FF:FF:00:00:00:AB:10:45:46]
[53:48:DA:00:C8:05:70:00:00:80:D3:40:00:00:80:D5:40:00:00:80:D8:C0:00:00:80:D5:C0:00:00:80:D4:80:00:00:80:D3:40:00:00:80:C1:C0:00:00:80:D0:00:00:00:80:D7:40:00:00:80:DD:00:00:00:80:D0:40:00:00:80:D3:80:00:00:80:D2:00:00:00:80:D2:00:00:00:80:D3:00:00:00:80:BF:C0:00:00:80:D0:40:00:00:80:D1:C0:00:00:80:CE:C0:00:00:80:D4:40:8A:3D:00:00:FF:FF:00:00:00:AB:10:45:46]
[53:48:DA:00:C8:05:71:00:00:80:D1:40:00:00:80:D2:40:00:00:80:D4:00:00:00:80:D0:C0:00:00:80:D2:40:00:00:80:CE:40:00:00:80:D1:00:00:00:80:D2:00:00:00:80:D4:C0:00:00:80:D5:C0:00:00:80:C9:C0:00:00:80:D1:80:00:00:80:C1:80:00:00:80:D5:C0:00:00:80:D1:40:00:00:80:CF:C0:00:00:80:D1:80:00:00:80:D4:80:00:00:80:CD:C0:00:00:80:D1:80:8A:39:00:00:FF:FF:00:00:00:AB:10:45:46]
[53:48:DA:00:C8:05:72:00:00:80:CF:C0:00:00:80:D0:C0:00:00:80:D0:80:00:00:80:D4:80:00:00:80:D1:C0:00:00:80:D0:00:00:00:80:D0:C0:00:00:80:D0:80:00:00:80:D2:80:00:00:80:D0:00:00:00:80:D1:80:00:00:80:CD:40:00:00:80:CF:C0:00:00:80:CF:C0:00:00:80:C8:40:00:00:80:D4:00:00:00:80:D0:80:00:00:80:D3:00:00:00:80:D5:C0:00:00:80:D2:00:8A:51:C0:00:FF:FF:00:00:00:AB:10:45:46]
[53:48:DA:00:C8:05:73:00:00:80:D6:00:00:00:80:D3:00:00:00:80:D4:40:00:00:80:D3:C0:00:00:80:D2:80:00:00:80:D0:C0:00:00:80:D2:C0:00:00:80:D4:40:00:00:80:D2:00:00:00:80:D4:40:00:00:80:D3:C0:00:00:80:D2:00:00:00:80:D1:40:00:00:80:CA:80:00:00:80:CD:40:00:00:80:D5:00:00:00:80:D2:C0:00:00:80:D3:00:00:00:80:CB:00:00:00:80:CE:00:8A:34:C0:00:FF:FF:00:00:00:AB:10:45:46]
[53:48:DA:00:C8:05:74:00:00:80:D2:40:00:00:80:D5:C0:00:00:80:CD:40:00:00:80:D6:00:00:00:80:D5:40:00:00:80:D0:80:00:00:80:D2:00:00:00:80:D3:80:00:00:80:D3:40:00:00:80:D5:00:00:00:80:D2:C0:00:00:80:D5:40:00:00:80:D1:40:00:00:80:CF:80:00:00:80:D2:40:00:00:80:D1:C0:00:00:80:D3:80:00:00:80:CF:40:00:00:80:D2:40:00:00:80:D3:00:8A:3C:00:00:FF:FF:00:00:00:AB:10:45:46]
[53:48:DA:00:C8:05:75:00:00:80:D2:40:00:00:80:D0:00:00:00:80:D2:40:00:00:80:D2:00:00:00:80:D2:40:00:00:80:D1:C0:00:00:80:CF:80:00:00:80:D4:C0:00:00:80:D1:C0:00:00:80:D0:00:00:00:80:D3:00:00:00:80:D3:C0:00:00:80:D0:00:00:00:80:D4:40:00:00:80:D0:C0:00:00:80:CF:40:00:00:80:D1:40:00:00:80:CF:C0:00:00:80:CD:00:00:00:80:CF:40:8A:33:C0:00:FF:FF:00:00:00:AB:10:45:46]
[53:48:DA:00:C8:05:76:00:00:80:D2:00:00:00:80:CF:C0:00:00:80:D1:00:00:00:80:D2:C0:00:00:80:D0:C0:00:00:80:C2:80:00:00:80:CF:40:00:00:80:D3:C0:00:00:80:CF:C0:00:00:80:CF:80:00:00:80:D6:40:00:00:80:CD:80:00:00:80:D1:C0:00:00:80:D5:40:00:00:80:D3:80:00:00:80:D1:40:00:00:80:D4:80:00:00:80:D1:00:00:00:80:D1:80:00:00:80:D2:00:8A:3A:00:00:FF:FF:00:00:00:AB:10:45:46]
[53:48:DA:00:C8:05:77:00:00:80:D2:00:00:00:80:D1:40:00:00:80:D3:80:00:00:80:CF:C0:00:00:80:D0:80:00:00:80:D2:40:00:00:80:CF:C0:00:00:80:CF:C0:00:00:80:D2:40:00:00:80:C4:40:00:00:80:CE:40:00:00:80:CE:80:00:00:80:CE:C0:00:00:80:D0:00:00:00:80:D2:80:00:00:80:CF:80:00:00:80:D0:C0:00:00:80:CA:00:00:00:80:D1:40:00:00:80:D2:40:8A:3E:40:00:FF:FF:00:00:00:AB:10:45:46]
[53:48:DA:00:C8:05:78:00:00:80:D2:40:00:00:80:D3:80:00:00:80:D1:00:00:00:80:D1:00:00:00:80:D1:40:00:00:80:D2:00:00:00:80:D3:40:00:00:80:D3:00:00:00:80:C5:40:00:00:80:D3:80:00:00:80:D2:80:00:00:80:D4:C0:00:00:80:D1:00:00:00:80:C9:C0:00:00:80:D1:C0:00:00:80:D5:00:00:00:80:D1:C0:00:00:80:D1:40:00:00:80:D4:C0:00:00:80:D3:80:8A:35:C0:00:FF:FF:00:00:00:AB:10:45:46]
[53:48:DA:00:C8:05:79:00:00:80:D5:C0:00:00:80:D4:C0:00:00:80:D1:80:00:00:80:D6:80:00:00:80:D4:80:00:00:80:D2:00:00:00:80:D4:40:00:00:80:D3:40:00:00:80:D2:80:00:00:80:D1:80:00:00:80:CE:80:00:00:80:D2:80:00:00:80:D1:00:00:00:80:D1:80:00:00:80:D1:00:00:00:80:CB:00:00:00:80:CC:C0:00:00:80:CB:40:00:00:80:D0:C0:00:00:80:D0:40:8A:32:C0:00:FF:FF:00:00:00:AB:10:45:46]
[53:48:DA:00:C8:05:7A:00:00:80:D2:80:00:00:80:D3:80:00:00:80:D4:00:00:00:80:CF:00:00:00:80:D0:40:00:00:80:D0:80:00:00:80:D1:00:00:00:80:B2:C0:00:00:80:D4:00:00:00:80:CE:C0:00:00:80:D1:80:00:00:80:D3:40:00:00:80:D4:C0:00:00:80:D4:40:00:00:80:D5:80:00:00:80:D2:80:00:00:80:D0:C0:00:00:80:D0:00:00:00:80:D4:80:00:00:80:D1:80:8A:3F:40:00:FF:FF:00:00:00:AB:10:45:46]
[53:48:DA:00:C8:05:7B:00:00:80:CE:40:00:00:80:CE:80:00:00:80:D4:00:00:00:80:D4:C0:00:00:80:D5:00:00:00:80:C3:00:00:00:80:D2:80:00:00:80:D5:00:00:00:80:D2:80:00:00:80:D4:40:00:00:80:D6:80:00:00:80:D4:80:00:00:80:D3:00:00:00:80:D4:40:00:00:80:D3:00:00:00:80:CD:40:00:00:80:D1:C0:00:00:80:D2:40:00:00:80:D5:40:00:00:80:D3:40:8A:33:C0:00:FF:FF:00:00:00:AB:10:45:46]
[53:48:DA:00:C8:05:7C:00:00:80:D0:C0:00:00:80:D3:40:00:00:80:D6:80:00:00:80:D3:40:00:00:80:C2:40:00:00:80:D6:C0:00:00:80:8D:00:00:00:80:D0:C0:00:00:80:D1:80:00:00:80:CF:80:00:00:80:D3:40:00:00:80:D4:C0:00:00:80:D1:40:00:00:80:CF:00:00:00:80:D4:40:00:00:80:D4:00:00:00:80:D5:00:00:00:80:D2:40:00:00:80:D1:00:00:00:80:D2:80:8A:3E:40:00:FF:FF:00:00:00:AB:10:45:46]
[53:48:DA:00:C8:05:7D:00:00:80:D3:C0:00:00:80:CF:C0:00:00:80:D2:80:00:00:80:CF:00:00:00:80:D2:40:00:00:80:D1:00:00:00:80:D2:C0:00:00:80:CF:40:00:00:80:C6:C0:00:00:80:D3:00:00:00:80:D2:C0:00:00:80:D1:C0:00:00:80:D0:C0:00:00:80:D2:C0:00:00:80:CE:00:00:00:80:D2:C0:00:00:80:D2:00:00:00:80:D1:00:00:00:80:CF:40:00:00:80:D1:C0:8A:3C:00:00:FF:FF:00:00:00:AB:10:45:46]
[53:48:DA:00:C8:05:7E:00:00:80:D2:40:00:00:80:D2:80:00:00:80:D2:00:00:00:80:D5:40:00:00:80:D5:40:00:00:80:7F:C0:00:00:80:D2:80:00:00:80:D2:00:00:00:80:D1:C0:00:00:80:D6:00:00:00:80:CF:C0:00:00:80:D2:40:00:00:80:C8:40:00:00:80:D4:80:00:00:80:D0:80:00:00:80:D2:00:00:00:80:D6:80:00:00:80:D3:80:00:00:80:D4:C0:00:00:80:D1:40:8A:34:C0:00:FF:FF:00:00:00:AB:10:45:46]
[53:48:DA:00:C8:05:7F:00:00:80:D3:C0:00:00:80:D4:80:00:00:80:D1:80:00:00:80:D5:40:00:00:80:D5:80:00:00:80:D2:80:00:00:80:CF:80:00:00:80:D3:40:00:00:80:D3:00:00:00:80:D2:00:00:00:80:D1:40:00:00:80:D3:00:00:00:80:D4:C0:00:00:80:CE:40:00:00:80:D5:00:00:00:80:D2:C0:00:00:80:CC:40:00:00:80:D3:40:00:00:80:D0:00:00:00:80:D5:40:8A:27:40:00:FF:FF:00:00:00:AB:10:45:46]
[53:48:DA:00:C8:05:80:00:00:80:D4:C0:00:00:80:D4:80:00:00:80:D4:00:00:00:80:D3:C0:00:00:80:78:80:00:00:80:D1:00:00:00:80:D2:C0:00:00:80:D2:80:00:00:80:D4:40:00:00:80:D4:00:00:00:80:D3:40:00:00:80:D5:C0:00:00:80:D1:80:00:00:80:D0:C0:00:00:80:D2:40:00:00:80:D3:C0:00:00:80:D2:00:00:00:80:CE:80:00:00:80:D1:80:00:00:80:D1:80:8A:30:C0:00:FF:FF:00:00:00:AB:10:45:46]
[53:48:DA:00:C8:05:81:00:00:80:D6:80:00:00:80:D4:00:00:00:80:D4:00:00:00:80:D4:80:00:00:80:D0:80:00:00:80:CC:C0:00:00:80:D3:40:00:00:80:CE:80:00:00:80:D3:40:00:00:80:CF:C0:00:00:80:D1:80:00:00:80:D1:40:00:00:80:CD:00:00:00:80:D0:80:00:00:80:D5:00:00:00:80:D2:40:00:00:80:D2:40:00:00:80:D1:80:00:00:80:D3:40:00:00:80:D2:40:8A:25:40:00:FF:FF:00:00:00:AB:10:45:46]
[53:48:DA:00:C8:05:82:00:00:80:D3:C0:00:00:80:D4:80:00:00:80:D2:80:00:00:80:65:80:00:00:80:CB:C0:00:00:80:CF:C0:00:00:80:D0:C0:00:00:80:CF:C0:00:00:80:D0:40:00:00:80:D1:40:00:00:80:D2:C0:00:00:80:CE:C0:00:00:80:CD:40:00:00:80:CF:40:00:00:80:CF:40:00:00:80:D0:40:00:00:80:D0:80:00:00:80:CF:40:00:00:80:D2:00:00:00:80:D0:00:8A:31:C0:00:FF:FF:00:00:00:AB:10:45:46]
[53:48:DA:00:C8:05:83:00:00:80:D0:00:00:00:80:CD:C0:00:00:80:CE:C0:00:00:80:CD:80:00:00:80:D3:00:00:00:80:D0:80:00:00:80:CF:C0:00:00:80:BE:C0:00:00:80:CF:80:00:00:80:D0:80:00:00:80:CF:40:00:00:80:CD:00:00:00:80:D1:00:00:00:80:CF:40:00:00:80:D2:80:00:00:80:D3:00:00:00:80:CE:C0:00:00:80:D0:00:00:00:80:CF:40:00:00:80:D0:C0:8A:38:00:00:FF:FF:00:00:00:AB:10:45:46]
[53:48:DA:00:C8:05:84:00:00:80:CE:00:00:00:80:CD:00:00:00:80:8C:80:00:00:80:CF:C0:00:00:80:D0:40:00:00:80:CC:C0:00:00:80:CD:00:00:00:80:D0:C0:00:00:80:CB:00:00:00:80:CD:40:00:00:80:CD:00:00:00:80:C0:C0:00:00:80:CA:00:00:00:80:CD:00:00:00:80:CC:40:00:00:80:CD:40:00:00:80:CF:00:00:00:80:CB:80:00:00:80:CB:80:00:00:80:C9:40:8A:40:40:00:FF:FF:00:00:00:AB:10:45:46]
[53:48:DA:00:C8:05:85:00:00:80:CC:40:00:00:80:CD:00:00:00:80:CB:40:00:00:80:CB:40:00:00:80:CA:80:00:00:80:CD:40:00:00:80:CB:C0:00:00:80:CA:C0:00:00:80:C7:40:00:00:80:CA:80:00:00:80:BF:40:00:00:80:CA:C0:00:00:80:C9:C0:00:00:80:C6:C0:00:00:80:C9:00:00:00:80:BC:00:00:00:80:C8:40:00:00:80:CA:00:00:00:80:CA:40:00:00:80:C5:80:8A:34:C0:00:FF:FF:00:00:00:AB:10:45:46]
[53:48:DA:00:C8:05:86:00:00:80:C7:80:00:00:80:B1:00:00:00:80:C7:80:00:00:80:C5:C0:00:00:80:C4:00:00:00:80:C3:C0:00:00:80:C2:40:00:00:80:C1:C0:00:00:80:C3:00:00:00:80:B7:80:00:00:80:C9:00:00:00:80:C4:80:00:00:80:C2:00:00:00:80:C1:C0:00:00:80:C2:40:00:00:80:C0:80:00:00:80:B9:C0:00:00:80:BE:00:00:00:80:C0:80:00:00:80:B6:C0:8A:28:40:00:FF:FF:00:00:00:AB:10:45:46]
[53:48:DA:00:C8:05:87:00:00:80:C1:40:00:00:80:BC:C0:00:00:80:BA:40:00:00:80:B9:80:00:00:80:BA:80:00:00:80:BC:40:00:00:80:B5:80:00:00:80:B7:80:00:00:80:B8:40:00:00:80:AE:00:00:00:80:B8:40:00:00:80:B6:00:00:00:80:BD:80:00:00:80:B9:C0:00:00:80:B4:C0:00:00:80:BA:40:00:00:80:B9:C0:00:00:80:B3:C0:00:00:80:B3:C0:00:00:80:B6:40:8A:34:C0:00:FF:FF:00:00:00:AB:10:45:46]
[53:48:DA:00:C8:05:88:00:00:80:2D:00:00:00:80:B5:00:00:00:80:B0:00:00:00:80:B3:C0:00:00:80:B6:80:00:00:80:B7:00:00:00:80:BB:40:00:00:80:B3:80:00:00:80:AC:80:00:00:80:B5:40:00:00:80:B6:80:00:00:80:B4:80:00:00:80:B5:C0:00:00:80:B9:00:00:00:80:B9:40:00:00:80:B6:C0:00:00:80:BB:80:00:00:80:BA:C0:00:00:80:BE:80:00:00:80:BF:80:8A:26:40:00:FF:FF:00:00:00:AB:10:45:46]
[53:48:DA:00:C8:05:89:00:00:80:BE:00:00:00:80:BE:80:00:00:80:BF:00:00:00:80:BE:C0:00:00:80:C2:40:00:00:80:BE:00:00:00:80:B2:C0:00:00:80:B5:40:00:00:80:B0:C0:00:00:80:C2:80:00:00:80:C3:40:00:00:80:C6:C0:00:00:80:C6:80:00:00:80:CB:80:00:00:80:CD:00:00:00:80:C9:00:00:00:80:CA:40:00:00:80:C9:C0:00:00:80:C9:80:00:00:80:CA:C0:8A:44:40:00:FF:FF:00:00:00:AB:10:45:46]
[53:48:DA:00:C8:05:8A:00:00:80:C8:00:00:00:80:C9:40:00:00:80:C8:80:00:00:80:CC:80:00:00:80:CC:40:00:00:80:CD:40:00:00:80:CF:C0:00:00:80:CD:C0:00:00:80:D0:00:00:00:80:D3:C0:00:00:80:C5:40:00:00:80:D5:40:00:00:80:D2:80:00:00:80:D2:00:00:00:80:CE:C0:00:00:80:D0:40:00:00:80:D1:C0:00:00:80:D2:40:00:00:80:D2:C0:00:00:80:D3:40:8A:4B:80:00:FF:FF:00:00:00:AB:10:45:46]
[53:48:DA:00:C8:05:8B:00:00:80:CE:00:00:00:80:C5:C0:00:00:80:D1:C0:00:00:80:D3:00:00:00:80:D3:80:00:00:80:D3:40:00:00:80:D1:00:00:00:80:D1:00:00:00:80:D1:80:00:00:80:D2:40:00:00:80:D3:00:00:00:80:D1:40:00:00:80:D0:80:00:00:80:D1:00:00:00:80:C5:00:00:00:80:D0:80:00:00:80:D2:C0:00:00:80:D3:C0:00:00:80:CE:80:00:00:80:80:40:8A:44:40:00:FF:FF:00:00:00:AB:10:45:46]
[53:48:DA:00:C8:05:8C:00:00:80:CE:80:00:00:80:D3:80:00:00:80:D2:80:00:00:80:D2:80:00:00:80:D2:80:00:00:80:D3:40:00:00:80:D0:00:00:00:80:D2:00:00:00:80:D1:80:00:00:80:CC:C0:00:00:80:D6:00:00:00:80:D5:40:00:00:80:D2:C0:00:00:80:D1:00:00:00:80:CF:00:00:00:80:D5:00:00:00:80:D5:C0:00:00:80:D6:40:00:00:80:C8:80:00:00:80:D1:40:8A:3C:00:00:FF:FF:00:00:00:AB:10:45:46]
[53:48:DA:00:C8:05:8D:00:00:80:D1:C0:00:00:80:D2:40:00:00:80:D1:C0:00:00:80:D1:C0:00:00:80:D2:C0:00:00:80:D4:80:00:00:80:D5:40:00:00:80:D5:40:00:00:80:D4:00:00:00:80:D6:00:00:00:80:D7:00:00:00:80:D0:80:00:00:80:D3:C0:00:00:80:D4:40:00:00:80:D4:C0:00:00:80:D3:00:00:00:80:D6:80:00:00:80:D4:00:00:00:80:AA:80:00:00:80:D4:00:8A:32:C0:00:FF:FF:00:00:00:AB:10:45:46]
[53:48:DA:00:C8:05:8E:00:00:80:D5:C0:00:00:80:CB:40:00:00:80:CD:C0:00:00:80:D5:00:00:00:80:D3:00:00:00:80:CE:C0:00:00:80:D2:40:00:00:80:D4:C0:00:00:80:D4:40:00:00:80:D5:00:00:00:80:D1:C0:00:00:80:D3:00:00:00:80:D4:40:00:00:80:D1:00:00:00:80:D1:C0:00:00:80:D3:40:00:00:80:D2:80:00:00:80:D2:C0:00:00:80:CF:C0:00:00:80:D3:40:8A:35:C0:00:FF:FF:00:00:00:AB:10:45:46]
[53:48:DA:00:C8:05:8F:00:00:80:D3:00:00:00:80:D4:40:00:00:80:D4:00:00:00:80:D2:00:00:00:80:D1:C0:00:00:80:C0:80:00:00:80:D2:80:00:00:80:D4:40:00:00:80:D2:40:00:00:80:CF:C0:00:00:80:D0:40:00:00:80:D2:C0:00:00:80:D0:C0:00:00:80:D0:C0:00:00:80:CF:80:00:00:80:D0:80:00:00:80:D4:00:00:00:80:83:40:00:00:80:D1:00:00:00:80:D0:00:8A:3A:00:00:FF:FF:00:00:00:AB:10:45:46]
[53:48:DA:00:C8:05:90:00:00:80:D1:80:00:00:80:D2:40:00:00:80:CF:40:00:00:80:D3:00:00:00:80:D1:00:00:00:80:D2:80:00:00:80:CF:C0:00:00:80:D4:C0:00:00:80:CF:C0:00:00:80:C0:C0:00:00:80:C9:00:00:00:80:D0:80:00:00:80:D1:C0:00:00:80:D2:00:00:00:80:D5:00:00:00:80:D0:00:00:00:80:D0:80:00:00:80:D3:80:00:00:80:D4:40:00:00:80:D3:40:8A:25:40:00:FF:FF:00:00:00:AB:10:45:46]
[53:48:DA:00:C8:05:91:00:00:80:D2:00:00:00:80:D3:C0:00:00:80:D2:C0:00:00:80:D0:C0:00:00:80:D3:40:00:00:80:D4:00:00:00:80:D4:00:00:00:80:CF:C0:00:00:80:D1:40:00:00:80:D2:00:00:00:80:D1:40:00:00:80:D4:00:00:00:80:D3:C0:00:00:80:C4:C0:00:00:80:D4:00:00:00:80:D5:00:00:00:80:A3:00:00:00:80:D5:C0:00:00:80:D2:00:00:00:80:D0:40:8A:4A:80:00:FF:FF:00:00:00:AB:10:45:46]
[53:48:DA:00:C8:05:92:00:00:80:CF:00:00:00:80:D3:80:00:00:80:D3:00:00:00:80:D2:00:00:00:80:D4:C0:00:00:80:D1:00:00:00:80:D5:40:00:00:80:D4:00:00:00:80:D2:C0:00:00:80:D0:80:00:00:80:D1:00:00:00:80:D1:00:00:00:80:D2:80:00:00:80:D1:C0:00:00:80:C2:00:00:00:80:D2:00:00:00:80:D3:40:00:00:80:CD:00:00:00:80:D2:40:00:00:80:D0:40:8A:5F:40:00:FF:FF:00:00:00:AB:10:45:46]
[53:48:DA:00:C8:05:93:00:00:80:CC:C0:00:00:80:CE:C0:00:00:80:CF:40:00:00:80:D1:40:00:00:80:D4:80:00:00:80:CF:C0:00:00:80:CF:C0:00:00:80:D6:40:00:00:80:D2:C0:00:00:80:D1:40:00:00:80:D1:80:00:00:80:D2:C0:00:00:80:D0:C0:00:00:80:D0:40:00:00:80:D2:80:00:00:80:D0:40:00:00:80:D3:40:00:00:80:D1:00:00:00:80:D5:80:00:00:80:D3:C0:8A:31:C0:00:FF:FF:00:00:00:AB:10:45:46]
[53:48:DA:00:C8:05:94:00:00:80:CA:C0:00:00:80:CB:C0:00:00:80:C3:00:00:00:80:CF:80:00:00:80:D0:40:00:00:80:CF:00:00:00:80:D0:80:00:00:80:D1:80:00:00:80:D2:00:00:00:80:D4:80:00:00:80:D1:80:00:00:80:D2:C0:00:00:80:D0:C0:00:00:80:D4:40:00:00:80:D1:80:00:00:80:D4:00:00:00:80:D1:C0:00:00:80:D0:40:00:00:80:D0:C0:00:00:80:CC:80:8A:4B:80:00:FF:FF:00:00:00:AB:10:45:46]
[53:48:DA:00:C8:05:95:00:00:80:D2:00:00:00:80:D3:C0:00:00:80:D0:00:00:00:80:C5:40:00:00:80:CE:40:00:00:80:D4:C0:00:00:80:D4:00:00:00:80:D4:00:00:00:80:D2:00:00:00:80:D1:C0:00:00:80:D1:C0:00:00:80:D4:80:00:00:80:D3:40:00:00:80:D2:C0:00:00:80:C4:00:00:00:80:CF:40:00:00:80:D4:80:00:00:80:D4:00:00:00:80:D3:00:00:00:80:D2:80:8A:3B:00:00:FF:FF:00:00:00:AB:10:45:46]
[53:48:DA:00:C8:05:96:00:00:80:D1:00:00:00:80:D0:80:00:00:80:D2:40:00:00:80:D0:C0:00:00:80:D2:80:00:00:80:D3:00:00:00:80:D0:80:00:00:80:D1:00:00:00:80:C8:C0:00:00:80:D2:00:00:00:80:D2:C0:00:00:80:CE:00:00:00:80:D1:00:00:00:80:CD:00:00:00:80:D2:40:00:00:80:D3:00:00:00:80:D1:00:00:00:80:D3:00:00:00:80:D1:40:00:00:80:D3:00:8A:4B:80:00:FF:FF:00:00:00:AB:10:45:46]
[53:48:DA:00:C8:05:97:00:00:80:CF:80:00:00:80:D2:80:00:00:80:D5:C0:00:00:80:D4:C0:00:00:80:CE:00:00:00:80:D2:00:00:00:80:D2:40:00:00:80:CF:00:00:00:80:CE:C0:00:00:80:D6:80:00:00:80:CF:80:00:00:80:D3:40:00:00:80:C7:C0:00:00:80:D2:C0:00:00:80:D1:80:00:00:80:D2:80:00:00:80:CE:80:00:00:80:D0:00:00:00:80:D1:00:00:00:80:D3:00:8A:48:80:00:FF:FF:00:00:00:AB:10:45:46]
[53:48:DA:00:C8:05:98:00:00:80:CC:80:00:00:80:D3:80:00:00:80:D3:C0:00:00:80:D3:80:00:00:80:D0:00:00:00:80:CD:C0:00:00:80:D1:00:00:00:80:D3:C0:00:00:80:D1:00:00:00:80:D1:00:00:00:80:D0:40:00:00:80:D0:80:00:00:80:C4:40:00:00:80:D3:40:00:00:80:D1:40:00:00:80:CF:40:00:00:80:CA:C0:00:00:80:D0:40:00:00:80:D1:80:00:00:80:D0:C0:8A:43:40:00:FF:FF:00:00:00:AB:10:45:46]
[53:48:DA:00:C8:05:99:00:00:80:CF:00:00:00:80:CE:C0:00:00:80:D1:80:00:00:80:D0:00:00:00:80:D0:40:00:00:80:D3:C0:00:00:80:D3:80:00:00:80:D3:80:00:00:80:D1:C0:00:00:80:D2:C0:00:00:80:D1:00:00:00:80:D0:80:00:00:80:D0:80:00:00:80:D0:80:00:00:80:CE:00:00:00:80:CE:C0:00:00:80:D3:40:00:00:80:CF:00:00:00:80:D0:C0:00:00:80:D1:80:8A:42:40:00:FF:FF:00:00:00:AB:10:45:46]
[53:48:DA:00:C8:05:9A:00:00:80:D1:C0:00:00:80:D5:40:00:00:80:D4:C0:00:00:80:C8:00:00:00:80:D2:00:00:00:80:D1:00:00:00:80:D2:C0:00:00:80:D4:40:00:00:80:D0:40:00:00:80:CE:40:00:00:80:D4:40:00:00:80:AF:40:00:00:80:CF:00:00:00:80:D2:40:00:00:80:CF:40:00:00:80:D1:00:00:00:80:D1:40:00:00:80:D3:00:00:00:80:D3:C0:00:00:80:CE:00:8A:3B:00:00:FF:FF:00:00:00:AB:10:45:46]
[53:48:DA:00:C8:05:9B:00:00:80:D0:40:00:00:80:CF:80:00:00:80:CF:C0:00:00:80:CD:C0:00:00:80:CD:00:00:00:80:D3:C0:00:00:80:CF:80:00:00:80:D0:80:00:00:80:D0:C0:00:00:80:D4:00:00:00:80:D1:80:00:00:80:D1:00:00:00:80:D1:00:00:00:80:D0:40:00:00:80:D0:40:00:00:80:D2:40:00:00:80:D2:80:00:00:80:D2:80:00:00:80:CF:C0:00:00:80:CC:C0:8A:35:C0:00:FF:FF:00:00:00:AB:10:45:46]
[53:48:DA:00:C8:05:9C:00:00:80:D2:80:00:00:80:D0:40:00:00:80:D2:40:00:00:80:D0:40:00:00:80:CF:80:00:00:80:D1:80:00:00:80:D0:C0:00:00:80:CD:40:00:00:80:D2:C0:00:00:80:D3:C0:00:00:80:98:40:00:00:80:CF:80:00:00:80:D2:00:00:00:80:D0:40:00:00:80:CC:80:00:00:80:D1:00:00:00:80:D2:80:00:00:80:CF:80:00:00:80:CD:80:00:00:80:CF:C0:8A:45:80:00:FF:FF:00:00:00:AB:10:45:46]
[53:48:DA:00:C8:05:9D:00:00:80:D3:80:00:00:80:D3:80:00:00:80:D1:C0:00:00:80:D1:40:00:00:80:D1:80:00:00:80:D5:80:00:00:80:D0:40:00:00:80:D1:80:00:00:80:D1:00:00:00:80:D2:80:00:00:80:CE:00:00:00:80:CD:40:00:00:80:D0:00:00:00:80:D1:00:00:00:80:D3:00:00:00:80:D0:80:00:00:80:CF:C0:00:00:80:D0:C0:00:00:80:CE:80:00:00:80:D4:00:8A:56:00:00:FF:FF:00:00:00:AB:10:45:46]
[53:48:DA:00:C8:05:9E:00:00:80:D4:C0:00:00:80:CF:C0:00:00:80:D4:80:00:00:80:CF:40:00:00:80:D3:40:00:00:80:D0:00:00:00:80:D0:C0:00:00:80:D0:80:00:00:80:D3:80:00:00:80:8E:80:00:00:80:D3:00:00:00:80:D2:40:00:00:80:D0:80:00:00:80:D1:00:00:00:80:D3:00:00:00:80:CC:C0:00:00:80:D5:C0:00:00:80:D3:00:00:00:80:D0:40:00:00:80:D3:00:8A:42:40:00:FF:FF:00:00:00:AB:10:45:46]
[53:48:DA:00:C8:05:9F:00:00:80:D3:00:00:00:80:D5:80:00:00:80:D0:00:00:00:80:D2:80:00:00:80:CE:C0:00:00:80:D2:40:00:00:80:D4:C0:00:00:80:CF:00:00:00:80:D0:C0:00:00:80:D2:80:00:00:80:D0:80:00:00:80:D3:80:00:00:80:D1:80:00:00:80:D3:80:00:00:80:CF:40:00:00:80:D2:40:00:00:80:D0:C0:00:00:80:CC:80:00:00:80:CD:80:00:00:80:CB:00:8A:43:40:00:FF:FF:00:00:00:AB:10:45:46]
[53:48:DA:00:C8:05:A0:00:00:80:D2:00:00:00:80:D3:C0:00:00:80:D0:C0:00:00:80:D3:80:00:00:80:D0:C0:00:00:80:D1:80:00:00:80:D1:00:00:00:80:D1:C0:00:00:80:80:00:00:00:80:D2:80:00:00:80:CF:40:00:00:80:D1:00:00:00:80:D2:40:00:00:80:D5:00:00:00:80:D1:00:00:00:80:D2:00:00:00:80:CF:C0:00:00:80:D3:C0:00:00:80:CF:C0:00:00:80:CF:C0:8A:5D:40:00:FF:FF:00:00:00:AB:10:45:46]
[53:48:DA:00:C8:05:A1:00:00:80:D2:C0:00:00:80:D5:00:00:00:80:CC:00:00:00:80:CC:00:00:00:80:D2:80:00:00:80:D1:00:00:00:80:CF:C0:00:00:80:D3:00:00:00:80:D2:40:00:00:80:D2:40:00:00:80:D0:80:00:00:80:D2:40:00:00:80:D1:80:00:00:80:D5:40:00:00:80:C8:00:00:00:80:D1:00:00:00:80:D4:40:00:00:80:D2:40:00:00:80:D1:C0:00:00:80:D1:40:8A:38:00:00:FF:FF:00:00:00:AB:10:45:46]
[53:48:DA:00:C8:05:A2:00:00:80:D2:C0:00:00:80:D4:40:00:00:80:D1:80:00:00:80:D2:40:00:00:80:D2:00:00:00:80:D2:00:00:00:80:C6:C0:00:00:80:90:80:00:00:80:D3:80:00:00:80:D0:00:00:00:80:D2:80:00:00:80:D0:C0:00:00:80:D3:80:00:00:80:D2:00:00:00:80:D0:C0:00:00:80:D3:40:00:00:80:D1:C0:00:00:80:D2:80:00:00:80:D3:00:00:00:80:D6:C0:8A:45:80:00:FF:FF:00:00:00:AB:10:45:46]
[53:48:DA:00:C8:05:A3:00:00:80:D0:C0:00:00:80:CF:00:00:00:80:D0:80:00:00:80:D2:C0:00:00:80:CF:00:00:00:80:D2:00:00:00:80:D0:C0:00:00:80:D2:00:00:00:80:D2:C0:00:00:80:D1:C0:00:00:80:C7:80:00:00:80:D3:C0:00:00:80:CF:00:00:00:80:D3:00:00:00:80:D0:80:00:00:80:D1:40:00:00:80:D2:C0:00:00:80:D2:80:00:00:80:CE:C0:00:00:80:D3:80:8A:50:C0:00:FF:FF:00:00:00:AB:10:45:46]
[53:48:DA:00:C8:05:A4:00:00:80:D1:80:00:00:80:D5:40:00:00:80:D0:40:00:00:80:D5:80:00:00:80:D4:00:00:00:80:D3:40:00:00:80:92:80:00:00:80:D2:00:00:00:80:D1:40:00:00:80:D2:40:00:00:80:CD:40:00:00:80:CF:00:00:00:80:D3:80:00:00:80:D3:00:00:00:80:C6:00:00:00:80:D3:40:00:00:80:D2:80:00:00:80:D0:00:00:00:80:D1:40:00:00:80:CD:80:8A:4D:C0:00:FF:FF:00:00:00:AB:10:45:46]
[53:48:DA:00:C8:05:A5:00:00:80:CF:40:00:00:80:D0:80:00:00:80:D0:00:00:00:80:D2:80:00:00:80:D2:40:00:00:80:D3:80:00:00:80:CF:C0:00:00:80:CF:40:00:00:80:CF:40:00:00:80:D0:00:00:00:80:D2:40:00:00:80:CD:00:00:00:80:CF:C0:00:00:80:D1:80:00:00:80:CE:C0:00:00:80:D0:80:00:00:80:D2:40:00:00:80:D2:80:00:00:80:CC:C0:00:00:80:D5:40:8A:31:C0:00:FF:FF:00:00:00:AB:10:45:46]
[53:48:DA:00:C8:05:A6:00:00:80:CF:C0:00:00:80:D1:C0:00:00:80:CF:80:00:00:80:D1:40:00:00:80:CF:40:00:00:80:98:80:00:00:80:D3:00:00:00:80:D3:40:00:00:80:D0:C0:00:00:80:D0:00:00:00:80:D1:80:00:00:80:D0:C0:00:00:80:D0:80:00:00:80:CD:80:00:00:80:D3:00:00:00:80:D5:80:00:00:80:D4:80:00:00:80:D0:40:00:00:80:D1:40:00:00:80:D3:40:8A:52:C0:00:FF:FF:00:00:00:AB:10:45:46]
[53:48:DA:00:C8:05:A7:00:00:80:D1:C0:00:00:80:CE:00:00:00:80:C8:80:00:00:80:D1:00:00:00:80:D1:80:00:00:80:CF:80:00:00:80:D0:00:00:00:80:D1:40:00:00:80:D1:80:00:00:80:D0:40:00:00:80:D0:00:00:00:80:CF:40:00:00:80:D0:C0:00:00:80:CF:80:00:00:80:D1:40:00:00:80:CB:C0:00:00:80:D0:40:00:00:80:D1:80:00:00:80:D2:40:00:00:80:CF:40:8A:57:00:00:FF:FF:00:00:00:AB:10:45:46]
[53:48:DA:00:C8:05:A8:00:00:80:CF:80:00:00:80:D4:C0:00:00:80:D3:80:00:00:80:D0:40:00:00:80:9C:40:00:00:80:C5:00:00:00:80:D4:40:00:00:80:D0:00:00:00:80:D1:80:00:00:80:D3:C0:00:00:80:D3:40:00:00:80:D1:40:00:00:80:CE:C0:00:00:80:D4:80:00:00:80:D1:00:00:00:80:CF:40:00:00:80:D0:80:00:00:80:D3:00:00:00:80:D2:80:00:00:80:D0:C0:8A:42:40:00:FF:FF:00:00:00:AB:10:45:46]
[53:48:DA:00:C8:05:A9:00:00:80:D1:00:00:00:80:D2:40:00:00:80:D3:C0:00:00:80:CF:80:00:00:80:D1:80:00:00:80:D0:40:00:00:80:D2:00:00:00:80:D0:00:00:00:80:D1:40:00:00:80:C5:C0:00:00:80:D3:40:00:00:80:D0:80:00:00:80:D0:C0:00:00:80:D0:C0:00:00:80:D4:00:00:00:80:CE:C0:00:00:80:D1:C0:00:00:80:D2:40:00:00:80:D1:C0:00:00:80:D1:40:8A:46:80:00:FF:FF:00:00:00:AB:10:45:46]
[53:48:DA:00:C8:05:AA:00:00:80:D2:40:00:00:80:D2:80:00:00:80:D1:00:00:00:80:87:80:00:00:80:CE:00:00:00:80:D1:40:00:00:80:CF:C0:00:00:80:CD:40:00:00:80:D1:00:00:00:80:D1:C0:00:00:80:D0:80:00:00:80:CD:80:00:00:80:D3:40:00:00:80:C9:40:00:00:80:D2:C0:00:00:80:CD:C0:00:00:80:D4:80:00:00:80:D3:00:00:00:80:D3:80:00:00:80:D1:80:8A:5A:00:00:FF:FF:00:00:00:AB:10:45:46]
[53:48:DA:00:C8:05:AB:00:00:80:D4:00:00:00:80:D1:80:00:00:80:CF:80:00:00:80:D0:00:00:00:80:D3:00:00:00:80:D0:C0:00:00:80:CF:C0:00:00:80:D0:40:00:00:80:D1:00:00:00:80:D1:C0:00:00:80:D2:40:00:00:80:CD:C0:00:00:80:C7:40:00:00:80:CC:80:00:00:80:D0:00:00:00:80:CF:00:00:00:80:D0:40:00:00:80:CC:00:00:00:80:D1:00:00:00:80:CF:80:8A:4B:80:00:FF:FF:00:00:00:AB:10:45:46]
[53:48:DA:00:C8:05:AC:00:00:80:D1:C0:00:00:80:D4:00:00:00:80:7F:80:00:00:80:D3:00:00:00:80:CE:00:00:00:80:D0:C0:00:00:80:D0:80:00:00:80:D2:80:00:00:80:D0:40:00:00:80:CE:80:00:00:80:CC:40:00:00:80:CE:80:00:00:80:CF:80:00:00:80:CE:C0:00:00:80:D2:C0:00:00:80:D3:00:00:00:80:D1:80:00:00:80:D0:40:00:00:80:D2:C0:00:00:80:D2:80:8A:35:C0:00:FF:FF:00:00:00:AB:10:45:46]
[53:48:DA:00:C8:05:AD:00:00:80:CA:40:00:00:80:CA:00:00:00:80:D1:40:00:00:80:CC:C0:00:00:80:D0:40:00:00:80:CE:C0:00:00:80:D3:80:00:00:80:D0:80:00:00:80:D2:00:00:00:80:D5:00:00:00:80:D3:80:00:00:80:CE:80:00:00:80:CE:40:00:00:80:D2:40:00:00:80:D3:C0:00:00:80:D0:C0:00:00:80:D1:C0:00:00:80:D1:40:00:00:80:D0:C0:00:00:80:D3:C0:8A:2D:80:00:FF:FF:00:00:00:AB:10:45:46]
[53:48:DA:00:C8:05:AE:00:00:80:D4:00:00:00:80:91:40:00:00:80:D1:80:00:00:80:D2:C0:00:00:80:D0:00:00:00:80:D5:00:00:00:80:D2:00:00:00:80:D1:80:00:00:80:D3:C0:00:00:80:CC:00:00:00:80:D1:C0:00:00:80:D0:C0:00:00:80:CF:C0:00:00:80:CE:80:00:00:80:CC:80:00:00:80:D0:40:00:00:80:D0:80:00:00:80:D4:80:00:00:80:D2:00:00:00:80:CC:00:8A:3C:00:00:FF:FF:00:00:00:AB:10:45:46]
[53:48:DA:00:C8:05:AF:00:00:80:D2:00:00:00:80:D5:C0:00:00:80:C9:C0:00:00:80:CD:00:00:00:80:D3:00:00:00:80:D1:80:00:00:80:CF:C0:00:00:80:D0:80:00:00:80:C7:40:00:00:80:D2:80:00:00:80:D2:40:00:00:80:D2:40:00:00:80:CF:40:00:00:80:CB:00:00:00:80:CF:80:00:00:80:D3:40:00:00:80:D1:C0:00:00:80:CE:80:00:00:80:D0:C0:00:00:80:D4:80:8A:3B:00:00:FF:FF:00:00:00:AB:10:45:46]
[53:48:DA:00:C8:05:B0:00:00:80:9B:80:00:00:80:D3:40:00:00:80:D3:C0:00:00:80:D1:40:00:00:80:CD:C0:00:00:80:D2:00:00:00:80:D4:00:00:00:80:D1:C0:00:00:80:CE:80:00:00:80:D1:40:00:00:80:D2:80:00:00:80:D4:00:00:00:80:CA:40:00:00:80:C5:40:00:00:80:D4:00:00:00:80:CF:40:00:00:80:D1:00:00:00:80:CB:40:00:00:80:D1:C0:00:00:80:CF:00:8A:4F:C0:00:FF:FF:00:00:00:AB:10:45:46]
[53:48:DA:00:C8:05:B1:00:00:80:D1:C0:00:00:80:D1:C0:00:00:80:D0:80:00:00:80:D2:C0:00:00:80:CB:40:00:00:80:CC:40:00:00:80:D0:00:00:00:80:D1:C0:00:00:80:D1:80:00:00:80:D3:00:00:00:80:CD:C0:00:00:80:D0:40:00:00:80:D2:80:00:00:80:D2:C0:00:00:80:C9:80:00:00:80:D0:C0:00:00:80:CF:80:00:00:80:D4:C0:00:00:80:D1:40:00:00:80:D0:40:8A:65:80:00:FF:FF:00:00:00:AB:10:45:46]
[53:48:DA:00:C8:05:B2:00:00:80:D3:80:00:00:80:D6:00:00:00:80:D3:80:00:00:80:D2:00:00:00:80:D2:40:00:00:80:D4:C0:00:00:80:D1:C0:00:00:80:CF:00:00:00:80:CF:C0:00:00:80:D0:80:00:00:80:D0:80:00:00:80:CE:80:00:00:80:CD:00:00:00:80:CF:00:00:00:80:CF:C0:00:00:80:CF:00:00:00:80:D0:80:00:00:80:D1:00:00:00:80:D2:80:00:00:80:D2:C0:8A:4D:C0:00:FF:FF:00:00:00:AB:10:45:46]
[53:48:DA:00:C8:05:B3:00:00:80:CF:80:00:00:80:D2:00:00:00:80:CD:C0:00:00:80:CE:C0:00:00:80:D0:00:00:00:80:D0:C0:00:00:80:D1:C0:00:00:80:D0:C0:00:00:80:D3:80:00:00:80:D0:80:00:00:80:CB:00:00:00:80:D0:40:00:00:80:D5:C0:00:00:80:D2:80:00:00:80:D4:80:00:00:80:BA:80:00:00:80:D4:00:00:00:80:CE:C0:00:00:80:D1:C0:00:00:80:CF:C0:8A:35:C0:00:FF:FF:00:00:00:AB:10:45:46]
[53:48:DA:00:C8:05:B4:00:00:80:CA:00:00:00:80:D4:40:00:00:80:CE:40:00:00:80:CE:C0:00:00:80:C7:C0:00:00:80:D2:80:00:00:80:CB:00:00:00:80:D1:C0:00:00:80:D2:40:00:00:80:D0:80:00:00:80:D0:40:00:00:80:D1:C0:00:00:80:CD:C0:00:00:80:CE:00:00:00:80:D0:C0:00:00:80:D1:00:00:00:80:D3:00:00:00:80:D2:80:00:00:80:D3:00:00:00:80:CD:00:8A:3B:00:00:FF:FF:00:00:00:AB:10:45:46]
[53:48:DA:00:C8:05:B5:00:00:80:CF:C0:00:00:80:D2:C0:00:00:80:D3:40:00:00:80:D1:C0:00:00:80:D2:C0:00:00:80:D0:80:00:00:80:CF:40:00:00:80:CA:40:00:00:80:D3:40:00:00:80:D2:40:00:00:80:D2:00:00:00:80:CE:40:00:00:80:CF:80:00:00:80:D2:C0:00:00:80:D2:40:00:00:80:D2:00:00:00:80:D2:C0:00:00:80:D0:80:00:00:80:A5:40:00:00:80:D3:40:8A:47:80:00:FF:FF:00:00:00:AB:10:45:46]
[53:48:DA:00:C8:05:05:00:00:80:D0:40:00:00:80:D0:C0:00:00:80:D0:80:00:00:80:CF:40:00:00:80:CF:40:00:00:80:CE:00:00:00:80:CE:00:00:00:80:CF:00:00:00:80:D1:C0:00:00:80:D0:00:00:00:80:D0:40:00:00:80:CD:C0:00:00:80:CC:00:00:00:80:CE:80:00:00:80:D1:80:00:00:80:D0:C0:00:00:80:D0:00:00:00:80:CF:00:00:00:80:D0:80:00:00:80:D0:40:8A:24:40:00:FF:FF:00:00:00:AB:10:45:46]
[53:48:DA:00:C8:05:06:00:00:80:CF:C0:00:00:80:CE:C0:00:00:80:CD:C0:00:00:80:CF:00:00:00:80:CE:00:00:00:80:D1:00:00:00:80:C4:C0:00:00:80:CE:80:00:00:80:CF:80:00:00:80:D1:40:00:00:80:D0:40:00:00:80:D1:40:00:00:80:D0:40:00:00:80:D2:40:00:00:80:D4:80:00:00:80:D5:40:00:00:80:CF:40:00:00:80:D1:40:00:00:80:CC:40:00:00:80:D3:40:8A:30:C0:00:FF:FF:00:00:00:AB:10:45:46]
[53:48:DA:00:C8:05:07:00:00:80:D3:00:00:00:80:CF:80:00:00:80:D0:00:00:00:80:D0:00:00:00:80:D2:C0:00:00:80:D1:40:00:00:80:C5:C0:00:00:80:D2:80:00:00:80:CF:00:00:00:80:CF:40:00:00:80:D1:80:00:00:80:D2:00:00:00:80:D1:80:00:00:80:D2:40:00:00:80:CF:C0:00:00:80:D1:40:00:00:80:D2:C0:00:00:80:D0:40:00:00:80:D1:80:00:00:80:D0:80:8A:4C:C0:00:FF:FF:00:00:00:AB:10:45:46]
[53:48:DA:00:C8:05:08:00:00:80:D2:00:00:00:80:D1:40:00:00:80:D0:C0:00:00:80:D2:80:00:00:80:CF:40:00:00:80:C6:80:00:00:80:CF:C0:00:00:80:CF:40:00:00:80:D2:C0:00:00:80:D0:00:00:00:80:CF:80:00:00:80:CE:40:00:00:80:D1:C0:00:00:80:D1:80:00:00:80:D0:40:00:00:80:CF:00:00:00:80:D0:C0:00:00:80:B5:80:00:00:80:D0:00:00:00:80:D2:00:8A:3A:00:00:FF:FF:00:00:00:AB:10:45:46]
[53:48:DA:00:C8:05:09:00:00:80:CE:40:00:00:80:CD:80:00:00:80:CF:C0:00:00:80:D1:00:00:00:80:CE:C0:00:00:80:D0:40:00:00:80:CE:C0:00:00:80:D1:80:00:00:80:D1:80:00:00:80:D1:80:00:00:80:D1:00:00:00:80:D0:80:00:00:80:CB:00:00:00:80:D1:C0:00:00:80:CF:80:00:00:80:D1:C0:00:00:80:D2:00:00:00:80:CF:C0:00:00:80:CF:C0:00:00:80:CE:80:8A:42:40:00:FF:FF:00:00:00:AB:10:45:46]
[53:48:DA:00:C8:05:0A:00:00:80:CF:C0:00:00:80:D2:40:00:00:80:D0:C0:00:00:80:CB:C0:00:00:80:CB:80:00:00:80:D0:C0:00:00:80:D2:80:00:00:80:D2:00:00:00:80:D0:40:00:00:80:CC:00:00:00:80:CF:00:00:00:80:D4:C0:00:00:80:D2:C0:00:00:80:CD:80:00:00:80:D2:C0:00:00:80:D5:40:00:00:80:7B:40:00:00:80:D2:00:00:00:80:D2:40:00:00:80:D2:80:8A:48:80:00:FF:FF:00:00:00:AB:10:45:46]
[53:48:DA:00:C8:05:0B:00:00:80:D1:00:00:00:80:CE:80:00:00:80:D0:80:00:00:80:D0:C0:00:00:80:CB:C0:00:00:80:D1:40:00:00:80:CE:00:00:00:80:D4:00:00:00:80:D2:80:00:00:80:D1:00:00:00:80:D3:00:00:00:80:D1:40:00:00:80:D5:00:00:00:80:D2:80:00:00:80:CE:C0:00:00:80:D2:40:00:00:80:D0:C0:00:00:80:D2:40:00:00:80:CC:80:00:00:80:CF:C0:8A:2C:80:00:FF:FF:00:00:00:AB:10:45:46]
[53:48:DA:00:C8:05:0C:00:00:80:D2:40:00:00:80:D2:40:00:00:80:CE:40:00:00:80:D2:C0:00:00:80:D1:80:00:00:80:D5:80:00:00:80:D1:40:00:00:80:CF:80:00:00:80:CF:00:00:00:80:D1:40:00:00:80:CF:80:00:00:80:CF:00:00:00:80:D1:00:00:00:80:D1:00:00:00:80:CF:C0:00:00:80:74:00:00:00:80:D0:C0:00:00:80:D0:00:00:00:80:D1:80:00:00:80:D0:C0:8A:2B:80:00:FF:FF:00:00:00:AB:10:45:46]
[53:48:DA:00:C8:05:0D:00:00:80:D3:80:00:00:80:D1:40:00:00:80:CF:80:00:00:80:D2:C0:00:00:80:CF:C0:00:00:80:D0:00:00:00:80:CE:40:00:00:80:D4:40:00:00:80:D1:00:00:00:80:D0:40:00:00:80:D0:80:00:00:80:D1:80:00:00:80:CD:00:00:00:80:CF:00:00:00:80:D2:C0:00:00:80:CF:80:00:00:80:D2:40:00:00:80:D0:40:00:00:80:D0:00:00:00:80:D1:00:8A:30:C0:00:FF:FF:00:00:00:AB:10:45:46]
[53:48:DA:00:C8:05:0E:00:00:80:CE:00:00:00:80:D3:C0:00:00:80:CE:40:00:00:80:D1:00:00:00:80:CD:C0:00:00:80:D3:00:00:00:80:D2:00:00:00:80:CE:C0:00:00:80:D1:40:00:00:80:CE:40:00:00:80:CC:80:00:00:80:D0:40:00:00:80:CF:C0:00:00:80:CD:40:00:00:80:50:00:00:00:80:D1:40:00:00:80:D1:00:00:00:80:D0:40:00:00:80:CF:80:00:00:80:D3:40:8A:32:C0:00:FF:FF:00:00:00:AB:10:45:46]
[53:48:DA:00:C8:05:0F:00:00:80:D0:80:00:00:80:D1:00:00:00:80:D1:40:00:00:80:D1:00:00:00:80:D0:40:00:00:80:CD:00:00:00:80:CE:00:00:00:80:D4:C0:00:00:80:D1:80:00:00:80:D3:40:00:00:80:D0:00:00:00:80:D2:80:00:00:80:D1:40:00:00:80:D0:00:00:00:80:CE:40:00:00:80:D2:80:00:00:80:D2:80:00:00:80:CF:00:00:00:80:CD:40:00:00:80:D2:40:8A:30:C0:00:FF:FF:00:00:00:AB:10:45:46]
[53:48:DA:00:C8:05:10:00:00:80:D0:80:00:00:80:D2:80:00:00:80:D4:00:00:00:80:CD:40:00:00:80:D0:80:00:00:80:D1:C0:00:00:80:D2:40:00:00:80:D1:80:00:00:80:D2:00:00:00:80:D2:80:00:00:80:CE:80:00:00:80:D2:00:00:00:80:D3:00:00:00:80:26:00:00:00:80:D5:C0:00:00:80:D3:40:00:00:80:D0:00:00:00:80:D0:C0:00:00:80:D3:80:00:00:80:D3:C0:8A:3F:40:00:FF:FF:00:00:00:AB:10:45:46]
[53:48:DA:00:C8:05:11:00:00:80:D0:80:00:00:80:BF:40:00:00:80:D0:40:00:00:80:CF:40:00:00:80:D2:80:00:00:80:CF:C0:00:00:80:D0:C0:00:00:80:CD:80:00:00:80:BD:00:00:00:80:CF:00:00:00:80:CE:40:00:00:80:D0:40:00:00:80:D3:40:00:00:80:D4:C0:00:00:80:CB:C0:00:00:80:D1:00:00:00:80:BB:C0:00:00:80:D0:C0:00:00:80:CD:80:00:00:80:CF:C0:8A:46:80:00:FF:FF:00:00:00:AB:10:45:46]
[53:48:DA:00:C8:05:12:00:00:80:CE:80:00:00:80:D2:40:00:00:80:D2:80:00:00:80:C3:00:00:00:80:D2:00:00:00:80:CC:C0:00:00:80:D1:80:00:00:80:D4:C0:00:00:80:D3:80:00:00:80:CF:40:00:00:80:D0:40:00:00:80:D1:40:00:00:80:62:00:00:00:80:D1:C0:00:00:80:D0:40:00:00:80:D0:80:00:00:80:D1:00:00:00:80:CD:00:00:00:80:D0:40:00:00:80:D1:40:8A:50:C0:00:FF:FF:00:00:00:AB:10:45:46]
[53:48:DA:00:C8:05:13:00:00:80:D1:40:00:00:80:CF:00:00:00:80:D2:40:00:00:80:D3:00:00:00:80:D0:00:00:00:80:D3:00:00:00:80:D2:C0:00:00:80:D1:40:00:00:80:CE:C0:00:00:80:C1:80:00:00:80:D1:C0:00:00:80:D1:00:00:00:80:D0:80:00:00:80:CF:40:00:00:80:D2:80:00:00:80:D1:40:00:00:80:D1:C0:00:00:80:D2:40:00:00:80:D1:80:00:00:80:D4:00:8A:49:80:00:FF:FF:00:00:00:AB:10:45:46]
[53:48:DA:00:C8:05:14:00:00:80:D4:80:00:00:80:D3:80:00:00:80:D3:40:00:00:80:D1:40:00:00:80:D3:00:00:00:80:D2:80:00:00:80:D0:00:00:00:80:D1:80:00:00:80:D2:80:00:00:80:D5:C0:00:00:80:D1:40:00:00:7F:FE:80:00:00:80:CF:C0:00:00:80:C9:00:00:00:80:D3:00:00:00:80:D0:80:00:00:80:D0:40:00:00:80:D2:00:00:00:80:D3:C0:00:00:80:CF:40:8A:3A:00:00:FF:FF:00:00:00:AB:10:45:46]
[53:48:DA:00:C8:05:15:00:00:80:CF:80:00:00:80:D1:80:00:00:80:D0:C0:00:00:80:D3:40:00:00:80:D1:80:00:00:80:CD:40:00:00:80:D0:40:00:00:80:D0:C0:00:00:80:D1:00:00:00:80:D3:40:00:00:80:D0:80:00:00:80:CE:80:00:00:80:D3:80:00:00:80:D1:00:00:00:80:CF:80:00:00:80:CF:80:00:00:80:D0:40:00:00:80:CD:C0:00:00:80:D2:C0:00:00:80:D1:00:8A:5F:40:00:FF:FF:00:00:00:AB:10:45:46]
[53:48:DA:00:C8:05:16:00:00:80:CF:80:00:00:80:D3:00:00:00:80:CF:80:00:00:80:D0:C0:00:00:80:D2:80:00:00:80:D1:C0:00:00:80:D1:40:00:00:80:D3:00:00:00:80:D3:80:00:00:80:D1:00:00:00:80:5A:40:00:00:80:CD:40:00:00:80:CE:00:00:00:80:D0:00:00:00:80:CF:80:00:00:80:CF:C0:00:00:80:CF:C0:00:00:80:CC:40:00:00:80:CC:40:00:00:80:D1:00:8A:5C:40:00:FF:FF:00:00:00:AB:10:45:46]
[53:48:DA:00:C8:05:17:00:00:80:C7:40:00:00:80:CF:00:00:00:80:D1:40:00:00:80:D2:00:00:00:80:D3:00:00:00:80:D3:00:00:00:80:D3:80:00:00:80:D1:00:00:00:80:D2:80:00:00:80:D1:00:00:00:80:CF:00:00:00:80:D1:80:00:00:80:D0:80:00:00:80:D1:C0:00:00:80:CE:80:00:00:80:D1:80:00:00:80:D0:40:00:00:80:D3:80:00:00:80:CC:C0:00:00:80:D0:80:8A:6C:C0:00:FF:FF:00:00:00:AB:10:45:46]
[53:48:DA:00:C8:05:18:00:00:80:D1:80:00:00:80:D3:C0:00:00:80:CD:C0:00:00:80:CF:80:00:00:80:C5:40:00:00:80:CD:40:00:00:80:CF:00:00:00:80:CE:C0:00:00:80:D0:00:00:00:80:11:80:00:00:80:D1:00:00:00:80:D2:00:00:00:80:CF:00:00:00:80:D0:C0:00:00:80:D2:80:00:00:80:D1:00:00:00:80:CE:80:00:00:80:CB:80:00:00:80:CF:40:00:00:80:D0:C0:8A:54:00:00:FF:FF:00:00:00:AB:10:45:46]
[53:48:DA:00:C8:05:19:00:00:80:D0:00:00:00:80:D3:00:00:00:80:D4:00:00:00:80:D1:80:00:00:80:CF:40:00:00:80:D4:C0:00:00:80:D1:00:00:00:80:D0:C0:00:00:80:CA:00:00:00:80:D2:40:00:00:80:CF:C0:00:00:80:D1:C0:00:00:80:D1:00:00:00:80:CF:C0:00:00:80:CE:80:00:00:80:D2:40:00:00:80:CD:00:00:00:80:D3:C0:00:00:80:D1:80:00:00:80:CE:00:8A:61:80:00:FF:FF:00:00:00:AB:10:45:46]
[53:48:DA:00:C8:05:1A:00:00:80:D0:80:00:00:80:D0:C0:00:00:80:CF:40:00:00:80:D1:40:00:00:80:D2:00:00:00:80:CE:40:00:00:80:D1:40:00:00:80:CD:40:00:00:80:2D:40:00:00:80:D1:00:00:00:80:CE:80:00:00:80:CF:00:00:00:80:D0:C0:00:00:80:CF:40:00:00:80:D1:80:00:00:80:CF:40:00:00:80:CD:C0:00:00:80:D1:C0:00:00:80:D2:C0:00:00:80:CD:40:8A:61:80:00:FF:FF:00:00:00:AB:10:45:46]
[53:48:DA:00:C8:05:1B:00:00:80:D3:80:00:00:80:D4:80:00:00:80:D1:40:00:00:80:D0:40:00:00:80:D0:40:00:00:80:D0:40:00:00:80:CE:80:00:00:80:CF:40:00:00:80:D0:80:00:00:80:D1:C0:00:00:80:D1:80:00:00:80:D3:40:00:00:80:CF:80:00:00:80:D3:80:00:00:80:D3:80:00:00:80:CB:80:00:00:80:C1:00:00:00:80:D1:40:00:00:80:CE:80:00:00:80:D2:C0:8A:58:00:00:FF:FF:00:00:00:AB:10:45:46]
[53:48:DA:00:C8:05:1C:00:00:80:D4:40:00:00:80:D0:80:00:00:80:D3:80:00:00:80:CE:80:00:00:80:D3:80:00:00:80:CE:00:00:00:80:D0:00:00:00:80:52:C0:00:00:80:D2:40:00:00:80:D2:80:00:00:80:D1:00:00:00:80:D1:80:00:00:80:D0:80:00:00:80:D1:40:00:00:80:CE:40:00:00:80:D1:C0:00:00:80:D4:C0:00:00:80:D3:00:00:00:80:D0:40:00:00:80:D0:00:8A:70:00:00:FF:FF:00:00:00:AB:10:45:46]
[53:48:DA:00:C8:05:1D:00:00:80:D2:40:00:00:80:D1:40:00:00:80:D1:00:00:00:80:D1:80:00:00:80:D1:40:00:00:80:D2:C0:00:00:80:D0:C0:00:00:80:CE:C0:00:00:80:D3:C0:00:00:80:D1:C0:00:00:80:D3:40:00:00:80:CF:80:00:00:80:D1:40:00:00:80:D2:40:00:00:80:D0:C0:00:00:80:CC:40:00:00:80:D0:80:00:00:80:D1:40:00:00:80:D3:40:00:00:80:CF:40:8A:61:80:00:FF:FF:00:00:00:AB:10:45:46]
[53:48:DA:00:C8:05:1E:00:00:80:D0:80:00:00:80:D3:40:00:00:80:D0:00:00:00:80:BB:80:00:00:80:D1:80:00:00:80:D0:40:00:00:80:45:C0:00:00:80:D1:00:00:00:80:CE:80:00:00:80:D0:40:00:00:80:CE:80:00:00:80:D0:00:00:00:80:D2:00:00:00:80:D2:80:00:00:80:CD:40:00:00:80:CF:40:00:00:80:D0:00:00:00:80:CE:40:00:00:80:CD:00:00:00:80:D1:80:8A:7E:80:00:FF:FF:00:00:00:AB:10:45:46]
[53:48:DA:00:C8:05:1F:00:00:80:D1:00:00:00:80:D2:80:00:00:80:D0:00:00:00:80:CF:80:00:00:80:D2:C0:00:00:80:D0:80:00:00:80:CF:C0:00:00:80:D1:80:00:00:80:CF:40:00:00:80:D3:C0:00:00:80:CF:00:00:00:80:D1:00:00:00:80:CE:80:00:00:80:D1:80:00:00:80:CD:00:00:00:80:D0:80:00:00:80:CE:00:00:00:80:CE:C0:00:00:80:CE:00:00:00:80:CE:00:8A:46:80:00:FF:FF:00:00:00:AB:10:45:46]
[53:48:DA:00:C8:05:20:00:00:80:CC:C0:00:00:80:CD:80:00:00:80:C8:00:00:00:80:93:00:00:00:80:9A:C0:00:00:80:8B:C0:00:00:80:8C:80:00:00:80:84:00:00:00:80:74:C0:00:00:80:64:40:00:00:80:55:00:00:00:80:40:80:00:00:80:2B:80:00:00:80:09:00:00:00:7F:EB:80:00:00:7F:C4:80:00:00:7F:9F:00:00:00:7F:94:00:00:00:7F:6E:00:00:00:7F:08:80:8A:48:80:00:FF:FF:00:00:00:AB:10:45:46]
[53:48:DA:00:C8:05:21:00:00:7E:A1:00:00:00:7E:99:00:00:00:7E:6D:40:00:00:7E:34:00:00:00:7E:0C:40:00:00:7D:C5:80:00:00:7D:92:C0:00:00:7D:82:80:00:00:7D:5D:00:00:00:7D:40:00:00:00:7D:70:00:00:00:7D:60:80:00:00:7D:74:80:00:00:7D:33:80:00:00:7D:53:80:00:00:7D:3A:80:00:00:7D:80:C0:00:00:7D:66:C0:00:00:7D:87:C0:00:00:7D:74:C0:8A:4B:80:00:FF:FF:00:00:00:AB:10:45:46]
[53:48:DA:00:C8:05:22:00:00:7D:85:80:00:00:7D:96:C0:00:00:7D:C6:40:00:00:7D:CD:40:00:00:7D:E9:80:00:00:7D:F9:40:00:00:7D:E0:00:00:00:7E:11:80:00:00:7E:0E:40:00:00:7D:E6:40:00:00:7E:0F:40:00:00:7D:FD:80:00:00:7E:22:40:00:00:7E:0B:C0:00:00:7E:18:80:00:00:7E:07:40:00:00:7E:1F:40:00:00:7E:2E:80:00:00:7E:15:40:00:00:7E:3F:80:8A:5C:40:00:FF:FF:00:00:00:AB:10:45:46]
[53:48:DA:00:C8:05:23:00:00:7E:19:40:00:00:7E:33:80:00:00:7E:21:40:00:00:7E:4F:40:00:00:7E:27:40:00:00:7E:41:C0:00:00:7E:49:00:00:00:7E:41:40:00:00:7E:75:80:00:00:7E:87:40:00:00:7E:9C:80:00:00:7E:A7:80:00:00:7E:AF:C0:00:00:7E:B8:C0:00:00:7E:BF:40:00:00:7E:D6:80:00:00:7E:DA:00:00:00:7E:EC:C0:00:00:7E:DB:80:00:00:7E:EB:80:8A:67:80:00:FF:FF:00:00:00:AB:10:45:46]
[53:48:DA:00:C8:05:24:00:00:7E:F8:C0:00:00:7E:F8:80:00:00:7E:D5:00:00:00:7F:11:80:00:00:7F:29:00:00:00:7F:14:80:00:00:7F:20:00:00:00:7F:3F:80:00:00:7F:4B:00:00:00:7F:42:40:00:00:7F:40:80:00:00:7F:40:80:00:00:7F:51:40:00:00:7F:64:C0:00:00:7F:64:40:00:00:7F:7B:00:00:00:7F:93:00:00:00:7F:94:40:00:00:7F:86:C0:00:00:7F:94:00:8A:64:80:00:FF:FF:00:00:00:AB:10:45:46]
[53:48:DA:00:C8:05:25:00:00:7F:AA:00:00:00:7F:BA:80:00:00:7F:A7:80:00:00:7F:BA:00:00:00:7F:C8:00:00:00:7F:C7:40:00:00:7F:C0:00:00:00:7F:C4:00:00:00:7F:CF:00:00:00:7F:DA:00:00:00:7F:F2:C0:00:00:7F:F2:C0:00:00:7F:FD:00:00:00:80:00:C0:00:00:7F:FC:C0:00:00:7F:FC:C0:00:00:80:01:40:00:00:80:0A:C0:00:00:80:0D:00:00:00:80:18:00:8A:51:C0:00:FF:FF:00:00:00:AB:10:45:46]
[53:48:DA:00:C8:05:26:00:00:80:18:80:00:00:80:10:80:00:00:80:20:80:00:00:80:10:40:00:00:80:21:80:00:00:80:29:40:00:00:80:2D:00:00:00:80:22:80:00:00:80:2F:00:00:00:80:2D:C0:00:00:80:3A:00:00:00:80:43:00:00:00:80:4E:80:00:00:80:57:C0:00:00:80:60:00:00:00:80:5A:C0:00:00:80:5E:00:00:00:80:64:00:00:00:80:64:40:00:00:80:66:C0:8A:54:00:00:FF:FF:00:00:00:AB:10:45:46]
[53:48:DA:00:C8:05:27:00:00:80:6E:00:00:00:80:3F:00:00:00:80:60:C0:00:00:80:65:80:00:00:80:6B:00:00:00:80:67:40:00:00:80:66:00:00:00:80:67:00:00:00:80:69:40:00:00:80:68:00:00:00:80:67:40:00:00:80:68:C0:00:00:80:5C:80:00:00:80:62:40:00:00:80:58:C0:00:00:80:66:80:00:00:80:66:80:00:00:80:69:C0:00:00:80:6A:00:00:00:80:69:80:8A:7F:80:00:FF:FF:00:00:00:AB:10:45:46]
[53:48:DA:00:C8:05:28:00:00:80:75:C0:00:00:80:7F:80:00:00:80:7F:40:00:00:80:89:C0:00:00:80:8D:00:00:00:80:89:80:00:00:80:96:C0:00:00:80:98:80:00:00:80:97:80:00:00:80:94:00:00:00:80:91:00:00:00:80:93:C0:00:00:80:8D:40:00:00:80:93:00:00:00:80:92:80:00:00:80:92:80:00:00:80:94:C0:00:00:80:90:C0:00:00:80:96:40:00:00:80:9B:00:8A:59:00:00:FF:FF:00:00:00:AB:10:45:46]
[53:48:DA:00:C8:05:29:00:00:80:6B:00:00:00:80:9D:00:00:00:80:A2:C0:00:00:80:9F:C0:00:00:80:A5:C0:00:00:80:A5:40:00:00:80:A2:80:00:00:80:A7:40:00:00:80:A2:40:00:00:80:A5:00:00:00:80:A5:C0:00:00:80:AE:00:00:00:80:A7:80:00:00:80:AA:C0:00:00:80:A8:80:00:00:80:A5:00:00:00:80:A2:C0:00:00:80:A2:40:00:00:80:A4:00:00:00:80:A0:80:8A:71:00:00:FF:FF:00:00:00:AB:10:45:46]
[53:48:DA:00:C8:05:2A:00:00:80:A5:80:00:00:80:A5:C0:00:00:80:B2:80:00:00:80:AD:80:00:00:80:B4:00:00:00:80:B7:00:00:00:80:BA:40:00:00:80:BB:C0:00:00:80:B5:C0:00:00:80:BE:C0:00:00:80:C2:C0:00:00:80:C3:40:00:00:80:C6:40:00:00:80:CE:80:00:00:80:D4:80:00:00:80:D2:40:00:00:80:D9:C0:00:00:80:D8:C0:00:00:80:D9:C0:00:00:80:D9:80:8A:66:80:00:FF:FF:00:00:00:AB:10:45:46]
[53:48:DA:00:C8:05:2B:00:00:80:D7:C0:00:00:80:D7:00:00:00:80:D9:00:00:00:80:D3:00:00:00:80:CD:00:00:00:80:C1:00:00:00:80:CA:40:00:00:80:CE:00:00:00:80:CC:80:00:00:80:CC:00:00:00:80:C9:C0:00:00:80:C7:40:00:00:80:CB:00:00:00:80:C7:C0:00:00:80:CC:C0:00:00:80:CC:00:00:00:80:CD:40:00:00:80:CB:40:00:00:80:C8:40:00:00:80:CA:80:8A:4E:C0:00:FF:FF:00:00:00:AB:10:45:46]
[53:48:DA:00:C8:05:2C:00:00:80:C4:40:00:00:80:C6:C0:00:00:80:C5:80:00:00:80:C7:C0:00:00:80:C5:C0:00:00:80:C8:80:00:00:80:C9:40:00:00:80:C2:00:00:00:80:C9:C0:00:00:80:BE:00:00:00:80:CB:80:00:00:80:CE:C0:00:00:80:CF:80:00:00:80:CD:00:00:00:80:CB:00:00:00:80:CB:40:00:00:80:CB:C0:00:00:80:C6:00:00:00:80:C5:80:00:00:80:4C:40:8A:48:80:00:FF:FF:00:00:00:AB:10:45:46]
[53:48:DA:00:C8:05:2D:00:00:80:CA:40:00:00:80:CC:00:00:00:80:CC:80:00:00:80:CC:C0:00:00:80:D0:40:00:00:80:CC:00:00:00:80:CC:00:00:00:80:CB:00:00:00:80:CD:40:00:00:80:CA:80:00:00:80:CA:80:00:00:80:CD:C0:00:00:80:CC:00:00:00:80:C4:C0:00:00:80:CF:00:00:00:80:D2:80:00:00:80:CF:C0:00:00:80:CD:C0:00:00:80:D1:C0:00:00:80:D3:40:8A:56:00:00:FF:FF:00:00:00:AB:10:45:46]
[53:48:DA:00:C8:05:2E:00:00:80:D3:00:00:00:80:D3:C0:00:00:80:D6:40:00:00:80:D4:00:00:00:80:D1:80:00:00:80:D0:80:00:00:80:CD:40:00:00:80:D0:00:00:00:80:D0:00:00:00:80:CD:00:00:00:80:D2:C0:00:00:80:D1:00:00:00:80:D1:40:00:00:80:D5:00:00:00:80:D7:C0:00:00:80:D8:40:00:00:80:DA:00:00:00:80:CC:80:00:00:80:7A:40:00:00:80:E6:C0:8A:5F:40:00:FF:FF:00:00:00:AB:10:45:46]
[53:48:DA:00:C8:05:2F:00:00:80:F4:80:00:00:81:03:00:00:00:81:18:C0:00:00:81:36:40:00:00:81:62:00:00:00:81:A2:C0:00:00:82:04:80:00:00:82:94:00:00:00:83:4C:80:00:00:84:42:80:00:00:85:84:C0:00:00:86:EE:40:00:00:88:8E:C0:00:00:88:64:00:00:00:89:A7:80:00:00:89:F5:80:00:00:8C:1C:80:00:00:8B:73:40:00:00:8C:43:40:00:00:8D:1C:80:8A:76:00:00:FF:FF:00:00:00:AB:10:45:46]
[53:48:DA:00:C8:05:30:00:00:8B:78:40:00:00:8C:A2:00:00:00:8C:7C:C0:00:00:8B:BE:40:00:00:8D:6D:C0:00:00:8B:8D:00:00:00:8B:2C:00:00:00:8B:4B:C0:00:00:8C:6C:40:00:00:89:D6:00:00:00:88:AB:80:00:00:8A:6D:40:00:00:89:96:C0:00:00:88:4C:00:00:00:88:42:80:00:00:87:71:40:00:00:87:13:00:00:00:85:CA:C0:00:00:87:97:40:00:00:86:5F:C0:8A:5B:40:00:FF:FF:00:00:00:AB:10:45:46]
[53:48:DA:00:C8:05:31:00:00:84:DA:C0:00:00:85:2A:40:00:00:84:91:00:00:00:83:CE:40:00:00:84:AE:40:00:00:83:AC:C0:00:00:84:08:00:00:00:83:A1:00:00:00:83:45:C0:00:00:83:59:80:00:00:82:D9:C0:00:00:83:41:80:00:00:82:C4:00:00:00:83:6E:C0:00:00:82:E3:40:00:00:83:15:80:00:00:82:B8:00:00:00:82:A5:80:00:00:82:67:80:00:00:82:3F:80:8A:60:40:00:FF:FF:00:00:00:AB:10:45:46]
[53:48:DA:00:C8:05:32:00:00:82:64:C0:00:00:81:B9:C0:00:00:81:EC:00:00:00:81:F3:C0:00:00:81:BB:80:00:00:81:C5:40:00:00:81:C1:80:00:00:81:99:00:00:00:81:A8:C0:00:00:81:74:40:00:00:81:A6:40:00:00:81:77:00:00:00:81:6C:80:00:00:81:5F:C0:00:00:81:6D:40:00:00:81:5C:00:00:00:80:E5:00:00:00:81:6C:00:00:00:81:4B:80:00:00:81:47:C0:8A:56:00:00:FF:FF:00:00:00:AB:10:45:46]
[53:48:DA:00:C8:05:33:00:00:81:49:80:00:00:81:2A:00:00:00:81:31:00:00:00:81:23:40:00:00:81:2A:40:00:00:81:3F:C0:00:00:81:21:80:00:00:81:1D:C0:00:00:81:15:80:00:00:81:14:40:00:00:81:11:80:00:00:81:2A:00:00:00:81:19:40:00:00:81:0D:40:00:00:81:0D:C0:00:00:81:03:40:00:00:80:FF:40:00:00:81:07:C0:00:00:80:FB:C0:00:00:81:27:40:8A:55:00:00:FF:FF:00:00:00:AB:10:45:46]
[53:48:DA:00:C8:05:34:00:00:81:0A:00:00:00:81:17:80:00:00:81:13:C0:00:00:81:08:00:00:00:81:05:C0:00:00:81:07:40:00:00:81:14:00:00:00:81:13:C0:00:00:81:0C:80:00:00:80:FF:40:00:00:80:FD:40:00:00:80:F8:80:00:00:80:F8:C0:00:00:80:F9:C0:00:00:80:F8:80:00:00:80:A7:C0:00:00:80:FD:C0:00:00:81:02:00:00:00:81:01:80:00:00:80:FA:80:8A:49:80:00:FF:FF:00:00:00:AB:10:45:46]
[53:48:DA:00:C8:05:35:00:00:80:F5:80:00:00:80:F1:C0:00:00:80:E7:C0:00:00:80:E6:C0:00:00:80:E3:40:00:00:80:E3:80:00:00:80:E2:40:00:00:80:E3:80:00:00:80:E5:C0:00:00:80:E5:80:00:00:80:E0:C0:00:00:80:E4:C0:00:00:80:E1:C0:00:00:80:DC:80:00:00:80:DB:C0:00:00:80:E3:40:00:00:80:E9:C0:00:00:80:E8:40:00:00:80:E6:80:00:00:80:E5:C0:8A:69:C0:00:FF:FF:00:00:00:AB:10:45:46]
[53:48:DA:00:C8:05:36:00:00:80:ED:C0:00:00:80:EA:40:00:00:80:E5:40:00:00:80:E4:C0:00:00:80:E8:C0:00:00:80:E5:40:00:00:80:E8:00:00:00:80:ED:40:00:00:80:EE:80:00:00:80:EB:00:00:00:80:E9:C0:00:00:80:E9:C0:00:00:80:E3:C0:00:00:80:E2:00:00:00:80:84:40:00:00:80:E0:00:00:00:80:D5:40:00:00:80:C7:80:00:00:80:CE:40:00:00:80:D5:40:8A:5C:40:00:FF:FF:00:00:00:AB:10:45:46]
[53:48:DA:00:C8:05:37:00:00:80:DE:00:00:00:80:DE:00:00:00:80:E1:40:00:00:80:D3:C0:00:00:80:DF:00:00:00:80:DA:80:00:00:80:DB:80:00:00:80:DA:80:00:00:80:D9:40:00:00:80:D6:40:00:00:80:D7:C0:00:00:80:D6:00:00:00:80:D9:40:00:00:80:D5:C0:00:00:80:D7:80:00:00:80:D7:C0:00:00:80:D4:00:00:00:80:C4:00:00:00:80:D3:40:00:00:80:C3:80:8A:61:80:00:FF:FF:00:00:00:AB:10:45:46]
[53:48:DA:00:C8:05:38:00:00:80:D2:C0:00:00:80:D3:C0:00:00:80:D8:C0:00:00:80:CF:80:00:00:80:D5:80:00:00:80:D3:C0:00:00:80:D5:00:00:00:80:D1:80:00:00:80:D4:C0:00:00:80:D6:C0:00:00:80:D2:40:00:00:80:D5:00:00:00:80:D3:00:00:00:80:25:C0:00:00:80:D3:00:00:00:80:D0:80:00:00:80:CE:00:00:00:80:BE:C0:00:00:80:AE:C0:00:00:80:C0:80:8A:52:C0:00:FF:FF:00:00:00:AB:10:45:46]
[53:48:DA:00:C8:05:39:00:00:80:CC:80:00:00:80:CF:C0:00:00:80:D1:40:00:00:80:D3:40:00:00:80:D1:00:00:00:80:D2:80:00:00:80:D3:40:00:00:80:CC:00:00:00:80:D3:00:00:00:80:D2:00:00:00:80:CA:40:00:00:80:C0:80:00:00:80:D3:00:00:00:80:D0:C0:00:00:80:D1:40:00:00:80:BE:40:00:00:80:B5:C0:00:00:80:60:80:00:00:80:8A:00:00:00:80:D2:C0:8A:5F:40:00:FF:FF:00:00:00:AB:10:45:46]
[53:48:DA:00:C8:05:3A:00:00:80:CE:80:00:00:80:CF:00:00:00:80:D0:00:00:00:80:D1:80:00:00:80:D5:80:00:00:80:D2:00:00:00:80:D0:80:00:00:80:CE:80:00:00:80:D1:40:00:00:80:D2:00:00:00:80:CF:C0:00:00:80:D1:00:00:00:80:33:C0:00:00:80:D2:40:00:00:80:D0:40:00:00:80:A9:40:00:00:80:D2:40:00:00:80:D0:00:00:00:80:D3:40:00:00:80:D0:00:8A:69:C0:00:FF:FF:00:00:00:AB:10:45:46]
[53:48:DA:00:C8:05:3B:00:00:80:D0:80:00:00:80:D3:00:00:00:80:D0:80:00:00:80:CF:C0:00:00:80:D0:80:00:00:80:CC:80:00:00:80:D0:40:00:00:80:CD:80:00:00:80:CC:C0:00:00:80:D1:C0:00:00:80:D0:40:00:00:80:D1:00:00:00:80:D2:40:00:00:80:D5:80:00:00:80:D4:80:00:00:80:D1:00:00:00:80:D1:80:00:00:80:D2:C0:00:00:80:CF:80:00:00:80:BA:80:8A:65:80:00:FF:FF:00:00:00:AB:10:45:46]
[53:48:DA:00:C8:05:3C:00:00:80:D1:00:00:00:80:D0:C0:00:00:80:D3:00:00:00:80:D3:00:00:00:80:C9:40:00:00:80:C2:80:00:00:80:D4:00:00:00:80:D3:00:00:00:80:CE:80:00:00:80:D1:00:00:00:80:D2:80:00:00:80:5A:C0:00:00:80:D1:00:00:00:80:CF:80:00:00:80:D2:80:00:00:80:C0:80:00:00:80:CD:C0:00:00:80:D0:40:00:00:80:D1:80:00:00:80:CC:C0:8A:60:40:00:FF:FF:00:00:00:AB:10:45:46]
[53:48:DA:00:C8:05:3D:00:00:80:CD:00:00:00:80:D4:C0:00:00:80:C4:00:00:00:80:D4:00:00:00:80:CE:C0:00:00:80:D0:80:00:00:80:D2:80:00:00:80:D0:00:00:00:80:D3:C0:00:00:80:D3:00:00:00:80:D3:40:00:00:80:CD:00:00:00:80:CF:40:00:00:80:B4:00:00:00:80:D1:40:00:00:80:CF:80:00:00:80:D2:00:00:00:80:D0:80:00:00:80:CF:00:00:00:80:CE:40:8A:6D:C0:00:FF:FF:00:00:00:AB:10:45:46]
[53:48:DA:00:C8:05:3E:00:00:80:D0:C0:00:00:80:CE:40:00:00:80:D3:00:00:00:80:D0:00:00:00:80:CF:40:00:00:80:CB:C0:00:00:80:C5:C0:00:00:80:D2:00:00:00:80:CC:C0:00:00:80:CB:40:00:00:80:79:C0:00:00:80:CE:80:00:00:80:CD:40:00:00:80:C7:80:00:00:80:C8:80:00:00:80:CB:C0:00:00:80:CC:00:00:00:80:CE:C0:00:00:80:CC:C0:00:00:80:CD:80:8A:7A:40:00:FF:FF:00:00:00:AB:10:45:46]
[53:48:DA:00:C8:05:3F:00:00:80:CE:40:00:00:80:CD:C0:00:00:80:CA:80:00:00:80:C8:40:00:00:80:C7:80:00:00:80:C9:00:00:00:80:C9:C0:00:00:80:CA:C0:00:00:80:C7:C0:00:00:80:CC:80:00:00:80:C0:C0:00:00:80:CC:40:00:00:80:C7:80:00:00:80:C7:C0:00:00:80:C6:C0:00:00:80:C6:C0:00:00:80:C3:40:00:00:80:C6:00:00:00:80:C2:40:00:00:80:C0:40:8A:5B:40:00:FF:FF:00:00:00:AB:10:45:46]
[53:48:DA:00:C8:05:40:00:00:80:C3:00:00:00:80:BF:C0:00:00:80:BC:00:00:00:80:BB:40:00:00:80:BC:C0:00:00:80:BE:40:00:00:80:BA:00:00:00:80:BA:40:00:00:80:BD:00:00:00:80:A9:40:00:00:80:B4:40:00:00:80:B7:80:00:00:80:B6:40:00:00:80:B4:40:00:00:80:AA:40:00:00:80:B4:00:00:00:80:B5:80:00:00:80:AA:40:00:00:80:AE:00:00:00:80:AC:C0:8A:5A:00:00:FF:FF:00:00:00:AB:10:45:46]
[53:48:DA:00:C8:05:41:00:00:80:AF:80:00:00:80:B5:40:00:00:80:AB:40:00:00:80:B1:80:00:00:80:AA:C0:00:00:80:AA:40:00:00:80:AB:00:00:00:80:AB:C0:00:00:80:A5:C0:00:00:80:A8:C0:00:00:80:A6:80:00:00:80:AA:40:00:00:80:A4:C0:00:00:80:A3:00:00:00:80:9E:40:00:00:80:A2:00:00:00:80:A1:80:00:00:80:9F:C0:00:00:80:98:C0:00:00:80:9F:00:8A:5C:40:00:FF:FF:00:00:00:AB:10:45:46]
[53:48:DA:00:C8:05:42:00:00:80:9B:40:00:00:80:9B:80:00:00:80:9C:80:00:00:80:A0:40:00:00:80:A4:40:00:00:80:A0:80:00:00:80:A2:00:00:00:80:A5:00:00:00:80:A4:40:00:00:80:A5:80:00:00:80:A9:40:00:00:80:AA:40:00:00:80:A5:40:00:00:80:A9:40:00:00:80:9A:00:00:00:80:AC:00:00:00:80:A0:C0:00:00:80:AC:C0:00:00:80:AB:C0:00:00:80:B1:40:8A:64:80:00:FF:FF:00:00:00:AB:10:45:46]
[53:48:DA:00:C8:05:43:00:00:80:AE:00:00:00:80:9F:00:00:00:80:B3:40:00:00:80:B4:C0:00:00:80:B0:80:00:00:80:B5:00:00:00:80:B7:C0:00:00:80:B7:80:00:00:80:BF:00:00:00:80:C7:40:00:00:80:C3:00:00:00:80:C6:00:00:00:80:C8:00:00:00:80:CD:40:00:00:80:D5:00:00:00:80:CE:00:00:00:80:CB:C0:00:00:80:CE:80:00:00:80:CE:00:00:00:80:D1:80:8A:6A:C0:00:FF:FF:00:00:00:AB:10:45:46]
[53:48:DA:00:C8:05:44:00:00:80:D6:C0:00:00:80:D2:80:00:00:80:D2:80:00:00:80:D5:80:00:00:80:D4:C0:00:00:80:C7:00:00:00:80:D4:80:00:00:80:D0:C0:00:00:80:C5:40:00:00:80:CE:80:00:00:80:CE:80:00:00:80:D0:40:00:00:80:D1:00:00:00:80:CF:40:00:00:80:CD:40:00:00:80:CA:40:00:00:80:D0:80:00:00:80:D1:80:00:00:80:D1:C0:00:00:80:C0:40:8A:5A:00:00:FF:FF:00:00:00:AB:10:45:46]
[53:48:DA:00:C8:05:45:00:00:80:D2:40:00:00:80:CF:80:00:00:80:D0:40:00:00:80:D3:40:00:00:80:D3:40:00:00:80:CF:80:00:00:80:C3:00:00:00:80:D2:40:00:00:80:D5:40:00:00:80:CB:00:00:00:80:D1:80:00:00:80:D1:00:00:00:80:CE:40:00:00:80:D1:00:00:00:80:C3:80:00:00:80:B0:40:00:00:80:BE:00:00:00:80:A9:C0:00:00:80:D2:40:00:00:80:D0:C0:8A:62:80:00:FF:FF:00:00:00:AB:10:45:46]
[53:48:DA:00:C8:05:46:00:00:80:D0:C0:00:00:80:D0:80:00:00:80:D3:80:00:00:80:D3:80:00:00:80:D4:00:00:00:80:C1:40:00:00:80:D3:40:00:00:80:D0:40:00:00:80:D3:C0:00:00:80:D0:C0:00:00:80:D0:80:00:00:80:D3:00:00:00:80:D3:40:00:00:80:B7:00:00:00:80:D2:00:00:00:80:D5:C0:00:00:80:D3:00:00:00:80:D3:00:00:00:80:BA:40:00:00:80:D2:40:8A:50:C0:00:FF:FF:00:00:00:AB:10:45:46]
[53:48:DA:00:C8:05:47:00:00:80:D1:C0:00:00:80:D6:00:00:00:80:D3:00:00:00:80:D1:C0:00:00:80:CF:C0:00:00:80:AA:C0:00:00:80:A7:C0:00:00:80:D2:00:00:00:80:D1:00:00:00:80:D4:40:00:00:80:D0:C0:00:00:80:D3:80:00:00:80:D0:C0:00:00:80:D4:80:00:00:80:D3:C0:00:00:80:D1:40:00:00:80:CF:C0:00:00:80:BE:C0:00:00:80:D2:00:00:00:80:B4:80:8A:69:C0:00:FF:FF:00:00:00:AB:10:45:46]
[53:48:DA:00:C8:05:48:00:00:80:D0:C0:00:00:80:D2:00:00:00:80:D0:80:00:00:80:D4:C0:00:00:80:D2:C0:00:00:80:CF:80:00:00:80:D6:00:00:00:80:D4:00:00:00:80:D2:80:00:00:80:BC:40:00:00:80:D3:C0:00:00:80:D6:C0:00:00:80:D3:80:00:00:80:D2:40:00:00:80:D6:C0:00:00:80:D3:C0:00:00:80:D0:80:00:00:80:C7:40:00:00:80:D4:C0:00:00:80:D3:C0:8A:4D:C0:00:FF:FF:00:00:00:AB:10:45:46]
[53:48:DA:00:C8:05:49:00:00:80:CA:80:00:00:80:CD:C0:00:00:80:D1:40:00:00:80:CF:C0:00:00:80:76:80:00:00:80:D1:40:00:00:80:CE:80:00:00:80:CE:40:00:00:80:D1:C0:00:00:80:D1:40:00:00:80:D1:C0:00:00:80:D1:C0:00:00:80:D2:C0:00:00:80:D2:C0:00:00:80:CE:C0:00:00:80:51:00:00:00:80:D2:C0:00:00:80:D5:00:00:00:80:D4:40:00:00:80:CF:C0:8A:66:80:00:FF:FF:00:00:00:AB:10:45:46]
[53:48:DA:00:C8:05:4A:00:00:80:D3:80:00:00:80:D3:80:00:00:80:D3:00:00:00:80:CF:C0:00:00:80:B8:40:00:00:80:D3:40:00:00:80:CD:C0:00:00:80:D0:40:00:00:80:D3:80:00:00:80:D0:C0:00:00:80:D3:80:00:00:80:CE:40:00:00:80:D3:40:00:00:80:D0:00:00:00:80:CF:80:00:00:80:D0:40:00:00:80:D4:40:00:00:80:D4:80:00:00:80:D5:80:00:00:80:D2:80:8A:67:80:00:FF:FF:00:00:00:AB:10:45:46]
[53:48:DA:00:C8:05:4B:00:00:80:D2:00:00:00:80:D0:00:00:00:80:D0:80:00:00:80:45:40:00:00:80:C9:40:00:00:80:CF:80:00:00:80:CF:80:00:00:80:CF:80:00:00:80:C1:00:00:00:80:D1:40:00:00:80:D3:00:00:00:80:D3:40:00:00:80:D0:40:00:00:80:D2:00:00:00:80:D1:C0:00:00:80:D3:00:00:00:80:CF:00:00:00:80:D0:40:00:00:80:CF:00:00:00:80:D2:80:8A:56:00:00:FF:FF:00:00:00:AB:10:45:46]
[53:48:DA:00:C8:05:4C:00:00:80:D3:00:00:00:80:D1:80:00:00:80:D2:00:00:00:80:D3:80:00:00:80:D4:40:00:00:80:D3:40:00:00:80:D3:80:00:00:80:D3:40:00:00:80:D2:C0:00:00:80:D4:00:00:00:80:D3:80:00:00:80:CF:40:00:00:80:CA:C0:00:00:80:D2:C0:00:00:80:D5:40:00:00:80:D1:00:00:00:80:D0:40:00:00:80:D1:40:00:00:80:D1:C0:00:00:80:D0:C0:8A:5C:40:00:FF:FF:00:00:00:AB:10:45:46]
[53:48:DA:00:C8:05:4D:00:00:80:D1:00:00:00:80:D0:C0:00:00:7F:FA:00:00:00:80:D0:C0:00:00:80:D3:00:00:00:80:D2:80:00:00:80:D5:00:00:00:80:D3:C0:00:00:80:D2:40:00:00:80:D3:00:00:00:80:CF:00:00:00:80:D1:80:00:00:80:D2:40:00:00:80:CF:C0:00:00:80:D2:40:00:00:80:D0:00:00:00:80:BD:C0:00:00:80:D1:80:00:00:80:D4:80:00:00:80:D2:00:8A:4F:C0:00:FF:FF:00:00:00:AB:10:45:46]
[53:48:DA:00:C8:05:4E:00:00:80:D5:00:00:00:80:D2:C0:00:00:80:D3:80:00:00:80:D3:40:00:00:80:D3:40:00:00:80:D1:C0:00:00:80:D1:00:00:00:80:D4:40:00:00:80:D2:40:00:00:80:D0:80:00:00:80:D1:C0:00:00:80:D2:00:00:00:80:D1:40:00:00:80:CE:40:00:00:80:D3:00:00:00:80:CF:80:00:00:80:CF:00:00:00:80:D2:C0:00:00:80:D2:C0:00:00:80:D3:40:8A:64:80:00:FF:FF:00:00:00:AB:10:45:46]
[53:48:DA:00:C8:05:4F:00:00:80:D2:C0:00:00:80:1E:40:00:00:80:D1:80:00:00:80:D2:00:00:00:80:D2:40:00:00:80:CE:C0:00:00:80:D3:40:00:00:80:D3:40:00:00:80:D4:C0:00:00:80:D1:40:00:00:80:D2:40:00:00:80:D4:80:00:00:80:D3:C0:00:00:80:D3:C0:00:00:80:D2:80:00:00:80:CE:C0:00:00:80:D0:80:00:00:80:D5:C0:00:00:80:D1:40:00:00:80:D2:40:8A:67:80:00:FF:FF:00:00:00:AB:10:45:46]
[53:48:DA:00:C8:05:50:00:00:80:CF:00:00:00:80:D3:40:00:00:80:D1:80:00:00:80:B7:00:00:00:80:CE:40:00:00:80:CF:40:00:00:80:D2:40:00:00:80:D1:00:00:00:80:CE:40:00:00:80:CF:C0:00:00:80:CF:80:00:00:80:CF:00:00:00:80:D1:00:00:00:80:D1:00:00:00:80:D2:00:00:00:80:D3:C0:00:00:80:CF:80:00:00:80:CF:00:00:00:80:D0:C0:00:00:80:D1:40:8A:5D:40:00:FF:FF:00:00:00:AB:10:45:46]
[53:48:DA:00:C8:05:51:00:00:80:21:40:00:00:80:CF:80:00:00:80:D2:80:00:00:80:D2:80:00:00:80:D2:00:00:00:80:D0:C0:00:00:80:D4:00:00:00:80:BF:00:00:00:80:D2:00:00:00:80:D1:40:00:00:80:D2:80:00:00:80:D3:00:00:00:80:D1:00:00:00:80:D6:C0:00:00:80:D2:00:00:00:80:D0:00:00:00:80:D1:00:00:00:80:D0:00:00:00:80:CF:80:00:00:80:D3:40:8A:4F:C0:00:FF:FF:00:00:00:AB:10:45:46]
[53:48:DA:00:C8:05:52:00:00:80:D1:C0:00:00:80:D2:40:00:00:80:D2:80:00:00:80:D3:40:00:00:80:D1:80:00:00:80:D1:80:00:00:80:D1:80:00:00:80:D2:C0:00:00:80:D2:80:00:00:80:D0:C0:00:00:80:D1:40:00:00:80:C6:40:00:00:80:D2:80:00:00:80:D3:40:00:00:80:D2:40:00:00:80:D1:40:00:00:80:CE:C0:00:00:80:D2:80:00:00:80:D1:C0:00:00:80:D0:80:8A:63:80:00:FF:FF:00:00:00:AB:10:45:46]
[53:48:DA:00:C8:05:53:00:00:80:D0:40:00:00:80:D2:00:00:00:80:D2:40:00:00:80:CF:40:00:00:80:D1:00:00:00:80:D1:80:00:00:80:D3:80:00:00:80:D0:40:00:00:80:D3:80:00:00:80:D2:C0:00:00:80:D3:C0:00:00:80:D2:C0:00:00:80:D0:00:00:00:80:D2:40:00:00:80:D3:00:00:00:80:B6:40:00:00:80:D1:80:00:00:80:D5:00:00:00:80:D3:80:00:00:80:D3:C0:8A:60:40:00:FF:FF:00:00:00:AB:10:45:46]
[53:48:DA:00:C8:05:54:00:00:80:D2:80:00:00:80:D4:C0:00:00:80:D2:00:00:00:80:D2:C0:00:00:80:D1:C0:00:00:80:D1:00:00:00:80:CC:C0:00:00:80:CE:00:00:00:80:D0:C0:00:00:80:D0:80:00:00:80:D1:80:00:00:80:CB:80:00:00:80:D0:40:00:00:80:D1:40:00:00:80:D3:40:00:00:80:D0:C0:00:00:80:D1:C0:00:00:80:D2:C0:00:00:80:CF:80:00:00:80:3E:80:8A:5E:40:00:FF:FF:00:00:00:AB:10:45:46]
[53:48:DA:00:C8:05:55:00:00:80:D3:00:00:00:80:D1:80:00:00:80:D1:C0:00:00:80:D2:00:00:00:80:D3:00:00:00:80:D0:80:00:00:80:D1:40:00:00:80:D0:40:00:00:80:CC:40:00:00:80:D0:C0:00:00:80:CF:00:00:00:80:D0:80:00:00:80:D0:80:00:00:80:CE:C0:00:00:80:D1:C0:00:00:80:D1:40:00:00:80:D0:80:00:00:80:D4:80:00:00:80:D0:C0:00:00:80:D2:80:8A:54:00:00:FF:FF:00:00:00:AB:10:45:46]
[53:48:DA:00:C8:05:56:00:00:80:D2:40:00:00:80:D1:80:00:00:80:C3:80:00:00:80:CE:00:00:00:80:D0:40:00:00:80:D5:00:00:00:80:D1:40:00:00:80:D1:C0:00:00:80:D1:00:00:00:80:D1:C0:00:00:80:CE:80:00:00:80:CF:80:00:00:80:CF:40:00:00:80:D2:00:00:00:80:D5:80:00:00:80:D3:C0:00:00:80:D1:40:00:00:80:CE:80:00:00:80:24:00:00:00:80:D5:80:8A:7A:40:00:FF:FF:00:00:00:AB:10:45:46]
[53:48:DA:00:C8:05:57:00:00:80:D3:80:00:00:80:D3:40:00:00:80:D1:C0:00:00:80:D4:80:00:00:80:CF:00:00:00:80:D0:00:00:00:80:B0:40:00:00:80:D0:80:00:00:80:CF:80:00:00:80:CE:C0:00:00:80:CF:C0:00:00:80:D2:C0:00:00:80:D0:80:00:00:80:D5:80:00:00:80:D0:80:00:00:80:D3:00:00:00:80:D4:40:00:00:80:D1:80:00:00:80:D1:40:00:00:80:D1:C0:8A:6B:C0:00:FF:FF:00:00:00:AB:10:45:46]
[53:48:DA:00:C8:05:58:00:00:80:D2:00:00:00:80:D4:80:00:00:80:D2:40:00:00:80:D1:C0:00:00:80:D0:00:00:00:80:CE:C0:00:00:80:D2:C0:00:00:80:D0:40:00:00:80:CF:C0:00:00:80:D0:80:00:00:80:BF:00:00:00:80:D0:80:00:00:80:CF:00:00:00:80:D2:40:00:00:80:CF:00:00:00:80:D4:00:00:00:80:CF:80:00:00:7F:EC:80:00:00:80:D3:40:00:00:80:CE:40:8A:73:00:00:FF:FF:00:00:00:AB:10:45:46]
[53:48:DA:00:C8:05:05:00:00:80:CD:40:00:00:80:CF:00:00:00:80:D0:80:00:00:80:CF:80:00:00:80:D1:80:00:00:80:CE:80:00:00:80:D3:00:00:00:80:D0:00:00:00:80:CF:40:00:00:80:CD:40:00:00:80:CB:C0:00:00:80:D1:C0:00:00:80:D1:40:00:00:80:D4:00:00:00:80:CC:40:00:00:80:D0:40:00:00:80:CE:C0:00:00:80:CF:80:00:00:80:D2:80:00:00:80:CE:00:8A:97:40:00:FF:FF:00:00:00:AB:10:45:46]
[53:48:DA:00:C8:05:06:00:00:80:D1:80:00:00:80:D4:C0:00:00:80:D2:40:00:00:80:D2:C0:00:00:80:D3:C0:00:00:80:CE:80:00:00:80:D1:80:00:00:80:CD:00:00:00:80:CD:00:00:00:80:D1:00:00:00:80:D3:80:00:00:80:CF:C0:00:00:80:CD:00:00:00:80:CF:C0:00:00:80:D2:40:00:00:80:CF:40:00:00:80:CE:00:00:00:80:9C:00:00:00:80:D0:80:00:00:80:CF:40:8A:93:40:00:FF:FF:00:00:00:AB:10:45:46]
[53:48:DA:00:C8:05:07:00:00:80:CE:80:00:00:80:D0:C0:00:00:80:D0:00:00:00:80:CE:40:00:00:80:D2:00:00:00:80:CF:C0:00:00:80:CC:C0:00:00:80:D0:80:00:00:80:CF:C0:00:00:80:CD:C0:00:00:80:D0:40:00:00:80:D1:80:00:00:80:D1:40:00:00:80:D1:00:00:00:80:D1:80:00:00:80:D1:C0:00:00:80:CF:C0:00:00:80:D0:40:00:00:80:CE:C0:00:00:80:D2:00:8A:89:C0:00:FF:FF:00:00:00:AB:10:45:46]
[53:48:DA:00:C8:05:08:00:00:80:CF:00:00:00:80:CF:40:00:00:80:D0:C0:00:00:80:CE:C0:00:00:80:CE:80:00:00:80:D0:40:00:00:80:CF:40:00:00:80:D0:C0:00:00:80:D0:00:00:00:80:C6:80:00:00:80:CF:00:00:00:80:D0:40:00:00:80:D0:40:00:00:80:D1:C0:00:00:80:D0:40:00:00:80:CF:80:00:00:80:A3:C0:00:00:80:CF:80:00:00:80:D0:00:00:00:80:D0:00:8A:8B:C0:00:FF:FF:00:00:00:AB:10:45:46]
[53:48:DA:00:C8:05:09:00:00:80:D1:80:00:00:80:CE:80:00:00:80:D1:80:00:00:80:D1:C0:00:00:80:CF:80:00:00:80:D2:00:00:00:80:CF:C0:00:00:80:CD:C0:00:00:80:D0:80:00:00:80:D0:00:00:00:80:D3:80:00:00:80:CF:C0:00:00:80:D0:40:00:00:80:CF:C0:00:00:80:D0:80:00:00:80:D3:80:00:00:80:CF:80:00:00:80:D0:00:00:00:80:D0:80:00:00:80:D4:00:8A:81:80:00:FF:FF:00:00:00:AB:10:45:46]
[53:48:DA:00:C8:05:0A:00:00:80:D0:40:00:00:80:CD:00:00:00:80:D0:80:00:00:80:CA:00:00:00:80:CF:40:00:00:80:D0:C0:00:00:80:D0:00:00:00:80:D0:00:00:00:80:D0:00:00:00:80:D1:80:00:00:80:CD:C0:00:00:80:D0:00:00:00:80:CF:00:00:00:80:D2:C0:00:00:80:CF:00:00:00:80:AD:C0:00:00:80:CE:40:00:00:80:D1:80:00:00:80:D2:40:00:00:80:D1:40:8A:8E:00:00:FF:FF:00:00:00:AB:10:45:46]
[53:48:DA:00:C8:05:0B:00:00:80:CE:00:00:00:80:CF:80:00:00:80:D0:C0:00:00:80:D0:00:00:00:80:D3:80:00:00:80:D0:C0:00:00:80:CD:40:00:00:80:CF:40:00:00:80:CC:C0:00:00:80:D0:C0:00:00:80:CE:C0:00:00:80:D2:C0:00:00:80:CF:C0:00:00:80:CE:80:00:00:80:D4:40:00:00:80:D0:40:00:00:80:CF:00:00:00:80:CE:40:00:00:80:D1:40:00:00:80:D1:80:8A:B1:40:00:FF:FF:00:00:00:AB:10:45:46]
[53:48:DA:00:C8:05:0C:00:00:80:CF:00:00:00:80:D2:C0:00:00:80:CE:C0:00:00:80:D1:C0:00:00:80:D0:40:00:00:80:D2:80:00:00:80:CD:40:00:00:80:CE:C0:00:00:80:CD:C0:00:00:80:CD:80:00:00:80:CE:80:00:00:80:D1:80:00:00:80:D2:00:00:00:80:D1:00:00:00:80:B6:40:00:00:80:D1:C0:00:00:80:CF:40:00:00:80:CF:40:00:00:80:D1:80:00:00:80:D4:00:8A:98:40:00:FF:FF:00:00:00:AB:10:45:46]
[53:48:DA:00:C8:05:0D:00:00:80:CF:00:00:00:80:D0:00:00:00:80:CD:80:00:00:80:CE:80:00:00:80:D0:C0:00:00:80:D4:80:00:00:80:D2:00:00:00:80:D1:40:00:00:80:CF:C0:00:00:80:CF:40:00:00:80:D0:00:00:00:80:D3:40:00:00:80:CE:80:00:00:80:D0:C0:00:00:80:CE:80:00:00:80:D2:00:00:00:80:D0:40:00:00:80:D2:40:00:00:80:CF:80:00:00:80:D0:C0:8A:9A:80:00:FF:FF:00:00:00:AB:10:45:46]
[53:48:DA:00:C8:05:0E:00:00:80:CE:80:00:00:80:D2:40:00:00:80:CE:00:00:00:80:CD:C0:00:00:80:CF:80:00:00:80:CF:C0:00:00:80:D2:40:00:00:80:CE:00:00:00:80:D3:00:00:00:80:D2:80:00:00:80:D1:00:00:00:80:CE:C0:00:00:80:D2:40:00:00:80:B2:40:00:00:80:CF:C0:00:00:80:CF:00:00:00:80:D2:80:00:00:80:D1:00:00:00:80:D1:80:00:00:80:D0:40:8A:84:80:00:FF:FF:00:00:00:AB:10:45:46]
[53:48:DA:00:C8:05:0F:00:00:80:D1:C0:00:00:80:D3:40:00:00:80:D0:C0:00:00:80:D1:40:00:00:80:D1:40:00:00:80:CE:40:00:00:80:D1:C0:00:00:80:C9:40:00:00:80:CF:80:00:00:80:CD:80:00:00:80:CF:40:00:00:80:D0:00:00:00:80:D2:40:00:00:80:CF:80:00:00:80:D4:00:00:00:80:CF:C0:00:00:80:CF:00:00:00:80:D5:80:00:00:80:D0:C0:00:00:80:CF:C0:8A:8B:C0:00:FF:FF:00:00:00:AB:10:45:46]
[53:48:DA:00:C8:05:10:00:00:80:CE:00:00:00:80:D3:80:00:00:80:CF:80:00:00:80:CE:40:00:00:80:D0:00:00:00:80:D1:40:00:00:80:D2:80:00:00:80:D0:00:00:00:80:D1:00:00:00:80:CE:C0:00:00:80:D0:40:00:00:80:CE:C0:00:00:80:90:C0:00:00:80:D0:40:00:00:80:D1:40:00:00:80:CE:C0:00:00:80:CF:40:00:00:80:CE:00:00:00:80:D2:00:00:00:80:D0:C0:8A:96:40:00:FF:FF:00:00:00:AB:10:45:46]
[53:48:DA:00:C8:05:11:00:00:80:CF:C0:00:00:80:CC:40:00:00:80:D0:40:00:00:80:D1:00:00:00:80:CD:C0:00:00:80:D1:40:00:00:80:D2:80:00:00:80:D1:C0:00:00:80:D0:40:00:00:80:D2:00:00:00:80:D1:80:00:00:80:D1:80:00:00:80:CF:00:00:00:80:CD:80:00:00:80:D0:00:00:00:80:C3:40:00:00:80:CF:00:00:00:80:D0:80:00:00:80:CF:C0:00:00:80:D0:C0:8A:A5:C0:00:FF:FF:00:00:00:AB:10:45:46]
[53:48:DA:00:C8:05:12:00:00:80:CD:C0:00:00:80:D1:80:00:00:80:CE:00:00:00:80:D2:00:00:00:80:D0:00:00:00:80:CF:00:00:00:80:CE:40:00:00:80:D1:00:00:00:80:CD:C0:00:00:80:D0:C0:00:00:80:D2:00:00:00:80:93:40:00:00:80:D1:40:00:00:80:D0:40:00:00:80:CD:C0:00:00:80:D3:80:00:00:80:D1:00:00:00:80:CF:C0:00:00:80:D2:C0:00:00:80:C7:00:8A:B4:40:00:FF:FF:00:00:00:AB:10:45:46]
[53:48:DA:00:C8:05:13:00:00:80:D5:40:00:00:80:CA:80:00:00:80:D2:00:00:00:80:D2:00:00:00:80:CF:C0:00:00:80:D2:00:00:00:80:CA:C0:00:00:80:CF:C0:00:00:80:D0:40:00:00:80:CF:00:00:00:80:CE:C0:00:00:80:D0:C0:00:00:80:D3:C0:00:00:80:D1:40:00:00:80:D0:80:00:00:80:D3:80:00:00:80:D0:C0:00:00:80:D0:00:00:00:80:D2:80:00:00:80:CF:40:8A:97:40:00:FF:FF:00:00:00:AB:10:45:46]
[53:48:DA:00:C8:05:14:00:00:80:D1:00:00:00:80:CF:C0:00:00:80:CC:40:00:00:80:C9:40:00:00:80:D2:00:00:00:80:D0:C0:00:00:80:D1:C0:00:00:80:D2:C0:00:00:80:D0:C0:00:00:80:CE:40:00:00:80:8E:00:00:00:80:D3:C0:00:00:80:CF:80:00:00:80:D0:00:00:00:80:D2:40:00:00:80:D1:00:00:00:80:CF:80:00:00:80:CF:80:00:00:80:D0:40:00:00:80:CE:00:8A:B9:80:00:FF:FF:00:00:00:AB:10:45:46]
[53:48:DA:00:C8:05:15:00:00:80:D1:C0:00:00:80:CF:00:00:00:80:D0:C0:00:00:80:D2:40:00:00:80:D2:C0:00:00:80:CD:C0:00:00:80:B9:80:00:00:80:CF:80:00:00:80:D1:C0:00:00:80:CF:40:00:00:80:D1:80:00:00:80:CE:C0:00:00:80:D0:40:00:00:80:CD:00:00:00:80:CE:00:00:00:80:CE:00:00:00:80:D3:00:00:00:80:D2:C0:00:00:80:D0:40:00:00:80:D1:40:8A:A0:80:00:FF:FF:00:00:00:AB:10:45:46]
[53:48:DA:00:C8:05:16:00:00:80:D0:C0:00:00:80:CC:C0:00:00:80:D2:00:00:00:80:D0:00:00:00:80:D0:40:00:00:80:D1:80:00:00:80:CE:40:00:00:80:CF:C0:00:00:80:CD:80:00:00:80:91:00:00:00:80:CF:40:00:00:80:CF:40:00:00:80:D2:C0:00:00:80:CE:00:00:00:80:D0:00:00:00:80:D2:40:00:00:80:CF:40:00:00:80:CE:80:00:00:80:CC:00:00:00:80:D0:00:8A:CA:00:00:FF:FF:00:00:00:AB:10:45:46]
[53:48:DA:00:C8:05:17:00:00:80:CD:C0:00:00:80:D0:80:00:00:80:CF:40:00:00:80:CF:80:00:00:80:D1:40:00:00:80:CE:00:00:00:80:CF:00:00:00:80:CF:00:00:00:80:D3:C0:00:00:80:D1:40:00:00:80:D2:40:00:00:80:CF:00:00:00:80:D0:80:00:00:80:D0:80:00:00:80:CE:80:00:00:80:D0:40:00:00:80:D0:80:00:00:80:D1:80:00:00:80:CF:40:00:00:80:D1:40:8A:C0:C0:00:FF:FF:00:00:00:AB:10:45:46]
[53:48:DA:00:C8:05:18:00:00:80:CD:80:00:00:80:D2:40:00:00:80:D2:C0:00:00:80:D4:80:00:00:80:D2:00:00:00:80:D5:80:00:00:80:D1:C0:00:00:80:D2:80:00:00:80:A2:00:00:00:80:CF:80:00:00:80:D2:C0:00:00:80:D0:80:00:00:80:D0:C0:00:00:80:D0:C0:00:00:80:D3:00:00:00:80:D0:40:00:00:80:CC:40:00:00:80:CF:C0:00:00:80:C9:80:00:00:80:D2:C0:8A:A6:C0:00:FF:FF:00:00:00:AB:10:45:46]
[53:48:DA:00:C8:05:19:00:00:80:D1:C0:00:00:80:D0:80:00:00:80:D0:40:00:00:80:CD:40:00:00:80:CD:80:00:00:80:D0:00:00:00:80:D2:00:00:00:80:CF:00:00:00:80:CF:C0:00:00:80:CF:C0:00:00:80:D1:C0:00:00:80:CF:C0:00:00:80:CF:80:00:00:80:D0:40:00:00:80:D2:40:00:00:80:D0:40:00:00:80:D1:40:00:00:80:D1:40:00:00:80:D0:40:00:00:80:D4:00:8A:C1:C0:00:FF:FF:00:00:00:AB:10:45:46]
[53:48:DA:00:C8:05:1A:00:00:80:D0:C0:00:00:80:CB:00:00:00:80:D0:40:00:00:80:D3:40:00:00:80:CE:80:00:00:80:D1:C0:00:00:80:CF:40:00:00:80:CF:80:00:00:80:D0:80:00:00:80:D0:C0:00:00:80:D1:00:00:00:80:D1:40:00:00:80:CE:00:00:00:80:D0:C0:00:00:80:D1:40:00:00:80:CF:40:00:00:80:CD:C0:00:00:80:D0:00:00:00:80:D3:C0:00:00:80:D2:40:8A:AC:00:00:FF:FF:00:00:00:AB:10:45:46]
[53:48:DA:00:C8:05:1B:00:00:80:CE:80:00:00:80:D3:40:00:00:80:D2:40:00:00:80:D2:40:00:00:80:D2:80:00:00:80:C9:00:00:00:80:CF:C0:00:00:80:D2:80:00:00:80:D0:80:00:00:80:CD:C0:00:00:80:CD:C0:00:00:80:CE:80:00:00:80:CD:C0:00:00:80:CC:80:00:00:80:CC:40:00:00:80:CA:80:00:00:80:C9:80:00:00:80:C8:40:00:00:80:C9:80:00:00:80:C6:40:8A:C7:00:00:FF:FF:00:00:00:AB:10:45:46]
[53:48:DA:00:C8:05:1C:00:00:80:8C:40:00:00:80:66:C0:00:00:80:54:00:00:00:80:3D:C0:00:00:80:24:80:00:00:7F:F7:40:00:00:7F:CA:00:00:00:7F:86:40:00:00:7F:28:80:00:00:7E:F1:80:00:00:7E:7C:80:00:00:7E:44:C0:00:00:7E:14:80:00:00:7D:AD:80:00:00:7D:AD:80:00:00:7D:A1:80:00:00:7D:33:40:00:00:7D:1F:40:00:00:7C:DC:C0:00:00:7C:E9:80:8A:BD:C0:00:FF:FF:00:00:00:AB:10:45:46]
[53:48:DA:00:C8:05:1D:00:00:7C:9C:40:00:00:7C:5D:40:00:00:7C:31:40:00:00:7C:24:80:00:00:7C:0A:40:00:00:7C:00:C0:00:00:7C:16:C0:00:00:7B:B4:C0:00:00:7B:97:C0:00:00:7B:59:00:00:00:7B:55:80:00:00:7B:47:C0:00:00:7B:2D:80:00:00:7B:11:C0:00:00:7B:18:00:00:00:7B:03:40:00:00:7A:D6:40:00:00:7A:BE:00:00:00:7B:15:40:00:00:7A:C6:00:8A:BE:C0:00:FF:FF:00:00:00:AB:10:45:46]
[53:48:DA:00:C8:05:1E:00:00:7A:BB:80:00:00:7A:AC:80:00:00:7A:8F:80:00:00:7A:67:80:00:00:7A:A2:00:00:00:7A:E4:40:00:00:7A:A5:40:00:00:7A:97:C0:00:00:7A:2D:80:00:00:7A:90:40:00:00:7A:AA:40:00:00:7A:B1:40:00:00:7A:B1:00:00:00:7A:99:00:00:00:7A:3C:C0:00:00:7A:C8:00:00:00:7A:EE:40:00:00:7B:04:40:00:00:7B:2D:C0:00:00:7B:56:80:8A:A4:C0:00:FF:FF:00:00:00:AB:10:45:46]
[53:48:DA:00:C8:05:1F:00:00:7B:5F:C0:00:00:7B:B7:80:00:00:7B:AD:C0:00:00:7B:B7:80:00:00:7B:B7:00:00:00:7C:3D:80:00:00:7C:2D:80:00:00:7C:2A:00:00:00:7C:68:C0:00:00:7C:69:00:00:00:7C:A1:C0:00:00:7C:C9:00:00:00:7C:D1:40:00:00:7C:E7:80:00:00:7D:2A:80:00:00:7D:4A:80:00:00:7D:5E:C0:00:00:7D:67:80:00:00:7D:89:80:00:00:7D:D2:40:8A:C8:00:00:FF:FF:00:00:00:AB:10:45:46]
[53:48:DA:00:C8:05:20:00:00:7D:E7:00:00:00:7D:E9:40:00:00:7E:31:40:00:00:7E:27:00:00:00:7E:59:80:00:00:7E:5D:80:00:00:7E:81:00:00:00:7E:9D:80:00:00:7E:AA:C0:00:00:7E:C0:80:00:00:7E:EB:40:00:00:7E:D0:40:00:00:7E:E7:40:00:00:7E:F5:80:00:00:7F:09:80:00:00:7E:FB:40:00:00:7F:0B:00:00:00:7F:2A:00:00:00:7F:32:40:00:00:7F:2B:80:8A:A6:C0:00:FF:FF:00:00:00:AB:10:45:46]
[53:48:DA:00:C8:05:21:00:00:7F:76:40:00:00:7F:78:00:00:00:7F:69:80:00:00:7F:6E:00:00:00:7F:5B:00:00:00:7F:75:40:00:00:7F:AC:00:00:00:7F:AB:40:00:00:7F:C7:80:00:00:7F:C4:40:00:00:7F:D0:80:00:00:7F:E3:C0:00:00:7F:EB:C0:00:00:7F:F7:80:00:00:7F:F0:00:00:00:7F:EA:00:00:00:80:00:40:00:00:80:07:C0:00:00:80:17:80:00:00:80:0C:40:8A:A1:C0:00:FF:FF:00:00:00:AB:10:45:46]
[53:48:DA:00:C8:05:22:00:00:80:22:C0:00:00:80:15:00:00:00:80:2A:C0:00:00:80:30:00:00:00:80:4C:80:00:00:80:52:80:00:00:80:51:80:00:00:80:64:C0:00:00:80:63:40:00:00:80:68:40:00:00:80:73:C0:00:00:80:68:00:00:00:80:78:C0:00:00:80:7C:40:00:00:80:83:00:00:00:80:7B:C0:00:00:80:83:80:00:00:80:7D:00:00:00:80:83:80:00:00:80:84:00:8A:AC:00:00:FF:FF:00:00:00:AB:10:45:46]
[53:48:DA:00:C8:05:23:00:00:80:91:80:00:00:80:8E:40:00:00:80:6B:40:00:00:80:9C:C0:00:00:80:A0:80:00:00:80:9E:C0:00:00:80:9F:C0:00:00:80:9B:C0:00:00:80:9C:C0:00:00:80:9E:40:00:00:80:A0:C0:00:00:80:A7:00:00:00:80:AC:40:00:00:80:AD:C0:00:00:80:B5:80:00:00:80:B6:40:00:00:80:B6:80:00:00:80:B7:80:00:00:80:B9:40:00:00:80:BC:80:8A:B4:40:00:FF:FF:00:00:00:AB:10:45:46]
[53:48:DA:00:C8:05:24:00:00:80:C5:80:00:00:80:C7:80:00:00:80:CB:80:00:00:80:CC:C0:00:00:80:C8:80:00:00:80:D3:80:00:00:80:D1:C0:00:00:80:D6:00:00:00:80:D2:40:00:00:80:D3:40:00:00:80:C6:80:00:00:80:D5:40:00:00:80:D4:C0:00:00:80:D6:80:00:00:80:D5:80:00:00:80:D8:C0:00:00:80:D0:40:00:00:80:D7:00:00:00:80:DA:80:00:00:80:DD:40:8A:C2:C0:00:FF:FF:00:00:00:AB:10:45:46]
[53:48:DA:00:C8:05:25:00:00:80:DE:C0:00:00:80:8F:80:00:00:80:D8:C0:00:00:80:D5:00:00:00:80:CD:40:00:00:80:CC:80:00:00:80:C6:C0:00:00:80:C4:80:00:00:80:C1:80:00:00:80:BE:40:00:00:80:C3:80:00:00:80:C8:80:00:00:80:CD:00:00:00:80:CE:C0:00:00:80:D4:80:00:00:80:D6:00:00:00:80:D8:00:00:00:80:DA:00:00:00:80:D8:C0:00:00:80:D5:C0:8A:BF:C0:00:FF:FF:00:00:00:AB:10:45:46]
[53:48:DA:00:C8:05:26:00:00:80:D4:00:00:00:80:D4:80:00:00:80:D0:40:00:00:80:CE:80:00:00:80:C9:00:00:00:80:C9:00:00:00:80:C5:C0:00:00:80:C2:C0:00:00:80:C8:40:00:00:80:B6:40:00:00:80:CA:00:00:00:80:CD:40:00:00:80:CF:00:00:00:80:C4:00:00:00:80:D1:00:00:00:80:D2:C0:00:00:80:D4:40:00:00:80:D5:00:00:00:80:D3:C0:00:00:80:D5:40:8A:AF:00:00:FF:FF:00:00:00:AB:10:45:46]
[53:48:DA:00:C8:05:27:00:00:80:85:40:00:00:80:D8:40:00:00:80:D4:80:00:00:80:CD:C0:00:00:80:D2:C0:00:00:80:D1:00:00:00:80:CF:00:00:00:80:D2:40:00:00:80:C2:C0:00:00:80:CA:80:00:00:80:CC:80:00:00:80:CA:C0:00:00:80:CE:40:00:00:80:CE:C0:00:00:80:D0:80:00:00:80:C1:00:00:00:80:D2:C0:00:00:80:CB:C0:00:00:80:D0:40:00:00:80:D0:80:8A:B6:80:00:FF:FF:00:00:00:AB:10:45:46]
[53:48:DA:00:C8:05:28:00:00:80:CF:00:00:00:80:CB:00:00:00:80:CE:40:00:00:80:C5:00:00:00:80:CA:80:00:00:80:C9:80:00:00:80:C8:80:00:00:80:C0:80:00:00:80:BB:80:00:00:80:CE:C0:00:00:80:CE:00:00:00:80:CF:40:00:00:80:CD:00:00:00:80:CE:80:00:00:80:CF:C0:00:00:80:D2:40:00:00:80:C9:40:00:00:80:CE:C0:00:00:80:CC:40:00:00:80:CD:00:8A:CA:00:00:FF:FF:00:00:00:AB:10:45:46]
[53:48:DA:00:C8:05:29:00:00:80:CB:80:00:00:80:D0:80:00:00:80:D4:00:00:00:80:CF:C0:00:00:80:D1:40:00:00:80:CD:00:00:00:80:CE:80:00:00:80:C4:C0:00:00:80:CC:80:00:00:80:C4:C0:00:00:80:C7:80:00:00:80:BF:80:00:00:80:C5:80:00:00:80:C5:C0:00:00:80:C3:C0:00:00:80:C7:C0:00:00:80:C7:80:00:00:80:C8:80:00:00:80:C8:00:00:00:80:CB:40:8A:C0:C0:00:FF:FF:00:00:00:AB:10:45:46]
[53:48:DA:00:C8:05:2A:00:00:80:D2:00:00:00:80:D5:C0:00:00:80:D8:80:00:00:80:D9:80:00:00:80:DA:00:00:00:80:DC:80:00:00:80:DC:80:00:00:80:D1:C0:00:00:80:DC:C0:00:00:80:D8:80:00:00:80:D7:80:00:00:80:D2:00:00:00:80:CC:40:00:00:80:CD:80:00:00:80:D0:40:00:00:80:C3:00:00:00:80:D2:00:00:00:80:CC:80:00:00:80:CB:00:00:00:80:8B:C0:8A:AD:00:00:FF:FF:00:00:00:AB:10:45:46]
[53:48:DA:00:C8:05:2B:00:00:80:CC:C0:00:00:80:D1:80:00:00:80:CD:C0:00:00:80:CE:40:00:00:80:CD:40:00:00:80:D0:80:00:00:80:C6:00:00:00:80:CC:40:00:00:80:D0:00:00:00:80:D1:00:00:00:80:D0:80:00:00:80:D3:80:00:00:80:D3:80:00:00:80:D1:00:00:00:80:D1:C0:00:00:80:D1:40:00:00:80:D2:80:00:00:80:D2:80:00:00:80:D5:80:00:00:80:CE:C0:8A:B4:40:00:FF:FF:00:00:00:AB:10:45:46]
[53:48:DA:00:C8:05:2C:00:00:80:D4:40:00:00:80:D8:40:00:00:80:D9:80:00:00:80:D5:80:00:00:80:D4:80:00:00:80:D0:C0:00:00:80:C5:00:00:00:80:CE:C0:00:00:80:CF:40:00:00:80:CA:00:00:00:80:D0:40:00:00:80:C7:00:00:00:80:D3:00:00:00:80:D5:C0:00:00:80:D6:40:00:00:80:D7:00:00:00:80:DA:80:00:00:80:D9:00:00:00:80:A5:C0:00:00:80:D9:00:8A:B8:80:00:FF:FF:00:00:00:AB:10:45:46]
[53:48:DA:00:C8:05:2D:00:00:80:DC:C0:00:00:80:DE:40:00:00:80:D1:C0:00:00:80:DC:80:00:00:80:DA:C0:00:00:80:CF:00:00:00:80:DB:40:00:00:80:DC:00:00:00:80:D9:C0:00:00:80:DD:C0:00:00:80:DA:80:00:00:80:DC:C0:00:00:80:D5:00:00:00:80:D6:80:00:00:80:D4:80:00:00:80:D7:80:00:00:80:DA:C0:00:00:80:DA:40:00:00:80:D8:40:00:00:80:D8:80:8A:B6:80:00:FF:FF:00:00:00:AB:10:45:46]
[53:48:DA:00:C8:05:2E:00:00:80:DF:C0:00:00:80:E0:40:00:00:80:DE:00:00:00:80:EA:C0:00:00:80:E8:40:00:00:80:DB:80:00:00:80:CD:40:00:00:80:DF:40:00:00:80:DC:C0:00:00:80:DC:00:00:00:80:E1:00:00:00:80:E4:00:00:00:80:DF:00:00:00:80:DA:80:00:00:80:DB:C0:00:00:80:DE:00:00:00:80:E1:C0:00:00:80:A0:00:00:00:80:E4:40:00:00:80:E5:80:8A:C3:C0:00:FF:FF:00:00:00:AB:10:45:46]
[53:48:DA:00:C8:05:2F:00:00:80:E1:00:00:00:80:E6:00:00:00:80:DC:C0:00:00:80:DB:00:00:00:80:D2:40:00:00:80:E3:80:00:00:80:D8:40:00:00:80:E0:00:00:00:80:E2:C0:00:00:80:DE:C0:00:00:80:D7:40:00:00:80:D9:00:00:00:80:D3:40:00:00:80:D4:00:00:00:80:D5:C0:00:00:80:D0:C0:00:00:80:D0:00:00:00:80:D0:00:00:00:80:D4:C0:00:00:80:D7:C0:8A:A7:C0:00:FF:FF:00:00:00:AB:10:45:46]
[53:48:DA:00:C8:05:30:00:00:80:D8:80:00:00:80:DB:40:00:00:80:DA:40:00:00:80:DA:C0:00:00:80:CF:40:00:00:80:D8:C0:00:00:80:DB:C0:00:00:80:D3:C0:00:00:80:D7:00:00:00:80:D5:40:00:00:80:D4:80:00:00:80:CD:C0:00:00:80:CE:40:00:00:80:CF:00:00:00:80:CB:C0:00:00:80:D2:C0:00:00:80:5E:00:00:00:80:CF:C0:00:00:80:CF:C0:00:00:80:D1:00:8A:A9:00:00:FF:FF:00:00:00:AB:10:45:46]
[53:48:DA:00:C8:05:31:00:00:80:D1:00:00:00:80:D2:80:00:00:80:CD:40:00:00:80:C4:40:00:00:80:CF:40:00:00:80:CE:00:00:00:80:D4:C0:00:00:80:D1:00:00:00:80:D5:80:00:00:80:D3:C0:00:00:80:D4:C0:00:00:80:D4:80:00:00:80:D4:C0:00:00:80:D5:80:00:00:80:D4:C0:00:00:80:D6:40:00:00:80:D2:00:00:00:80:D4:C0:00:00:80:C7:80:00:00:80:D7:00:8A:B9:80:00:FF:FF:00:00:00:AB:10:45:46]
[53:48:DA:00:C8:05:32:00:00:80:D8:C0:00:00:80:DA:00:00:00:80:D4:C0:00:00:80:D1:80:00:00:80:D5:80:00:00:80:D8:80:00:00:80:D9:C0:00:00:80:DD:00:00:00:80:DB:40:00:00:80:DD:00:00:00:80:DF:80:00:00:80:E1:80:00:00:80:E7:40:00:00:80:EA:00:00:00:80:F4:80:00:00:80:86:40:00:00:81:07:C0:00:00:81:11:00:00:00:81:1F:40:00:00:81:3B:C0:8A:CD:40:00:FF:FF:00:00:00:AB:10:45:46]
[53:48:DA:00:C8:05:33:00:00:81:8A:C0:00:00:81:B7:00:00:00:82:32:40:00:00:83:39:C0:00:00:84:19:00:00:00:83:8F:C0:00:00:85:7B:C0:00:00:85:C7:80:00:00:82:DD:40:00:00:85:4D:00:00:00:89:95:00:00:00:8B:01:00:00:00:91:31:C0:00:00:8F:D1:40:00:00:8C:BC:00:00:00:8F:C4:80:00:00:88:DA:80:00:00:8D:5D:80:00:00:8B:D7:40:00:00:8E:95:C0:8A:BF:C0:00:FF:FF:00:00:00:AB:10:45:46]
[53:48:DA:00:C8:05:34:00:00:8C:50:C0:00:00:88:27:00:00:00:8C:B9:C0:00:00:93:CA:40:00:00:87:05:40:00:00:8D:C8:80:00:00:90:A2:00:00:00:87:B9:C0:00:00:8E:8C:00:00:00:93:40:00:00:00:8B:2F:80:00:00:87:FF:40:00:00:8E:87:C0:00:00:8A:C6:40:00:00:93:41:80:00:00:8F:68:80:00:00:89:55:00:00:00:88:62:80:00:00:84:85:80:00:00:86:30:80:8A:C3:C0:00:FF:FF:00:00:00:AB:10:45:46]
[53:48:DA:00:C8:05:35:00:00:89:98:00:00:00:8A:CD:80:00:00:82:6C:00:00:00:89:C7:40:00:00:85:0C:80:00:00:87:F9:40:00:00:86:A2:80:00:00:87:A8:00:00:00:86:22:C0:00:00:8A:22:00:00:00:89:05:C0:00:00:8F:EC:40:00:00:8A:16:00:00:00:86:4B:80:00:00:8A:5E:C0:00:00:89:61:00:00:00:8A:57:C0:00:00:86:27:00:00:00:88:CD:C0:00:00:8A:FC:80:8A:B2:40:00:FF:FF:00:00:00:AB:10:45:46]
[53:48:DA:00:C8:05:36:00:00:86:DA:C0:00:00:86:C2:C0:00:00:86:C3:C0:00:00:86:00:C0:00:00:85:B8:40:00:00:87:13:80:00:00:86:2B:80:00:00:82:53:C0:00:00:87:0E:00:00:00:84:B2:40:00:00:84:C9:00:00:00:84:B0:00:00:00:82:41:00:00:00:83:DF:80:00:00:84:92:80:00:00:82:DF:40:00:00:82:C3:80:00:00:83:F9:00:00:00:84:A5:C0:00:00:84:E5:00:8A:B8:80:00:FF:FF:00:00:00:AB:10:45:46]
[53:48:DA:00:C8:05:37:00:00:82:62:80:00:00:82:A2:40:00:00:83:0A:00:00:00:81:80:80:00:00:83:0B:00:00:00:82:14:40:00:00:82:86:00:00:00:83:70:C0:00:00:82:D5:C0:00:00:82:4A:80:00:00:81:A2:80:00:00:82:B3:00:00:00:82:35:00:00:00:82:C3:C0:00:00:82:E4:00:00:00:82:3F:00:00:00:82:F4:80:00:00:81:68:40:00:00:82:8A:80:00:00:82:5E:80:8A:B0:40:00:FF:FF:00:00:00:AB:10:45:46]
[53:48:DA:00:C8:05:38:00:00:81:B7:00:00:00:81:F0:C0:00:00:82:05:40:00:00:81:7A:40:00:00:81:8F:C0:00:00:81:E7:40:00:00:82:52:C0:00:00:81:8A:80:00:00:81:3D:40:00:00:81:27:C0:00:00:81:6D:40:00:00:81:54:C0:00:00:80:D9:00:00:00:82:1B:80:00:00:81:68:80:00:00:81:70:C0:00:00:81:86:C0:00:00:81:1A:40:00:00:81:4C:00:00:00:81:05:C0:8A:B2:40:00:FF:FF:00:00:00:AB:10:45:46]
[53:48:DA:00:C8:05:39:00:00:81:46:80:00:00:80:FC:C0:00:00:81:34:80:00:00:81:2F:80:00:00:81:22:80:00:00:81:19:40:00:00:81:0D:C0:00:00:81:07:80:00:00:81:32:40:00:00:81:05:C0:00:00:80:F5:C0:00:00:80:F4:C0:00:00:81:14:80:00:00:81:00:00:00:00:80:E1:00:00:00:80:E0:80:00:00:80:E9:80:00:00:80:E1:40:00:00:80:F7:40:00:00:80:DF:C0:8A:CA:00:00:FF:FF:00:00:00:AB:10:45:46]
[53:48:DA:00:C8:05:3A:00:00:80:F5:80:00:00:80:ED:80:00:00:80:E8:80:00:00:80:E0:00:00:00:80:DD:C0:00:00:80:DF:80:00:00:80:DA:C0:00:00:80:D7:C0:00:00:80:D8:00:00:00:80:DC:80:00:00:80:D8:C0:00:00:80:D3:40:00:00:80:D6:80:00:00:80:D7:00:00:00:80:D6:40:00:00:80:D6:00:00:00:80:D9:C0:00:00:80:DA:40:00:00:80:D5:80:00:00:80:D0:C0:8A:C8:00:00:FF:FF:00:00:00:AB:10:45:46]
[53:48:DA:00:C8:05:3B:00:00:80:D7:00:00:00:80:D7:40:00:00:80:D7:40:00:00:80:D2:00:00:00:80:CA:40:00:00:80:C4:00:00:00:80:CE:00:00:00:80:D6:00:00:00:80:C6:80:00:00:80:D5:80:00:00:80:CE:40:00:00:80:D4:00:00:00:80:CF:C0:00:00:80:CF:80:00:00:80:C4:80:00:00:80:D2:C0:00:00:80:D1:40:00:00:80:CD:00:00:00:80:D1:00:00:00:80:D3:40:8A:C8:00:00:FF:FF:00:00:00:AB:10:45:46]
[53:48:DA:00:C8:05:3C:00:00:80:CF:40:00:00:80:D3:00:00:00:80:D3:00:00:00:80:C9:00:00:00:80:D1:00:00:00:80:CF:C0:00:00:80:D3:00:00:00:80:CF:00:00:00:80:D1:40:00:00:80:CE:80:00:00:80:C5:40:00:00:80:D1:00:00:00:80:CA:80:00:00:80:D0:40:00:00:80:D1:40:00:00:80:B7:00:00:00:80:CE:00:00:00:80:C6:00:00:00:80:CB:80:00:00:80:CE:C0:8A:B1:40:00:FF:FF:00:00:00:AB:10:45:46]
[53:48:DA:00:C8:05:3D:00:00:80:D2:80:00:00:80:D4:C0:00:00:80:D3:80:00:00:80:D3:00:00:00:80:D1:00:00:00:80:CC:40:00:00:80:D1:00:00:00:80:D1:80:00:00:80:D1:00:00:00:80:C5:C0:00:00:80:CE:40:00:00:80:D3:80:00:00:80:D2:40:00:00:80:D1:C0:00:00:80:D2:C0:00:00:80:CF:C0:00:00:80:C0:00:00:00:80:D1:40:00:00:80:D2:80:00:00:80:CE:40:8A:C1:C0:00:FF:FF:00:00:00:AB:10:45:46]
[53:48:DA:00:C8:05:3E:00:00:80:D0:80:00:00:80:D0:00:00:00:80:D0:C0:00:00:80:D3:C0:00:00:80:D1:C0:00:00:80:CE:C0:00:00:80:D2:40:00:00:80:D1:00:00:00:80:D0:40:00:00:80:D1:80:00:00:80:D0:00:00:00:80:D2:00:00:00:80:D4:00:00:00:80:D3:80:00:00:80:D1:C0:00:00:80:D3:80:00:00:80:D2:40:00:00:80:C7:00:00:00:80:D0:C0:00:00:80:CF:C0:8A:C6:00:00:FF:FF:00:00:00:AB:10:45:46]
[53:48:DA:00:C8:05:3F:00:00:80:D3:C0:00:00:80:CF:C0:00:00:80:D0:C0:00:00:80:CD:00:00:00:80:D0:40:00:00:80:D0:80:00:00:80:CE:80:00:00:80:CB:80:00:00:80:B3:C0:00:00:80:D0:40:00:00:80:D3:00:00:00:80:CE:40:00:00:80:D1:80:00:00:80:CF:40:00:00:80:D2:C0:00:00:80:D2:40:00:00:80:D0:C0:00:00:80:CF:00:00:00:80:D5:40:00:00:80:D0:80:8A:DC:C0:00:FF:FF:00:00:00:AB:10:45:46]
[53:48:DA:00:C8:05:40:00:00:80:D0:40:00:00:80:D0:40:00:00:80:CF:00:00:00:80:CE:80:00:00:80:D0:C0:00:00:80:CE:80:00:00:80:CF:40:00:00:80:D3:40:00:00:80:D0:40:00:00:80:D3:80:00:00:80:D1:80:00:00:80:CD:40:00:00:80:CE:40:00:00:80:D1:00:00:00:80:CD:80:00:00:80:D3:80:00:00:80:CB:00:00:00:80:D0:C0:00:00:80:CD:C0:00:00:80:D0:80:8A:C6:00:00:FF:FF:00:00:00:AB:10:45:46]
[53:48:DA:00:C8:05:41:00:00:80:D0:80:00:00:80:D5:80:00:00:80:D4:40:00:00:80:CD:C0:00:00:80:D0:C0:00:00:80:CF:40:00:00:80:CF:00:00:00:80:6A:C0:00:00:80:CE:00:00:00:80:CF:C0:00:00:80:D1:C0:00:00:80:CF:40:00:00:80:CF:00:00:00:80:D0:00:00:00:80:CE:40:00:00:80:CF:00:00:00:80:CF:C0:00:00:80:D0:C0:00:00:80:D5:C0:00:00:80:D2:40:8A:C9:00:00:FF:FF:00:00:00:AB:10:45:46]
[53:48:DA:00:C8:05:42:00:00:80:CE:00:00:00:80:D6:80:00:00:80:D2:00:00:00:80:D5:00:00:00:80:D5:00:00:00:80:D1:80:00:00:80:CF:40:00:00:80:C9:C0:00:00:80:D0:80:00:00:80:D1:80:00:00:80:D1:40:00:00:80:C9:C0:00:00:80:CD:80:00:00:80:CD:C0:00:00:80:CC:80:00:00:80:CD:C0:00:00:80:CE:00:00:00:80:CE:C0:00:00:80:CC:40:00:00:80:CD:00:8A:DA:C0:00:FF:FF:00:00:00:AB:10:45:46]
[53:48:DA:00:C8:05:43:00:00:80:CE:80:00:00:80:CB:C0:00:00:80:CE:80:00:00:80:CF:C0:00:00:80:CC:40:00:00:80:CB:00:00:00:80:68:80:00:00:80:D2:C0:00:00:80:CE:00:00:00:80:CE:80:00:00:80:CE:40:00:00:80:CD:C0:00:00:80:D0:40:00:00:80:D1:00:00:00:80:CD:40:00:00:80:CF:40:00:00:80:CD:40:00:00:80:CE:C0:00:00:80:CD:40:00:00:80:D1:C0:8A:CD:40:00:FF:FF:00:00:00:AB:10:45:46]
[53:48:DA:00:C8:05:44:00:00:80:D1:40:00:00:80:D6:80:00:00:80:D2:00:00:00:80:D3:00:00:00:80:D4:40:00:00:80:CF:80:00:00:80:CD:80:00:00:80:D2:40:00:00:80:CF:40:00:00:80:D0:00:00:00:80:D0:00:00:00:80:D2:C0:00:00:80:CF:80:00:00:80:D1:C0:00:00:80:C9:C0:00:00:80:CF:40:00:00:80:CF:C0:00:00:80:D0:80:00:00:80:CD:80:00:00:80:C4:00:8A:CB:00:00:FF:FF:00:00:00:AB:10:45:46]
[53:48:DA:00:C8:05:45:00:00:80:CE:40:00:00:80:D1:00:00:00:80:D1:40:00:00:80:D0:80:00:00:80:D2:80:00:00:80:23:00:00:00:80:CE:80:00:00:80:CF:40:00:00:80:D1:40:00:00:80:D0:C0:00:00:80:D1:C0:00:00:80:D0:00:00:00:80:D2:C0:00:00:80:CE:80:00:00:80:D0:C0:00:00:80:D0:00:00:00:80:D1:00:00:00:80:D5:00:00:00:80:D2:00:00:00:80:D2:00:8A:B9:80:00:FF:FF:00:00:00:AB:10:45:46]
[53:48:DA:00:C8:05:46:00:00:80:D5:C0:00:00:80:D1:80:00:00:80:CA:40:00:00:80:CE:80:00:00:80:D0:40:00:00:80:CE:00:00:00:80:CF:80:00:00:80:CD:C0:00:00:80:D3:C0:00:00:80:CE:80:00:00:80:D2:40:00:00:80:D0:80:00:00:80:D4:00:00:00:80:CB:80:00:00:80:D1:00:00:00:80:CE:00:00:00:80:D1:40:00:00:80:CF:C0:00:00:80:CF:00:00:00:80:D3:00:8A:CA:00:00:FF:FF:00:00:00:AB:10:45:46]
[53:48:DA:00:C8:05:47:00:00:80:CF:00:00:00:80:CE:C0:00:00:80:CE:C0:00:00:80:CF:80:00:00:80:2C:80:00:00:80:CF:C0:00:00:80:BB:00:00:00:80:D1:00:00:00:80:D0:40:00:00:80:CE:80:00:00:80:D0:00:00:00:80:CF:C0:00:00:80:CE:80:00:00:80:D0:C0:00:00:80:D2:40:00:00:80:D1:80:00:00:80:D2:80:00:00:80:D0:C0:00:00:80:CE:80:00:00:80:D0:80:8A:DB:C0:00:FF:FF:00:00:00:AB:10:45:46]
[53:48:DA:00:C8:05:48:00:00:80:CC:80:00:00:80:CF:40:00:00:80:D0:80:00:00:80:CD:40:00:00:80:CA:00:00:00:80:C9:00:00:00:80:CE:C0:00:00:80:C6:40:00:00:80:CD:00:00:00:80:C7:40:00:00:80:C0:C0:00:00:80:CF:80:00:00:80:C5:C0:00:00:80:C7:80:00:00:80:C6:40:00:00:80:C5:40:00:00:80:C0:C0:00:00:80:C2:80:00:00:80:BD:80:00:00:80:BD:40:8A:C7:00:00:FF:FF:00:00:00:AB:10:45:46]
[53:48:DA:00:C8:05:49:00:00:80:BA:C0:00:00:80:B4:C0:00:00:80:AF:80:00:00:80:20:40:00:00:80:AA:80:00:00:80:A4:C0:00:00:80:A4:40:00:00:80:98:00:00:00:80:99:80:00:00:80:94:40:00:00:80:91:00:00:00:80:87:80:00:00:80:83:00:00:00:80:88:40:00:00:80:7C:80:00:00:80:7D:40:00:00:80:7A:00:00:00:80:7D:C0:00:00:80:71:40:00:00:80:77:00:8A:E6:00:00:FF:FF:00:00:00:AB:10:45:46]
[53:48:DA:00:C8:05:4A:00:00:80:6E:00:00:00:80:75:40:00:00:80:70:40:00:00:80:70:80:00:00:80:6D:80:00:00:80:6C:00:00:00:80:72:40:00:00:80:6C:80:00:00:80:6A:C0:00:00:80:69:00:00:00:80:69:C0:00:00:80:6A:C0:00:00:80:67:40:00:00:80:6E:40:00:00:80:66:40:00:00:80:6E:80:00:00:80:6A:80:00:00:80:6F:C0:00:00:80:5E:80:00:00:80:6A:00:8A:F4:80:00:FF:FF:00:00:00:AB:10:45:46]
[53:48:DA:00:C8:05:4B:00:00:80:6A:80:00:00:80:69:C0:00:00:80:03:80:00:00:80:75:C0:00:00:80:69:00:00:00:80:70:40:00:00:80:76:00:00:00:80:78:40:00:00:80:78:00:00:00:80:80:40:00:00:80:71:40:00:00:80:77:80:00:00:80:7A:40:00:00:80:84:80:00:00:80:78:40:00:00:80:84:00:00:00:80:7B:40:00:00:80:7F:80:00:00:80:88:C0:00:00:80:82:80:8A:E6:00:00:FF:FF:00:00:00:AB:10:45:46]
[53:48:DA:00:C8:05:4C:00:00:80:83:80:00:00:80:77:00:00:00:80:87:00:00:00:80:82:80:00:00:80:88:C0:00:00:80:85:00:00:00:80:88:C0:00:00:80:84:00:00:00:80:8A:80:00:00:80:85:40:00:00:80:80:80:00:00:80:88:40:00:00:80:86:C0:00:00:80:85:C0:00:00:80:88:40:00:00:80:8A:40:00:00:80:86:00:00:00:80:87:00:00:00:80:8A:40:00:00:80:8A:80:8A:D4:80:00:FF:FF:00:00:00:AB:10:45:46]
[53:48:DA:00:C8:05:4D:00:00:80:8E:80:00:00:80:2D:80:00:00:80:8C:80:00:00:80:8C:00:00:00:80:87:00:00:00:80:75:40:00:00:80:8A:40:00:00:80:8D:40:00:00:80:94:00:00:00:80:89:00:00:00:80:94:00:00:00:80:8F:C0:00:00:80:98:C0:00:00:80:93:80:00:00:80:98:80:00:00:80:94:40:00:00:80:9B:00:00:00:80:94:80:00:00:80:A0:00:00:00:80:99:80:8A:EB:40:00:FF:FF:00:00:00:AB:10:45:46]
[53:48:DA:00:C8:05:4E:00:00:80:9E:C0:00:00:80:9B:C0:00:00:80:9F:40:00:00:80:9E:80:00:00:80:A1:40:00:00:80:9C:C0:00:00:80:9F:00:00:00:80:9F:40:00:00:80:A6:40:00:00:80:8A:80:00:00:80:A7:00:00:00:80:A0:40:00:00:80:A8:40:00:00:80:A9:C0:00:00:80:A4:00:00:00:80:AA:C0:00:00:80:AB:00:00:00:80:A9:80:00:00:80:AE:80:00:00:80:AF:40:8A:DB:C0:00:FF:FF:00:00:00:AB:10:45:46]
[53:48:DA:00:C8:05:4F:00:00:80:4C:80:00:00:80:B1:80:00:00:80:AD:00:00:00:80:B0:40:00:00:80:AF:C0:00:00:80:AE:00:00:00:80:AF:00:00:00:80:B1:40:00:00:80:AA:00:00:00:80:AA:80:00:00:80:B1:C0:00:00:80:AC:40:00:00:80:AD:00:00:00:80:AD:80:00:00:80:B1:C0:00:00:80:B0:C0:00:00:80:AF:80:00:00:80:AB:40:00:00:80:AC:80:00:00:80:AA:40:8A:BF:C0:00:FF:FF:00:00:00:AB:10:45:46]
[53:48:DA:00:C8:05:50:00:00:80:AF:80:00:00:80:AA:00:00:00:80:AD:00:00:00:80:AF:00:00:00:80:AE:80:00:00:80:AB:00:00:00:80:AD:40:00:00:80:A9:C0:00:00:80:A6:00:00:00:80:A9:00:00:00:80:A7:C0:00:00:80:AD:80:00:00:80:A9:80:00:00:80:A6:C0:00:00:80:A7:00:00:00:80:AB:40:00:00:80:A9:00:00:00:80:95:80:00:00:80:AE:40:00:00:80:AF:C0:8A:CC:40:00:FF:FF:00:00:00:AB:10:45:46]
[53:48:DA:00:C8:05:51:00:00:80:B3:C0:00:00:80:B5:00:00:00:80:B1:C0:00:00:80:B5:40:00:00:80:B9:40:00:00:80:B7:80:00:00:80:B9:40:00:00:80:B1:80:00:00:80:AD:40:00:00:80:BB:00:00:00:80:B9:40:00:00:80:BA:80:00:00:80:B8:40:00:00:80:B9:80:00:00:80:BA:C0:00:00:80:B3:40:00:00:80:B5:80:00:00:80:B6:00:00:00:80:B6:00:00:00:80:B5:C0:8A:DE:C0:00:FF:FF:00:00:00:AB:10:45:46]
[53:48:DA:00:C8:05:52:00:00:80:A8:80:00:00:80:AC:00:00:00:80:B1:00:00:00:80:B1:80:00:00:80:AF:C0:00:00:80:B1:40:00:00:80:B4:40:00:00:80:AF:40:00:00:80:B4:00:00:00:80:B4:80:00:00:80:B6:80:00:00:80:B6:00:00:00:80:B8:00:00:00:80:B6:00:00:00:80:BB:80:00:00:80:B7:00:00:00:80:B7:80:00:00:80:B8:00:00:00:80:B7:40:00:00:80:1F:40:8A:E3:00:00:FF:FF:00:00:00:AB:10:45:46]
[53:48:DA:00:C8:05:53:00:00:80:B9:40:00:00:80:B9:C0:00:00:80:B9:00:00:00:80:BB:00:00:00:80:B3:40:00:00:80:B8:C0:00:00:80:B4:80:00:00:80:BB:40:00:00:80:BB:40:00:00:80:BB:00:00:00:80:B8:80:00:00:80:BF:C0:00:00:80:BF:40:00:00:80:BC:00:00:00:80:C2:80:00:00:80:C2:80:00:00:80:C4:40:00:00:80:C7:00:00:00:80:C7:C0:00:00:80:C8:C0:8A:C0:C0:00:FF:FF:00:00:00:AB:10:45:46]
[53:48:DA:00:C8:05:54:00:00:80:CD:40:00:00:80:D1:00:00:00:80:D4:00:00:00:80:D4:40:00:00:80:D6:80:00:00:80:DD:80:00:00:80:DB:80:00:00:80:DD:80:00:00:80:C8:40:00:00:80:E1:C0:00:00:80:E5:40:00:00:80:E8:40:00:00:80:EC:40:00:00:80:EE:40:00:00:80:F0:00:00:00:80:F9:80:00:00:80:FB:00:00:00:81:02:40:00:00:80:95:C0:00:00:81:0F:40:8A:DC:C0:00:FF:FF:00:00:00:AB:10:45:46]
[53:48:DA:00:C8:05:55:00:00:81:18:C0:00:00:81:10:00:00:00:81:43:C0:00:00:81:32:C0:00:00:81:38:C0:00:00:81:6B:C0:00:00:81:5D:80:00:00:81:33:40:00:00:81:06:80:00:00:81:1F:C0:00:00:81:1B:40:00:00:81:2B:00:00:00:81:0C:00:00:00:81:43:C0:00:00:81:4D:40:00:00:81:3C:40:00:00:81:36:80:00:00:81:6D:00:00:00:81:56:00:00:00:81:33:C0:8A:C8:00:00:FF:FF:00:00:00:AB:10:45:46]
[53:48:DA:00:C8:05:56:00:00:81:19:C0:00:00:81:2D:80:00:00:81:22:40:00:00:81:63:40:00:00:81:4D:80:00:00:81:18:80:00:00:81:0E:80:00:00:81:12:00:00:00:81:2B:40:00:00:81:49:C0:00:00:81:26:80:00:00:81:32:40:00:00:81:5D:C0:00:00:81:2C:40:00:00:81:2E:40:00:00:81:43:C0:00:00:81:61:80:00:00:80:EA:80:00:00:81:2E:00:00:00:80:F8:40:8A:D7:80:00:FF:FF:00:00:00:AB:10:45:46]
[53:48:DA:00:C8:05:57:00:00:81:54:40:00:00:81:52:C0:00:00:81:32:C0:00:00:81:4C:00:00:00:81:59:40:00:00:81:62:80:00:00:81:23:40:00:00:81:3D:80:00:00:81:03:00:00:00:81:4B:00:00:00:81:37:80:00:00:81:19:40:00:00:80:EC:C0:00:00:81:01:80:00:00:81:17:00:00:00:81:1E:80:00:00:81:28:80:00:00:81:36:80:00:00:81:66:40:00:00:81:3A:40:8A:D4:80:00:FF:FF:00:00:00:AB:10:45:46]
[53:48:DA:00:C8:05:58:00:00:81:07:40:00:00:81:0B:C0:00:00:81:07:80:00:00:81:12:80:00:00:81:09:40:00:00:81:10:40:00:00:81:14:80:00:00:81:28:C0:00:00:81:0E:00:00:00:81:26:00:00:00:81:2B:40:00:00:81:08:80:00:00:81:1E:80:00:00:81:07:80:00:00:81:4D:00:00:00:81:0B:00:00:00:80:E0:40:00:00:81:64:40:00:00:81:2B:40:00:00:81:20:00:8A:D0:40:00:FF:FF:00:00:00:AB:10:45:46]
[53:48:DA:00:C8:05:59:00:00:81:1B:80:00:00:81:26:40:00:00:81:03:80:00:00:80:F6:80:00:00:81:0B:80:00:00:81:22:40:00:00:80:FD:40:00:00:80:EC:80:00:00:81:01:C0:00:00:81:1C:80:00:00:81:1C:C0:00:00:80:DB:80:00:00:81:03:00:00:00:81:02:C0:00:00:80:F8:40:00:00:81:01:40:00:00:80:EC:C0:00:00:81:1C:C0:00:00:80:F2:00:00:00:81:0C:40:8A:CA:00:00:FF:FF:00:00:00:AB:10:45:46]
[53:48:DA:00:C8:05:5A:00:00:81:0E:40:00:00:80:F6:00:00:00:80:F9:40:00:00:80:F2:00:00:00:80:EE:80:00:00:80:F7:40:00:00:80:F1:40:00:00:80:F9:40:00:00:80:FD:00:00:00:80:FE:00:00:00:81:0A:C0:00:00:80:FA:00:00:00:80:F0:C0:00:00:80:F3:40:00:00:80:EB:40:00:00:80:E8:40:00:00:81:1B:00:00:00:81:11:C0:00:00:81:08:40:00:00:80:F4:C0:8A:D7:80:00:FF:FF:00:00:00:AB:10:45:46]
[53:48:DA:00:C8:05:5B:00:00:80:E4:80:00:00:80:F2:00:00:00:80:F8:C0:00:00:80:FB:00:00:00:81:03:40:00:00:81:07:00:00:00:81:0A:00:00:00:80:EE:80:00:00:80:FC:40:00:00:80:FF:80:00:00:80:FF:C0:00:00:80:DF:00:00:00:80:E6:00:00:00:81:00:80:00:00:80:F9:C0:00:00:80:F2:00:00:00:80:E1:C0:00:00:81:07:80:00:00:80:F2:C0:00:00:80:F1:00:8A:D2:40:00:FF:FF:00:00:00:AB:10:45:46]
[53:48:DA:00:C8:05:5C:00:00:80:E6:40:00:00:80:E3:40:00:00:80:E1:40:00:00:80:E4:40:00:00:80:E2:00:00:00:80:EB:00:00:00:80:E6:40:00:00:80:E4:C0:00:00:80:DB:80:00:00:80:D6:C0:00:00:80:D8:00:00:00:80:DF:40:00:00:80:E8:40:00:00:80:E6:00:00:00:80:DA:80:00:00:80:D9:80:00:00:80:EC:00:00:00:80:E8:C0:00:00:80:E8:00:00:00:80:DB:00:8A:C1:C0:00:FF:FF:00:00:00:AB:10:45:46]
[53:48:DA:00:C8:05:5D:00:00:80:DF:80:00:00:80:E0:00:00:00:80:E0:40:00:00:80:DD:C0:00:00:80:DA:40:00:00:80:E1:40:00:00:80:E3:40:00:00:80:E0:40:00:00:80:D8:C0:00:00:80:D8:40:00:00:80:D7:00:00:00:80:D4:40:00:00:80:CB:C0:00:00:80:CB:C0:00:00:80:DC:40:00:00:80:D7:80:00:00:80:D6:80:00:00:80:DB:C0:00:00:80:D7:C0:00:00:80:C8:C0:8A:D0:40:00:FF:FF:00:00:00:AB:10:45:46]
[53:48:DA:00:C8:05:5E:00:00:80:D4:C0:00:00:80:D9:C0:00:00:80:D3:80:00:00:80:D5:C0:00:00:80:D2:C0:00:00:80:D4:80:00:00:80:D1:C0:00:00:80:D3:80:00:00:80:D7:80:00:00:80:D6:00:00:00:80:D7:40:00:00:80:D4:00:00:00:80:D4:80:00:00:80:D4:C0:00:00:80:D5:80:00:00:80:CB:80:00:00:80:A2:C0:00:00:80:D7:40:00:00:80:DB:00:00:00:80:D7:40:8A:D0:40:00:FF:FF:00:00:00:AB:10:45:46]
[53:48:DA:00:C8:05:5F:00:00:80:D0:C0:00:00:80:D4:80:00:00:80:CF:C0:00:00:80:CF:80:00:00:80:D4:40:00:00:80:BE:80:00:00:80:D0:C0:00:00:80:D0:80:00:00:80:D1:00:00:00:80:CB:40:00:00:80:D8:00:00:00:80:D5:80:00:00:80:AA:40:00:00:80:D3:40:00:00:80:D4:80:00:00:80:D2:00:00:00:80:D3:40:00:00:80:D5:00:00:00:80:D7:80:00:00:80:D4:40:8A:DC:C0:00:FF:FF:00:00:00:AB:10:45:46]
[53:48:DA:00:C8:05:60:00:00:80:D3:C0:00:00:80:D4:00:00:00:80:D7:00:00:00:80:D3:40:00:00:80:D0:80:00:00:80:D3:80:00:00:80:C0:40:00:00:80:D5:80:00:00:80:CE:00:00:00:80:D2:C0:00:00:80:D1:40:00:00:80:D1:80:00:00:80:D2:00:00:00:80:D2:C0:00:00:80:D3:40:00:00:80:D5:80:00:00:80:D6:00:00:00:80:D4:00:00:00:80:D4:80:00:00:80:D3:80:8A:E1:00:00:FF:FF:00:00:00:AB:10:45:46]
[53:48:DA:00:C8:05:61:00:00:80:D2:40:00:00:80:D4:00:00:00:80:D0:40:00:00:80:D4:80:00:00:80:CD:C0:00:00:80:D2:00:00:00:80:D0:00:00:00:80:D1:40:00:00:80:CF:80:00:00:80:D4:40:00:00:80:C2:00:00:00:80:74:00:00:00:80:CE:C0:00:00:80:D1:40:00:00:80:D2:80:00:00:80:D1:C0:00:00:80:D0:40:00:00:80:CE:00:00:00:80:D3:00:00:00:80:D1:40:8A:CB:00:00:FF:FF:00:00:00:AB:10:45:46]
[53:48:DA:00:C8:05:62:00:00:80:D3:C0:00:00:80:D2:40:00:00:80:CD:C0:00:00:80:CF:40:00:00:80:CE:80:00:00:80:D1:C0:00:00:80:D0:00:00:00:80:D3:00:00:00:80:D0:80:00:00:80:CF:00:00:00:80:D1:40:00:00:80:D0:C0:00:00:80:CF:C0:00:00:80:D1:80:00:00:80:BF:80:00:00:80:CC:40:00:00:80:D2:40:00:00:80:D0:00:00:00:80:CF:40:00:00:80:C6:40:8A:D3:80:00:FF:FF:00:00:00:AB:10:45:46]
[53:48:DA:00:C8:05:63:00:00:80:C9:C0:00:00:80:CB:80:00:00:80:C7:80:00:00:80:C4:C0:00:00:80:C3:40:00:00:80:BF:00:00:00:80:BC:80:00:00:80:B8:80:00:00:80:B7:C0:00:00:80:B3:80:00:00:80:46:00:00:00:80:AC:00:00:00:80:A9:80:00:00:80:A7:40:00:00:80:A2:C0:00:00:80:9E:40:00:00:80:9D:80:00:00:80:99:C0:00:00:80:83:40:00:00:80:82:80:8A:C8:00:00:FF:FF:00:00:00:AB:10:45:46]
[53:48:DA:00:C8:05:64:00:00:80:93:80:00:00:80:8C:40:00:00:80:8B:40:00:00:80:8B:00:00:00:80:8B:80:00:00:80:86:00:00:00:80:8D:40:00:00:80:81:00:00:00:80:88:40:00:00:80:83:80:00:00:80:88:00:00:00:80:86:C0:00:00:80:7F:C0:00:00:80:8D:40:00:00:80:83:C0:00:00:80:85:80:00:00:80:80:80:00:00:80:87:40:00:00:80:7A:C0:00:00:80:86:00:8A:D5:80:00:FF:FF:00:00:00:AB:10:45:46]
[53:48:DA:00:C8:05:65:00:00:80:84:80:00:00:80:7F:00:00:00:80:75:C0:00:00:80:82:C0:00:00:80:78:80:00:00:80:7C:80:00:00:80:83:00:00:00:80:77:00:00:00:80:7D:80:00:00:7F:E1:00:00:00:80:77:80:00:00:80:7D:80:00:00:80:7A:80:00:00:80:72:80:00:00:80:7A:40:00:00:80:72:40:00:00:80:71:C0:00:00:80:72:40:00:00:80:7D:C0:00:00:80:70:40:8A:F9:C0:00:FF:FF:00:00:00:AB:10:45:46]
[53:48:DA:00:C8:05:66:00:00:80:75:40:00:00:80:7B:00:00:00:80:70:40:00:00:80:70:00:00:00:80:7C:80:00:00:80:6D:80:00:00:80:7A:00:00:00:80:79:C0:00:00:80:73:80:00:00:80:73:00:00:00:80:78:40:00:00:80:7A:C0:00:00:80:7A:C0:00:00:80:6B:80:00:00:80:7A:40:00:00:80:73:80:00:00:80:72:C0:00:00:80:72:C0:00:00:80:7B:00:00:00:80:73:00:8A:D5:80:00:FF:FF:00:00:00:AB:10:45:46]
[53:48:DA:00:C8:05:67:00:00:80:6A:40:00:00:80:74:80:00:00:80:76:00:00:00:80:7B:C0:00:00:80:7A:C0:00:00:80:7A:00:00:00:80:83:00:00:00:80:7A:C0:00:00:7F:DD:80:00:00:80:6E:80:00:00:80:84:00:00:00:80:82:80:00:00:80:85:80:00:00:80:7F:40:00:00:80:83:C0:00:00:80:82:00:00:00:80:84:80:00:00:80:89:00:00:00:80:8A:00:00:00:80:89:80:8A:C7:00:00:FF:FF:00:00:00:AB:10:45:46]
[53:48:DA:00:C8:05:68:00:00:80:8E:80:00:00:80:94:00:00:00:80:8D:C0:00:00:80:94:C0:00:00:80:94:00:00:00:80:91:40:00:00:80:9A:80:00:00:80:93:80:00:00:80:99:80:00:00:80:97:80:00:00:80:9C:00:00:00:80:91:00:00:00:80:8F:C0:00:00:80:8F:40:00:00:80:97:40:00:00:80:98:00:00:00:80:8F:00:00:00:80:99:00:00:00:80:98:C0:00:00:80:98:00:8A:DB:C0:00:FF:FF:00:00:00:AB:10:45:46]
[53:48:DA:00:C8:05:05:00:00:80:D2:00:00:00:80:D3:40:00:00:80:D3:80:00:00:80:CF:C0:00:00:80:D0:80:00:00:80:D3:00:00:00:80:D4:00:00:00:80:D2:80:00:00:80:CD:C0:00:00:80:D1:C0:00:00:80:D2:80:00:00:80:D0:80:00:00:80:D0:00:00:00:80:D2:00:00:00:80:D0:C0:00:00:80:D1:40:00:00:80:D0:00:00:00:80:D1:C0:00:00:80:D1:C0:00:00:80:D3:00:8B:0B:80:00:FF:FF:00:00:00:AB:10:45:46]
[53:48:DA:00:C8:05:06:00:00:80:D0:40:00:00:80:D0:00:00:00:80:D0:C0:00:00:80:D1:80:00:00:80:D2:40:00:00:80:CC:80:00:00:80:D1:80:00:00:80:D2:40:00:00:80:CF:40:00:00:80:D3:80:00:00:80:D2:00:00:00:80:D1:80:00:00:80:D1:00:00:00:80:CF:00:00:00:80:CF:80:00:00:80:D3:00:00:00:80:CF:C0:00:00:80:D0:00:00:00:80:7E:00:00:00:80:CF:C0:8B:07:40:00:FF:FF:00:00:00:AB:10:45:46]
[53:48:DA:00:C8:05:07:00:00:80:D0:C0:00:00:80:D3:C0:00:00:80:D1:00:00:00:80:CF:40:00:00:80:D1:C0:00:00:80:D1:80:00:00:80:CB:C0:00:00:80:CC:80:00:00:80:D0:C0:00:00:80:CF:C0:00:00:80:CF:C0:00:00:80:CF:80:00:00:80:CE:80:00:00:80:D0:80:00:00:80:CE:00:00:00:80:CE:80:00:00:80:CE:40:00:00:80:CE:80:00:00:80:D0:00:00:00:80:D0:80:8A:FA:C0:00:FF:FF:00:00:00:AB:10:45:46]
[53:48:DA:00:C8:05:08:00:00:80:D2:C0:00:00:80:CF:40:00:00:80:D0:00:00:00:80:D1:40:00:00:80:CD:C0:00:00:80:CF:C0:00:00:80:D2:80:00:00:80:D0:40:00:00:80:CF:80:00:00:80:CD:00:00:00:80:CD:40:00:00:80:CF:C0:00:00:80:CF:40:00:00:80:D0:80:00:00:80:CF:40:00:00:80:CF:80:00:00:80:D1:00:00:00:80:8D:40:00:00:80:CE:40:00:00:80:D0:00:8B:02:00:00:FF:FF:00:00:00:AB:10:45:46]
[53:48:DA:00:C8:05:09:00:00:80:D1:C0:00:00:80:CF:C0:00:00:80:CE:80:00:00:80:D0:80:00:00:80:D0:80:00:00:80:D1:80:00:00:80:CF:80:00:00:80:CF:C0:00:00:80:CF:40:00:00:80:CF:80:00:00:80:D1:80:00:00:80:CF:80:00:00:80:CD:80:00:00:80:D2:00:00:00:80:D1:00:00:00:80:CF:40:00:00:80:D0:80:00:00:80:D3:40:00:00:80:D1:80:00:00:80:D1:C0:8B:13:C0:00:FF:FF:00:00:00:AB:10:45:46]
[53:48:DA:00:C8:05:0A:00:00:80:CF:80:00:00:80:D2:00:00:00:80:CF:C0:00:00:80:CF:80:00:00:80:D1:40:00:00:80:CE:00:00:00:80:CF:00:00:00:80:D2:00:00:00:80:CF:C0:00:00:80:CD:80:00:00:80:D1:80:00:00:80:CD:80:00:00:80:D0:40:00:00:80:D2:40:00:00:80:CF:80:00:00:80:D0:C0:00:00:80:A6:C0:00:00:80:CF:C0:00:00:80:D2:80:00:00:80:D0:80:8B:2E:C0:00:FF:FF:00:00:00:AB:10:45:46]
[53:48:DA:00:C8:05:0B:00:00:80:D0:40:00:00:80:D1:C0:00:00:80:D1:00:00:00:80:CF:80:00:00:80:D4:40:00:00:80:D0:C0:00:00:80:D1:C0:00:00:80:CF:00:00:00:80:CF:80:00:00:80:CF:C0:00:00:80:D1:C0:00:00:80:D0:00:00:00:80:CD:C0:00:00:80:CD:C0:00:00:80:CE:80:00:00:80:CE:C0:00:00:80:D0:40:00:00:80:CE:80:00:00:80:CF:00:00:00:80:D0:40:8B:19:00:00:FF:FF:00:00:00:AB:10:45:46]
[53:48:DA:00:C8:05:0C:00:00:80:D2:40:00:00:80:D2:C0:00:00:80:D2:80:00:00:80:CE:40:00:00:80:CF:40:00:00:80:D1:00:00:00:80:CF:00:00:00:80:CF:40:00:00:80:D1:00:00:00:80:D1:00:00:00:80:D1:80:00:00:80:CF:80:00:00:80:D0:80:00:00:80:CF:00:00:00:80:CF:C0:00:00:80:CD:C0:00:00:80:D0:40:00:00:80:CF:C0:00:00:80:CE:80:00:00:80:D1:C0:8B:25:40:00:FF:FF:00:00:00:AB:10:45:46]
[53:48:DA:00:C8:05:0D:00:00:80:CE:00:00:00:80:D1:00:00:00:80:CD:C0:00:00:80:CE:C0:00:00:80:D5:80:00:00:80:D1:C0:00:00:80:CF:C0:00:00:80:D4:40:00:00:80:D5:00:00:00:80:D1:C0:00:00:80:CF:C0:00:00:80:D0:40:00:00:80:CB:00:00:00:80:CF:80:00:00:80:D1:00:00:00:80:D1:40:00:00:80:D0:00:00:00:80:CE:C0:00:00:80:D1:00:00:00:80:D2:40:8B:25:40:00:FF:FF:00:00:00:AB:10:45:46]
[53:48:DA:00:C8:05:0E:00:00:80:D0:40:00:00:80:CF:C0:00:00:80:D0:40:00:00:80:D1:80:00:00:80:D0:80:00:00:80:D1:00:00:00:80:D2:C0:00:00:80:D2:00:00:00:80:D3:00:00:00:80:CE:40:00:00:80:CD:00:00:00:80:D0:80:00:00:80:D0:C0:00:00:80:D2:C0:00:00:80:D2:40:00:00:80:D2:80:00:00:80:D2:40:00:00:80:D1:40:00:00:80:D2:00:00:00:80:D2:C0:8B:22:40:00:FF:FF:00:00:00:AB:10:45:46]
[53:48:DA:00:C8:05:0F:00:00:80:CF:40:00:00:80:D4:C0:00:00:80:D2:40:00:00:80:D1:00:00:00:80:CF:C0:00:00:80:CE:C0:00:00:80:CA:80:00:00:80:D3:40:00:00:80:CF:C0:00:00:80:D0:80:00:00:80:D1:80:00:00:80:CF:00:00:00:80:D1:40:00:00:80:CE:40:00:00:80:CE:80:00:00:80:D1:C0:00:00:80:D1:00:00:00:80:CF:80:00:00:80:D2:00:00:00:80:D1:40:8B:16:C0:00:FF:FF:00:00:00:AB:10:45:46]
[53:48:DA:00:C8:05:10:00:00:80:D0:40:00:00:80:D4:40:00:00:80:CF:40:00:00:80:CF:40:00:00:80:CD:40:00:00:80:CF:40:00:00:80:CD:80:00:00:80:D1:C0:00:00:80:CF:C0:00:00:80:D0:00:00:00:80:CD:80:00:00:80:D6:40:00:00:80:CF:40:00:00:80:D3:C0:00:00:80:D1:C0:00:00:80:CF:00:00:00:80:CD:80:00:00:80:CE:40:00:00:80:D0:40:00:00:80:D2:40:8B:28:80:00:FF:FF:00:00:00:AB:10:45:46]
[53:48:DA:00:C8:05:11:00:00:80:D1:80:00:00:80:D2:40:00:00:80:D2:40:00:00:80:D1:C0:00:00:80:CF:80:00:00:80:D0:40:00:00:80:D0:40:00:00:80:D3:40:00:00:80:CF:C0:00:00:80:CB:C0:00:00:80:D1:80:00:00:80:D2:40:00:00:80:C4:80:00:00:80:D2:C0:00:00:80:C4:C0:00:00:80:CF:40:00:00:80:D0:C0:00:00:80:CF:80:00:00:80:D0:40:00:00:80:D2:00:8B:20:40:00:FF:FF:00:00:00:AB:10:45:46]
[53:48:DA:00:C8:05:12:00:00:80:CF:00:00:00:80:CE:80:00:00:80:CE:C0:00:00:80:D2:40:00:00:80:CF:80:00:00:80:CD:C0:00:00:80:D4:80:00:00:80:CF:40:00:00:80:CE:40:00:00:80:D0:C0:00:00:80:D0:40:00:00:80:CF:40:00:00:80:CD:C0:00:00:80:CF:00:00:00:80:D0:C0:00:00:80:D0:00:00:00:80:CD:40:00:00:80:D0:C0:00:00:80:CB:C0:00:00:80:D3:80:8B:2A:80:00:FF:FF:00:00:00:AB:10:45:46]
[53:48:DA:00:C8:05:13:00:00:80:CF:C0:00:00:80:D1:40:00:00:80:D2:C0:00:00:80:D0:00:00:00:80:CF:80:00:00:80:CE:40:00:00:80:D0:80:00:00:80:CE:00:00:00:80:D0:00:00:00:80:D2:00:00:00:80:CB:40:00:00:80:B3:C0:00:00:80:CA:80:00:00:80:C4:80:00:00:80:C5:80:00:00:80:C2:00:00:00:80:BF:40:00:00:80:C0:40:00:00:80:BD:40:00:00:80:BB:40:8B:2E:C0:00:FF:FF:00:00:00:AB:10:45:46]
[53:48:DA:00:C8:05:14:00:00:80:B8:00:00:00:80:A5:00:00:00:80:AA:80:00:00:80:A8:C0:00:00:80:A2:40:00:00:80:9D:40:00:00:80:99:40:00:00:80:95:C0:00:00:80:8E:C0:00:00:80:86:00:00:00:80:85:C0:00:00:80:80:40:00:00:80:7D:40:00:00:80:7E:00:00:00:80:77:40:00:00:80:75:80:00:00:80:66:40:00:00:80:71:40:00:00:80:64:C0:00:00:80:5B:40:8B:25:40:00:FF:FF:00:00:00:AB:10:45:46]
[53:48:DA:00:C8:05:15:00:00:80:5C:C0:00:00:80:58:80:00:00:80:63:C0:00:00:80:62:40:00:00:80:52:C0:00:00:80:4C:40:00:00:80:49:00:00:00:80:57:C0:00:00:80:48:40:00:00:80:45:00:00:00:80:1F:C0:00:00:80:4B:C0:00:00:80:46:C0:00:00:80:40:00:00:00:80:3D:00:00:00:80:34:C0:00:00:80:42:80:00:00:80:3C:00:00:00:80:34:00:00:00:80:32:80:8B:2B:80:00:FF:FF:00:00:00:AB:10:45:46]
[53:48:DA:00:C8:05:16:00:00:80:37:80:00:00:80:34:00:00:00:80:32:C0:00:00:80:2C:00:00:00:80:1F:80:00:00:80:36:00:00:00:80:2D:00:00:00:80:27:00:00:00:80:29:80:00:00:80:24:40:00:00:80:3B:C0:00:00:80:3A:00:00:00:80:3A:80:00:00:80:32:00:00:00:80:2E:00:00:00:80:3D:C0:00:00:80:3F:40:00:00:80:35:80:00:00:80:40:00:00:00:80:45:80:8B:1C:00:00:FF:FF:00:00:00:AB:10:45:46]
[53:48:DA:00:C8:05:17:00:00:80:36:C0:00:00:80:3B:00:00:00:80:42:40:00:00:80:48:C0:00:00:80:48:40:00:00:80:48:C0:00:00:80:4A:C0:00:00:80:48:40:00:00:80:53:40:00:00:80:15:80:00:00:80:55:40:00:00:80:4C:40:00:00:80:49:C0:00:00:80:48:00:00:00:80:58:00:00:00:80:52:C0:00:00:80:55:40:00:00:80:54:80:00:00:80:53:40:00:00:80:64:40:8B:1C:00:00:FF:FF:00:00:00:AB:10:45:46]
[53:48:DA:00:C8:05:18:00:00:80:5A:00:00:00:80:5C:80:00:00:80:5D:40:00:00:80:63:40:00:00:80:66:80:00:00:80:6C:80:00:00:80:6B:C0:00:00:80:6C:00:00:00:80:75:C0:00:00:80:6A:C0:00:00:80:79:C0:00:00:80:6D:C0:00:00:80:7C:C0:00:00:80:76:00:00:00:80:77:80:00:00:80:7C:C0:00:00:80:7F:40:00:00:80:73:80:00:00:80:77:00:00:00:80:7E:80:8B:2D:80:00:FF:FF:00:00:00:AB:10:45:46]
[53:48:DA:00:C8:05:19:00:00:80:81:00:00:00:80:80:80:00:00:80:7A:C0:00:00:80:79:00:00:00:80:80:C0:00:00:80:7F:80:00:00:80:7F:C0:00:00:80:7E:80:00:00:80:2D:40:00:00:80:77:80:00:00:80:71:80:00:00:80:7C:00:00:00:80:71:80:00:00:80:76:40:00:00:80:72:40:00:00:80:6E:40:00:00:80:70:80:00:00:80:67:40:00:00:80:66:80:00:00:80:74:C0:8B:28:80:00:FF:FF:00:00:00:AB:10:45:46]
[53:48:DA:00:C8:05:1A:00:00:80:62:80:00:00:80:6F:C0:00:00:80:6D:80:00:00:80:74:C0:00:00:80:6E:00:00:00:80:76:00:00:00:80:70:80:00:00:80:7D:00:00:00:80:72:00:00:00:80:7F:00:00:00:80:7A:00:00:00:80:78:40:00:00:80:74:C0:00:00:80:7A:40:00:00:80:77:40:00:00:80:7F:C0:00:00:80:79:C0:00:00:80:7A:C0:00:00:80:7C:00:00:00:80:80:40:8B:29:80:00:FF:FF:00:00:00:AB:10:45:46]
[53:48:DA:00:C8:05:1B:00:00:80:7D:40:00:00:80:86:C0:00:00:80:84:80:00:00:80:86:40:00:00:80:7C:C0:00:00:80:87:40:00:00:80:93:40:00:00:80:4A:80:00:00:80:8F:80:00:00:80:8B:00:00:00:80:8C:80:00:00:80:94:40:00:00:80:94:00:00:00:80:93:C0:00:00:80:92:C0:00:00:80:98:40:00:00:80:95:00:00:00:80:9E:40:00:00:80:99:80:00:00:80:9A:C0:8B:23:40:00:FF:FF:00:00:00:AB:10:45:46]
[53:48:DA:00:C8:05:1C:00:00:80:9E:80:00:00:80:9F:00:00:00:80:9D:00:00:00:80:9C:40:00:00:80:9F:80:00:00:80:9E:C0:00:00:80:A5:00:00:00:80:9E:00:00:00:80:A6:C0:00:00:80:A0:C0:00:00:80:A9:00:00:00:80:AD:40:00:00:80:A5:80:00:00:80:AC:40:00:00:80:A9:C0:00:00:80:A8:C0:00:00:80:AA:80:00:00:80:B0:C0:00:00:80:AC:00:00:00:80:B0:00:8B:2D:80:00:FF:FF:00:00:00:AB:10:45:46]
[53:48:DA:00:C8:05:1D:00:00:80:B0:40:00:00:80:AC:C0:00:00:80:B3:40:00:00:80:B0:00:00:00:80:AF:00:00:00:80:AF:00:00:00:80:75:C0:00:00:80:AD:C0:00:00:80:AD:80:00:00:80:B1:C0:00:00:80:B1:80:00:00:80:B2:00:00:00:80:A9:C0:00:00:80:B2:C0:00:00:80:B0:40:00:00:80:B2:00:00:00:80:AD:40:00:00:80:AD:40:00:00:80:AE:80:00:00:80:B0:C0:8B:25:40:00:FF:FF:00:00:00:AB:10:45:46]
[53:48:DA:00:C8:05:1E:00:00:80:AC:00:00:00:80:B1:00:00:00:80:AF:80:00:00:80:AE:C0:00:00:80:B0:40:00:00:80:B0:40:00:00:80:B2:40:00:00:80:B1:80:00:00:80:B1:80:00:00:80:B4:40:00:00:80:AF:C0:00:00:80:B0:00:00:00:80:B0:80:00:00:80:B3:80:00:00:80:B5:40:00:00:80:B1:40:00:00:80:AF:C0:00:00:80:B4:00:00:00:80:B2:C0:00:00:80:AE:00:8B:20:40:00:FF:FF:00:00:00:AB:10:45:46]
[53:48:DA:00:C8:05:1F:00:00:80:AF:00:00:00:80:B1:00:00:00:80:AF:C0:00:00:80:AE:80:00:00:80:AB:C0:00:00:80:81:80:00:00:80:AA:C0:00:00:80:A8:00:00:00:80:AB:00:00:00:80:A9:C0:00:00:80:A5:80:00:00:80:A7:40:00:00:80:A5:40:00:00:80:A7:C0:00:00:80:A5:40:00:00:80:A2:00:00:00:80:A4:00:00:00:80:A5:40:00:00:80:A2:C0:00:00:80:A5:C0:8B:3F:40:00:FF:FF:00:00:00:AB:10:45:46]
[53:48:DA:00:C8:05:20:00:00:80:A1:C0:00:00:80:A4:80:00:00:80:A1:80:00:00:80:A1:80:00:00:80:A5:40:00:00:80:A0:00:00:00:80:A2:00:00:00:80:9F:00:00:00:80:9C:00:00:00:80:9C:40:00:00:80:97:80:00:00:80:9A:00:00:00:80:96:80:00:00:80:97:00:00:00:80:9C:00:00:00:80:92:40:00:00:80:94:40:00:00:80:99:40:00:00:80:95:00:00:00:80:9B:00:8B:35:00:00:FF:FF:00:00:00:AB:10:45:46]
[53:48:DA:00:C8:05:21:00:00:80:9C:80:00:00:80:97:C0:00:00:80:97:40:00:00:80:83:00:00:00:80:6E:C0:00:00:80:A0:40:00:00:80:9E:00:00:00:80:A1:00:00:00:80:9D:00:00:00:80:A3:C0:00:00:80:A5:80:00:00:80:A9:80:00:00:80:A7:80:00:00:80:AB:80:00:00:80:AD:00:00:00:80:AF:40:00:00:80:B2:C0:00:00:80:B7:40:00:00:80:B7:00:00:00:80:BC:00:8B:1E:00:00:FF:FF:00:00:00:AB:10:45:46]
[53:48:DA:00:C8:05:22:00:00:80:BD:00:00:00:80:C2:80:00:00:80:C3:40:00:00:80:C9:40:00:00:80:C9:C0:00:00:80:CD:80:00:00:80:CE:80:00:00:80:C9:00:00:00:80:D1:40:00:00:80:D4:00:00:00:80:D3:80:00:00:80:D3:80:00:00:80:D4:40:00:00:80:D3:C0:00:00:80:D1:C0:00:00:80:D3:80:00:00:80:D3:80:00:00:80:D4:40:00:00:80:D0:C0:00:00:80:D0:40:8B:38:00:00:FF:FF:00:00:00:AB:10:45:46]
[53:48:DA:00:C8:05:23:00:00:80:CC:C0:00:00:80:D0:00:00:00:80:CF:40:00:00:80:96:80:00:00:80:CC:40:00:00:80:CE:00:00:00:80:CF:00:00:00:80:CE:C0:00:00:80:CE:40:00:00:80:CE:40:00:00:80:CE:C0:00:00:80:CB:80:00:00:80:CD:C0:00:00:80:D2:00:00:00:80:CE:C0:00:00:80:CE:80:00:00:80:CD:00:00:00:80:D1:40:00:00:80:CF:C0:00:00:80:CE:C0:8B:27:80:00:FF:FF:00:00:00:AB:10:45:46]
[53:48:DA:00:C8:05:24:00:00:80:CE:00:00:00:80:CC:00:00:00:80:CD:00:00:00:80:CD:40:00:00:80:CA:00:00:00:80:CD:C0:00:00:80:CB:00:00:00:80:CB:C0:00:00:80:C8:C0:00:00:80:CB:80:00:00:80:C8:40:00:00:80:C8:40:00:00:80:C7:00:00:00:80:C7:00:00:00:80:CC:80:00:00:80:C9:80:00:00:80:CB:00:00:00:80:CD:00:00:00:80:C8:80:00:00:80:C7:40:8B:2A:80:00:FF:FF:00:00:00:AB:10:45:46]
[53:48:DA:00:C8:05:25:00:00:80:C6:80:00:00:80:CA:80:00:00:80:85:C0:00:00:80:C5:C0:00:00:80:C1:40:00:00:80:C4:40:00:00:80:C4:80:00:00:80:C2:C0:00:00:80:BD:C0:00:00:80:C1:00:00:00:80:C2:00:00:00:80:C2:00:00:00:80:C2:00:00:00:80:C7:00:00:00:80:C6:40:00:00:80:C4:C0:00:00:80:C6:80:00:00:80:C6:00:00:00:80:C7:C0:00:00:80:BB:00:8B:3A:00:00:FF:FF:00:00:00:AB:10:45:46]
[53:48:DA:00:C8:05:26:00:00:80:CB:40:00:00:80:C8:40:00:00:80:C8:00:00:00:80:C8:40:00:00:80:CC:00:00:00:80:CC:00:00:00:80:CC:80:00:00:80:C8:40:00:00:80:CA:C0:00:00:80:CC:00:00:00:80:D3:80:00:00:80:CE:80:00:00:80:CF:80:00:00:80:D0:00:00:00:80:D1:80:00:00:80:D3:80:00:00:80:D0:80:00:00:80:D2:80:00:00:80:CF:00:00:00:80:D0:00:8B:35:00:00:FF:FF:00:00:00:AB:10:45:46]
[53:48:DA:00:C8:05:27:00:00:80:D0:40:00:00:80:9F:00:00:00:80:C8:40:00:00:80:D5:C0:00:00:80:D4:00:00:00:80:D6:00:00:00:80:D8:40:00:00:80:D3:80:00:00:80:D5:C0:00:00:80:D8:C0:00:00:80:D8:C0:00:00:80:D5:C0:00:00:80:D8:80:00:00:80:D8:C0:00:00:80:D8:40:00:00:80:D7:40:00:00:80:DA:C0:00:00:80:D9:40:00:00:80:DF:80:00:00:80:DA:80:8B:51:00:00:FF:FF:00:00:00:AB:10:45:46]
[53:48:DA:00:C8:05:28:00:00:80:E4:C0:00:00:80:E3:C0:00:00:80:E5:40:00:00:80:EB:C0:00:00:81:0A:40:00:00:81:0F:00:00:00:81:3E:80:00:00:81:1B:C0:00:00:81:A2:80:00:00:81:80:00:00:00:82:30:40:00:00:81:AB:40:00:00:81:DC:80:00:00:82:59:40:00:00:82:C7:00:00:00:82:B3:80:00:00:85:6A:40:00:00:83:AD:00:00:00:84:31:80:00:00:87:85:00:8B:35:00:00:FF:FF:00:00:00:AB:10:45:46]
[53:48:DA:00:C8:05:29:00:00:8A:3A:40:00:00:87:49:80:00:00:87:7C:40:00:00:86:AE:C0:00:00:88:B7:C0:00:00:7E:B0:00:00:00:7E:97:C0:00:00:82:FA:80:00:00:81:3D:C0:00:00:84:E6:80:00:00:82:1B:C0:00:00:82:16:40:00:00:82:94:C0:00:00:7D:F8:80:00:00:7E:79:40:00:00:7E:EF:80:00:00:7E:54:40:00:00:83:A9:40:00:00:83:86:C0:00:00:88:49:80:8B:26:40:00:FF:FF:00:00:00:AB:10:45:46]
[53:48:DA:00:C8:05:2A:00:00:85:B4:80:00:00:83:89:40:00:00:8C:5C:C0:00:00:7E:C6:80:00:00:86:4E:80:00:00:7F:88:40:00:00:88:9D:00:00:00:84:5C:40:00:00:7F:67:80:00:00:84:32:40:00:00:88:48:C0:00:00:82:D8:40:00:00:7D:0D:80:00:00:83:37:C0:00:00:80:83:C0:00:00:82:F4:40:00:00:88:0F:00:00:00:88:38:80:00:00:7D:F6:80:00:00:84:89:00:8B:27:80:00:FF:FF:00:00:00:AB:10:45:46]
[53:48:DA:00:C8:05:2B:00:00:80:9C:00:00:00:81:8A:80:00:00:80:DA:C0:00:00:82:31:80:00:00:83:CD:00:00:00:81:7F:C0:00:00:81:1C:80:00:00:81:87:00:00:00:80:EB:80:00:00:81:25:40:00:00:7F:C6:40:00:00:80:91:40:00:00:82:68:40:00:00:80:DA:C0:00:00:81:3E:40:00:00:81:0D:00:00:00:82:B9:40:00:00:80:30:00:00:00:82:B1:C0:00:00:81:8A:40:8B:43:80:00:FF:FF:00:00:00:AB:10:45:46]
[53:48:DA:00:C8:05:2C:00:00:82:C0:C0:00:00:80:9F:80:00:00:82:9E:40:00:00:82:A0:C0:00:00:81:FA:C0:00:00:81:EB:40:00:00:80:C3:80:00:00:82:64:00:00:00:80:13:C0:00:00:81:F4:00:00:00:81:1F:00:00:00:81:37:80:00:00:83:90:00:00:00:81:0E:40:00:00:80:6F:C0:00:00:80:9F:00:00:00:81:08:C0:00:00:81:01:00:00:00:80:D3:00:00:00:81:49:C0:8B:3A:00:00:FF:FF:00:00:00:AB:10:45:46]
[53:48:DA:00:C8:05:2D:00:00:81:2F:40:00:00:81:4B:00:00:00:81:6F:C0:00:00:81:1D:80:00:00:81:57:40:00:00:81:BF:80:00:00:81:4E:00:00:00:81:80:80:00:00:81:23:80:00:00:81:2F:00:00:00:81:43:40:00:00:81:37:C0:00:00:81:85:C0:00:00:80:CB:C0:00:00:80:CF:40:00:00:80:E8:00:00:00:81:27:C0:00:00:81:55:80:00:00:81:C9:80:00:00:80:E6:40:8B:37:00:00:FF:FF:00:00:00:AB:10:45:46]
[53:48:DA:00:C8:05:2E:00:00:81:07:40:00:00:80:E5:C0:00:00:80:DC:40:00:00:81:19:00:00:00:80:EB:C0:00:00:80:AF:00:00:00:81:15:00:00:00:81:08:40:00:00:81:42:80:00:00:80:DC:00:00:00:81:3A:40:00:00:80:B9:40:00:00:80:D0:40:00:00:80:CA:80:00:00:80:C3:40:00:00:81:08:80:00:00:80:96:00:00:00:80:C4:00:00:00:80:AA:00:00:00:80:D8:C0:8B:47:80:00:FF:FF:00:00:00:AB:10:45:46]
[53:48:DA:00:C8:05:2F:00:00:80:D0:00:00:00:80:FF:40:00:00:80:D9:80:00:00:80:EC:80:00:00:80:E4:C0:00:00:80:C9:C0:00:00:80:E3:C0:00:00:80:CD:00:00:00:80:D3:40:00:00:80:C2:00:00:00:80:E9:C0:00:00:80:D6:C0:00:00:80:DA:80:00:00:80:F4:80:00:00:81:02:40:00:00:80:FA:40:00:00:80:D9:40:00:00:80:F3:80:00:00:80:D9:80:00:00:80:DF:40:8B:37:00:00:FF:FF:00:00:00:AB:10:45:46]
[53:48:DA:00:C8:05:30:00:00:80:FE:C0:00:00:80:F1:C0:00:00:80:E2:80:00:00:80:CC:00:00:00:80:D3:00:00:00:80:C8:C0:00:00:80:C6:80:00:00:80:CB:40:00:00:80:DB:C0:00:00:80:E8:40:00:00:80:D6:80:00:00:80:E1:40:00:00:80:E5:C0:00:00:80:D2:C0:00:00:80:EB:00:00:00:80:DB:00:00:00:80:E4:C0:00:00:80:B2:00:00:00:80:C6:80:00:00:80:D0:00:8B:4A:C0:00:FF:FF:00:00:00:AB:10:45:46]
[53:48:DA:00:C8:05:31:00:00:80:C6:40:00:00:80:D9:80:00:00:80:D7:40:00:00:80:EA:80:00:00:80:E8:40:00:00:80:FA:40:00:00:80:E2:00:00:00:80:D6:80:00:00:80:DA:00:00:00:80:E4:C0:00:00:80:FF:00:00:00:80:DC:80:00:00:80:D5:80:00:00:80:E8:00:00:00:80:E6:00:00:00:80:E9:40:00:00:80:CD:C0:00:00:80:D9:00:00:00:80:D5:00:00:00:80:D7:40:8B:41:40:00:FF:FF:00:00:00:AB:10:45:46]
[53:48:DA:00:C8:05:32:00:00:80:CD:C0:00:00:80:DB:00:00:00:80:DD:80:00:00:80:E1:C0:00:00:81:03:40:00:00:80:E5:80:00:00:80:E2:40:00:00:80:DA:C0:00:00:80:DD:40:00:00:80:D3:80:00:00:80:D8:40:00:00:80:EA:40:00:00:80:DB:00:00:00:80:D8:C0:00:00:80:DC:80:00:00:80:D7:80:00:00:80:C3:80:00:00:80:D5:00:00:00:80:D4:00:00:00:80:D0:C0:8B:33:C0:00:FF:FF:00:00:00:AB:10:45:46]
[53:48:DA:00:C8:05:33:00:00:80:C0:00:00:00:80:C4:00:00:00:80:DA:80:00:00:80:D1:40:00:00:80:D2:80:00:00:80:CD:C0:00:00:80:CA:00:00:00:80:CB:80:00:00:80:C5:00:00:00:80:BD:C0:00:00:80:B6:C0:00:00:80:AA:C0:00:00:80:98:C0:00:00:80:86:00:00:00:80:6E:80:00:00:80:43:40:00:00:80:38:80:00:00:80:1C:40:00:00:7F:F3:80:00:00:7F:B7:00:8B:25:40:00:FF:FF:00:00:00:AB:10:45:46]
[53:48:DA:00:C8:05:34:00:00:7F:1D:00:00:00:7E:E2:80:00:00:7E:6B:80:00:00:7D:F7:80:00:00:7D:96:40:00:00:7D:43:C0:00:00:7D:10:00:00:00:7C:A2:80:00:00:7C:5E:80:00:00:7C:62:40:00:00:7C:87:C0:00:00:7B:F6:40:00:00:7B:C6:80:00:00:7B:DA:80:00:00:7B:63:C0:00:00:7B:74:80:00:00:7B:71:80:00:00:7B:38:C0:00:00:7B:4E:00:00:00:7A:F9:C0:8B:41:40:00:FF:FF:00:00:00:AB:10:45:46]
[53:48:DA:00:C8:05:35:00:00:7B:0C:C0:00:00:7A:EF:40:00:00:7A:FD:C0:00:00:7A:F1:80:00:00:7A:A8:C0:00:00:7A:C4:80:00:00:7A:CA:C0:00:00:7A:AF:00:00:00:7A:BB:80:00:00:7A:D0:00:00:00:7A:B9:C0:00:00:7A:E9:C0:00:00:7A:AB:40:00:00:7B:01:80:00:00:7A:D6:C0:00:00:7A:DA:00:00:00:7B:15:C0:00:00:7A:D4:00:00:00:7A:DA:00:00:00:7B:30:00:8B:46:80:00:FF:FF:00:00:00:AB:10:45:46]
[53:48:DA:00:C8:05:36:00:00:7B:18:C0:00:00:7B:18:80:00:00:7A:D3:C0:00:00:7B:1F:80:00:00:7B:28:C0:00:00:7A:F3:00:00:00:7B:44:C0:00:00:7A:FD:80:00:00:7B:24:C0:00:00:7B:00:00:00:00:7B:3C:80:00:00:7B:1E:00:00:00:7A:CB:80:00:00:7A:F3:40:00:00:7B:57:C0:00:00:7A:C7:00:00:00:7A:E4:00:00:00:7B:0B:00:00:00:7B:1D:00:00:00:7A:EE:00:8B:3E:40:00:FF:FF:00:00:00:AB:10:45:46]
[53:48:DA:00:C8:05:37:00:00:7B:1B:00:00:00:7B:04:40:00:00:7B:39:C0:00:00:7B:78:00:00:00:7B:9E:40:00:00:7B:8D:40:00:00:7B:A0:80:00:00:7C:02:00:00:00:7B:D0:00:00:00:7C:4D:80:00:00:7C:1F:40:00:00:7C:45:00:00:00:7C:62:40:00:00:7C:33:80:00:00:7C:B9:C0:00:00:7C:C9:C0:00:00:7C:BC:00:00:00:7C:ED:C0:00:00:7D:02:00:00:00:7D:26:80:8B:4A:C0:00:FF:FF:00:00:00:AB:10:45:46]
[53:48:DA:00:C8:05:38:00:00:7D:68:C0:00:00:7D:6F:80:00:00:7D:AF:80:00:00:7D:A2:80:00:00:7D:D5:00:00:00:7E:38:C0:00:00:7E:3F:00:00:00:7E:69:C0:00:00:7E:8F:C0:00:00:7E:BB:00:00:00:7E:EE:40:00:00:7F:06:00:00:00:7F:1F:00:00:00:7F:69:80:00:00:7F:83:40:00:00:7F:6F:40:00:00:7F:97:80:00:00:7F:C0:40:00:00:7F:C1:C0:00:00:7F:D3:40:8B:3E:40:00:FF:FF:00:00:00:AB:10:45:46]
[53:48:DA:00:C8:05:39:00:00:7F:F3:00:00:00:80:05:40:00:00:80:1A:C0:00:00:80:1B:80:00:00:80:30:00:00:00:80:3F:C0:00:00:80:57:00:00:00:80:4F:80:00:00:80:57:80:00:00:80:62:00:00:00:80:6D:C0:00:00:80:6F:00:00:00:80:26:40:00:00:80:76:80:00:00:80:83:C0:00:00:80:7E:40:00:00:80:8A:40:00:00:80:7E:40:00:00:80:8A:C0:00:00:80:91:80:8B:31:C0:00:FF:FF:00:00:00:AB:10:45:46]
[53:48:DA:00:C8:05:3A:00:00:80:92:40:00:00:80:9D:80:00:00:80:A0:80:00:00:80:8F:C0:00:00:80:A3:80:00:00:80:A7:40:00:00:80:A9:00:00:00:80:A8:C0:00:00:80:AB:40:00:00:80:A5:00:00:00:80:B0:40:00:00:80:B5:40:00:00:80:B3:00:00:00:80:BB:C0:00:00:80:BC:40:00:00:80:B9:80:00:00:80:C0:80:00:00:80:C6:C0:00:00:80:C7:00:00:00:80:CB:00:8B:43:80:00:FF:FF:00:00:00:AB:10:45:46]
[53:48:DA:00:C8:05:3B:00:00:80:CE:80:00:00:80:D3:00:00:00:80:D1:00:00:00:80:CF:C0:00:00:80:D3:40:00:00:80:D4:80:00:00:80:D6:80:00:00:80:D3:40:00:00:80:D6:40:00:00:80:D0:80:00:00:80:CF:00:00:00:80:8A:00:00:00:80:CF:C0:00:00:80:CC:80:00:00:80:D0:C0:00:00:80:D0:40:00:00:80:D5:80:00:00:80:D5:00:00:00:80:D5:40:00:00:80:D5:00:8B:31:C0:00:FF:FF:00:00:00:AB:10:45:46]
[53:48:DA:00:C8:05:3C:00:00:80:D7:C0:00:00:80:D6:40:00:00:80:D7:C0:00:00:80:D3:40:00:00:80:D6:80:00:00:80:D5:80:00:00:80:D8:80:00:00:80:D7:40:00:00:80:D7:C0:00:00:80:D3:00:00:00:80:D2:40:00:00:80:C6:40:00:00:80:C7:40:00:00:80:C8:C0:00:00:80:C6:80:00:00:80:C8:80:00:00:80:CE:80:00:00:80:CC:00:00:00:80:CF:80:00:00:80:D2:40:8B:3A:00:00:FF:FF:00:00:00:AB:10:45:46]
[53:48:DA:00:C8:05:3D:00:00:80:D6:C0:00:00:80:DC:00:00:00:80:DB:40:00:00:80:DB:80:00:00:80:DC:00:00:00:80:DD:C0:00:00:80:DC:40:00:00:80:DB:C0:00:00:80:DB:00:00:00:80:DB:40:00:00:80:A3:80:00:00:80:D4:80:00:00:80:D3:40:00:00:80:CC:80:00:00:80:CF:C0:00:00:80:BD:80:00:00:80:CF:00:00:00:80:D1:40:00:00:80:D4:00:00:00:80:D5:80:8B:2F:C0:00:FF:FF:00:00:00:AB:10:45:46]
[53:48:DA:00:C8:05:3E:00:00:80:D1:C0:00:00:80:D4:C0:00:00:80:D4:C0:00:00:80:CE:00:00:00:80:CA:C0:00:00:80:CD:00:00:00:80:CD:40:00:00:80:CD:00:00:00:80:C9:80:00:00:80:C9:80:00:00:80:C8:80:00:00:80:C7:80:00:00:80:C1:C0:00:00:80:C5:40:00:00:80:C2:80:00:00:80:C3:40:00:00:80:C7:C0:00:00:80:C9:C0:00:00:80:CB:00:00:00:80:C0:C0:8B:3D:40:00:FF:FF:00:00:00:AB:10:45:46]
[53:48:DA:00:C8:05:3F:00:00:80:C9:40:00:00:80:CA:C0:00:00:80:C8:C0:00:00:80:CA:C0:00:00:80:C8:80:00:00:80:C9:00:00:00:80:C8:00:00:00:80:C7:00:00:00:80:CA:80:00:00:80:99:00:00:00:80:C8:40:00:00:80:C5:00:00:00:80:C5:80:00:00:80:C5:80:00:00:80:C2:40:00:00:80:C1:80:00:00:80:C1:00:00:00:80:BF:00:00:00:80:BB:40:00:00:80:B9:C0:8B:58:40:00:FF:FF:00:00:00:AB:10:45:46]
[53:48:DA:00:C8:05:40:00:00:80:B5:00:00:00:80:B5:40:00:00:80:AE:C0:00:00:80:BA:80:00:00:80:BB:80:00:00:80:BF:00:00:00:80:C0:80:00:00:80:C3:80:00:00:80:C4:00:00:00:80:C3:C0:00:00:80:C2:40:00:00:80:C5:80:00:00:80:C4:80:00:00:80:C7:80:00:00:80:C7:80:00:00:80:C5:C0:00:00:80:C2:00:00:00:80:C4:80:00:00:80:C4:80:00:00:80:C8:00:8B:3F:40:00:FF:FF:00:00:00:AB:10:45:46]
[53:48:DA:00:C8:05:41:00:00:80:C8:80:00:00:80:C8:40:00:00:80:C3:00:00:00:80:C4:80:00:00:80:C7:00:00:00:80:C8:80:00:00:80:B2:80:00:00:80:C9:80:00:00:80:9F:C0:00:00:80:C8:C0:00:00:80:CA:C0:00:00:80:CA:00:00:00:80:C7:80:00:00:80:C8:C0:00:00:80:C4:40:00:00:80:C4:C0:00:00:80:C6:C0:00:00:80:C4:80:00:00:80:C4:40:00:00:80:C7:80:8B:47:80:00:FF:FF:00:00:00:AB:10:45:46]
[53:48:DA:00:C8:05:42:00:00:80:C6:40:00:00:80:CB:80:00:00:80:C5:00:00:00:80:C6:C0:00:00:80:C7:80:00:00:80:C4:40:00:00:80:C4:C0:00:00:80:C3:C0:00:00:80:C5:80:00:00:80:C2:00:00:00:80:B3:00:00:00:80:BD:40:00:00:80:BF:00:00:00:80:C2:00:00:00:80:BE:00:00:00:80:BC:80:00:00:80:BC:C0:00:00:80:BC:80:00:00:80:BA:40:00:00:80:B6:80:8B:49:80:00:FF:FF:00:00:00:AB:10:45:46]
[53:48:DA:00:C8:05:43:00:00:80:B1:80:00:00:80:AD:80:00:00:80:A9:80:00:00:80:A9:00:00:00:80:A5:80:00:00:80:A6:C0:00:00:80:A0:40:00:00:80:6C:00:00:00:80:97:C0:00:00:80:93:00:00:00:80:93:C0:00:00:80:93:80:00:00:80:95:80:00:00:80:9A:40:00:00:80:93:C0:00:00:80:9E:C0:00:00:80:9B:80:00:00:80:9C:C0:00:00:80:9A:80:00:00:80:95:80:8B:56:00:00:FF:FF:00:00:00:AB:10:45:46]
[53:48:DA:00:C8:05:44:00:00:80:97:40:00:00:80:94:00:00:00:80:96:40:00:00:80:96:00:00:00:80:93:C0:00:00:80:95:00:00:00:80:93:00:00:00:80:92:80:00:00:80:9D:00:00:00:80:98:C0:00:00:80:9E:40:00:00:80:AD:00:00:00:80:AF:C0:00:00:80:AA:80:00:00:80:AA:40:00:00:80:AA:C0:00:00:80:AD:40:00:00:80:AF:80:00:00:80:B3:80:00:00:80:C3:80:8B:4A:C0:00:FF:FF:00:00:00:AB:10:45:46]
[53:48:DA:00:C8:05:45:00:00:80:D9:80:00:00:80:E7:40:00:00:80:F2:40:00:00:80:FB:C0:00:00:81:07:00:00:00:81:0F:00:00:00:80:D4:C0:00:00:81:1D:80:00:00:81:21:C0:00:00:81:27:00:00:00:81:3A:C0:00:00:81:51:C0:00:00:81:72:40:00:00:81:A3:80:00:00:81:EC:C0:00:00:82:53:80:00:00:82:D3:40:00:00:83:85:40:00:00:84:96:40:00:00:85:D4:00:8B:3F:40:00:FF:FF:00:00:00:AB:10:45:46]
[53:48:DA:00:C8:05:46:00:00:8A:0D:C0:00:00:8B:97:40:00:00:8D:29:C0:00:00:91:60:80:00:00:92:40:C0:00:00:93:06:00:00:00:91:95:40:00:00:95:2A:80:00:00:93:BF:C0:00:00:93:94:80:00:00:95:77:40:00:00:93:58:80:00:00:95:E5:80:00:00:92:E5:40:00:00:91:8B:80:00:00:93:D4:40:00:00:91:C4:00:00:00:93:D0:C0:00:00:91:81:80:00:00:91:0D:80:8B:4E:C0:00:FF:FF:00:00:00:AB:10:45:46]
[53:48:DA:00:C8:05:47:00:00:8F:8C:C0:00:00:8E:84:C0:00:00:90:71:00:00:00:90:31:80:00:00:8D:42:00:00:00:8D:23:C0:00:00:8D:18:40:00:00:8A:AB:80:00:00:8B:EA:80:00:00:8A:48:C0:00:00:8C:40:C0:00:00:8B:49:40:00:00:88:8E:00:00:00:89:94:80:00:00:88:23:40:00:00:87:F1:80:00:00:87:7A:40:00:00:87:66:40:00:00:86:5E:80:00:00:86:FF:C0:8B:3A:00:00:FF:FF:00:00:00:AB:10:45:46]
[53:48:DA:00:C8:05:48:00:00:87:83:40:00:00:86:55:00:00:00:86:D5:00:00:00:87:C2:C0:00:00:85:9E:C0:00:00:86:23:00:00:00:85:CB:40:00:00:85:79:40:00:00:86:32:00:00:00:85:BE:40:00:00:85:7D:00:00:00:85:4B:80:00:00:84:3C:C0:00:00:85:F0:00:00:00:84:2A:80:00:00:84:AA:00:00:00:84:83:80:00:00:83:E3:80:00:00:83:B5:00:00:00:83:BB:00:8B:47:80:00:FF:FF:00:00:00:AB:10:45:46]
[53:48:DA:00:C8:05:49:00:00:84:22:00:00:00:83:DF:00:00:00:83:E6:80:00:00:83:1E:40:00:00:83:5F:40:00:00:83:77:80:00:00:83:67:C0:00:00:83:34:40:00:00:82:DB:80:00:00:82:E8:00:00:00:83:1C:40:00:00:82:6D:00:00:00:83:4C:80:00:00:82:8C:C0:00:00:82:98:00:00:00:82:82:40:00:00:83:06:80:00:00:82:9D:40:00:00:82:79:40:00:00:82:84:C0:8B:36:00:00:FF:FF:00:00:00:AB:10:45:46]
[53:48:DA:00:C8:05:4A:00:00:82:29:40:00:00:82:25:00:00:00:82:04:00:00:00:81:E1:40:00:00:82:3E:40:00:00:82:0E:00:00:00:81:EE:C0:00:00:81:DC:00:00:00:81:CE:40:00:00:82:02:40:00:00:81:ED:80:00:00:81:AD:C0:00:00:81:C6:80:00:00:81:AF:C0:00:00:81:8C:80:00:00:81:91:00:00:00:81:73:80:00:00:81:7C:00:00:00:81:85:40:00:00:81:65:00:8B:4B:C0:00:FF:FF:00:00:00:AB:10:45:46]
[53:48:DA:00:C8:05:4B:00:00:81:6E:00:00:00:81:61:40:00:00:81:92:40:00:00:81:3C:40:00:00:81:4A:00:00:00:81:52:40:00:00:81:42:00:00:00:81:48:00:00:00:81:21:00:00:00:81:2D:00:00:00:81:3B:C0:00:00:81:2A:C0:00:00:81:2E:00:00:00:81:28:40:00:00:81:37:00:00:00:81:1A:C0:00:00:81:2B:00:00:00:81:19:80:00:00:81:28:80:00:00:81:1E:80:8B:3A:00:00:FF:FF:00:00:00:AB:10:45:46]
[53:48:DA:00:C8:05:4C:00:00:81:16:00:00:00:81:1E:80:00:00:81:14:40:00:00:81:1F:80:00:00:81:11:00:00:00:81:21:C0:00:00:81:17:80:00:00:81:0B:C0:00:00:81:0D:C0:00:00:81:09:80:00:00:81:18:40:00:00:81:12:00:00:00:81:03:C0:00:00:81:18:80:00:00:81:12:C0:00:00:81:16:80:00:00:81:07:C0:00:00:81:02:80:00:00:81:02:80:00:00:80:FC:00:8B:59:40:00:FF:FF:00:00:00:AB:10:45:46]
[53:48:DA:00:C8:05:05:00:00:80:D0:00:00:00:80:D0:C0:00:00:80:D2:80:00:00:80:D1:00:00:00:80:CD:C0:00:00:80:D1:40:00:00:80:CF:C0:00:00:80:CF:C0:00:00:80:D1:00:00:00:80:CF:C0:00:00:80:D4:80:00:00:80:CF:00:00:00:80:CA:80:00:00:80:CF:00:00:00:80:D2:40:00:00:80:CE:00:00:00:80:D2:80:00:00:80:D0:40:00:00:80:D5:00:00:00:80:D3:00:8B:E9:80:00:FF:FF:00:00:00:AB:10:45:46]
[53:48:DA:00:C8:05:06:00:00:80:CF:80:00:00:80:D3:C0:00:00:80:D1:80:00:00:80:CE:C0:00:00:80:D1:40:00:00:80:CF:80:00:00:80:CF:40:00:00:80:D1:40:00:00:80:CD:80:00:00:80:D0:C0:00:00:80:D4:00:00:00:80:CD:C0:00:00:80:D1:80:00:00:80:D2:00:00:00:80:D1:C0:00:00:80:CE:00:00:00:80:CE:40:00:00:80:D3:80:00:00:80:D0:80:00:00:80:D2:80:8B:EE:80:00:FF:FF:00:00:00:AB:10:45:46]
[53:48:DA:00:C8:05:07:00:00:80:D3:00:00:00:80:CE:40:00:00:80:D5:80:00:00:80:D5:40:00:00:80:D1:80:00:00:80:D0:C0:00:00:80:D1:80:00:00:80:D0:00:00:00:80:D0:C0:00:00:80:D0:40:00:00:80:CD:80:00:00:80:D0:40:00:00:80:CE:C0:00:00:80:D0:40:00:00:80:D0:C0:00:00:80:CE:00:00:00:80:D3:C0:00:00:80:D1:C0:00:00:80:D0:00:00:00:80:D1:80:8C:05:80:00:FF:FF:00:00:00:AB:10:45:46]
[53:48:DA:00:C8:05:08:00:00:80:CE:40:00:00:80:CF:80:00:00:80:D1:C0:00:00:80:D0:40:00:00:80:D1:80:00:00:80:D0:40:00:00:80:CE:C0:00:00:80:D2:40:00:00:80:D0:40:00:00:80:CD:40:00:00:80:D1:40:00:00:80:CF:00:00:00:80:CF:80:00:00:80:D1:80:00:00:80:D3:80:00:00:80:D2:80:00:00:80:D1:00:00:00:80:CF:80:00:00:80:CF:80:00:00:80:D2:C0:8B:F6:C0:00:FF:FF:00:00:00:AB:10:45:46]
[53:48:DA:00:C8:05:09:00:00:80:CC:40:00:00:80:D5:00:00:00:80:D3:80:00:00:80:D4:40:00:00:80:D3:40:00:00:80:D2:00:00:00:80:D0:80:00:00:80:D0:80:00:00:80:D2:00:00:00:80:D3:C0:00:00:80:D2:80:00:00:80:D3:80:00:00:80:CC:00:00:00:80:D0:C0:00:00:80:D0:80:00:00:80:CF:00:00:00:80:D2:40:00:00:80:CF:C0:00:00:80:D1:80:00:00:80:D1:00:8C:01:40:00:FF:FF:00:00:00:AB:10:45:46]
[53:48:DA:00:C8:05:0A:00:00:80:D0:C0:00:00:80:CE:C0:00:00:80:D0:C0:00:00:80:CC:C0:00:00:80:CF:C0:00:00:80:D0:40:00:00:80:D1:80:00:00:80:D1:80:00:00:80:D0:C0:00:00:80:CE:C0:00:00:80:D0:80:00:00:80:D3:C0:00:00:80:D1:80:00:00:80:CF:80:00:00:80:D3:40:00:00:80:CF:80:00:00:80:D2:C0:00:00:80:D0:40:00:00:80:D0:00:00:00:80:D2:00:8C:14:00:00:FF:FF:00:00:00:AB:10:45:46]
[53:48:DA:00:C8:05:0B:00:00:80:CF:40:00:00:80:D0:00:00:00:80:D2:C0:00:00:80:D2:00:00:00:80:CE:00:00:00:80:D0:C0:00:00:80:CB:80:00:00:80:D1:C0:00:00:80:CF:00:00:00:80:CF:80:00:00:80:D1:C0:00:00:80:D0:40:00:00:80:D0:00:00:00:80:CE:C0:00:00:80:D4:00:00:00:80:D0:C0:00:00:80:D1:00:00:00:80:D2:00:00:00:80:D0:40:00:00:80:D0:80:8C:0C:C0:00:FF:FF:00:00:00:AB:10:45:46]
[53:48:DA:00:C8:05:0C:00:00:80:D2:C0:00:00:80:CF:40:00:00:80:D1:80:00:00:80:D0:00:00:00:80:D1:C0:00:00:80:D3:C0:00:00:80:CF:40:00:00:80:CE:C0:00:00:80:D1:00:00:00:80:CE:C0:00:00:80:CE:C0:00:00:80:CF:C0:00:00:80:D0:C0:00:00:80:D2:80:00:00:80:CF:40:00:00:80:CD:C0:00:00:80:D0:40:00:00:80:D0:C0:00:00:80:D0:40:00:00:80:C3:40:8C:0F:C0:00:FF:FF:00:00:00:AB:10:45:46]
[53:48:DA:00:C8:05:0D:00:00:80:D0:80:00:00:80:D3:00:00:00:80:D3:00:00:00:80:CC:40:00:00:80:CF:40:00:00:80:D2:80:00:00:80:D0:40:00:00:80:D3:40:00:00:80:D4:40:00:00:80:D0:40:00:00:80:CE:40:00:00:80:CF:C0:00:00:80:C7:40:00:00:80:D3:80:00:00:80:D0:00:00:00:80:D0:80:00:00:80:D2:C0:00:00:80:CE:40:00:00:80:D5:C0:00:00:80:D1:C0:8C:17:00:00:FF:FF:00:00:00:AB:10:45:46]
[53:48:DA:00:C8:05:0E:00:00:80:D2:00:00:00:80:CF:40:00:00:80:D4:00:00:00:80:C8:40:00:00:80:D2:C0:00:00:80:CF:C0:00:00:80:CE:C0:00:00:80:D0:00:00:00:80:D1:00:00:00:80:D1:80:00:00:80:D3:C0:00:00:80:CF:80:00:00:80:CF:C0:00:00:80:D1:00:00:00:80:D2:00:00:00:80:D3:00:00:00:80:CF:80:00:00:80:CE:80:00:00:80:BE:40:00:00:80:D1:80:8C:0B:C0:00:FF:FF:00:00:00:AB:10:45:46]
[53:48:DA:00:C8:05:0F:00:00:80:CD:80:00:00:80:D1:C0:00:00:80:CF:40:00:00:80:D1:C0:00:00:80:CD:80:00:00:80:D1:80:00:00:80:D0:C0:00:00:80:D1:C0:00:00:80:D5:00:00:00:80:D1:00:00:00:80:D3:40:00:00:80:D4:80:00:00:80:D3:00:00:00:80:D2:80:00:00:80:D1:C0:00:00:80:D0:C0:00:00:80:CD:C0:00:00:80:D2:00:00:00:80:D2:00:00:00:80:D1:80:8C:2D:C0:00:FF:FF:00:00:00:AB:10:45:46]
[53:48:DA:00:C8:05:10:00:00:80:D2:C0:00:00:80:D1:40:00:00:80:D2:C0:00:00:80:D2:40:00:00:80:CF:C0:00:00:80:D0:C0:00:00:80:D2:C0:00:00:80:D0:00:00:00:80:CF:00:00:00:80:D2:C0:00:00:80:CE:80:00:00:80:D2:40:00:00:80:D1:00:00:00:80:D4:40:00:00:80:D5:40:00:00:80:CF:40:00:00:80:D0:C0:00:00:80:C0:40:00:00:80:D1:00:00:00:80:D1:80:8C:26:80:00:FF:FF:00:00:00:AB:10:45:46]
[53:48:DA:00:C8:05:11:00:00:80:D1:80:00:00:80:CD:40:00:00:80:D2:00:00:00:80:D2:40:00:00:80:D1:80:00:00:80:CF:C0:00:00:80:D0:80:00:00:80:D1:00:00:00:80:D2:00:00:00:80:D2:80:00:00:80:CF:C0:00:00:80:D4:40:00:00:80:D1:C0:00:00:80:D1:40:00:00:80:D0:80:00:00:80:D2:40:00:00:80:D5:40:00:00:80:CF:00:00:00:80:D1:00:00:00:80:D0:00:8C:1C:40:00:FF:FF:00:00:00:AB:10:45:46]
[53:48:DA:00:C8:05:12:00:00:80:D0:C0:00:00:80:D2:40:00:00:80:D2:40:00:00:80:CF:80:00:00:80:C8:C0:00:00:80:D1:C0:00:00:80:D2:40:00:00:80:D3:40:00:00:80:D2:80:00:00:80:D1:00:00:00:80:D0:C0:00:00:80:D0:80:00:00:80:CE:C0:00:00:80:D0:40:00:00:80:D2:80:00:00:80:D3:40:00:00:80:C5:80:00:00:80:D2:C0:00:00:80:D1:00:00:00:80:D3:C0:8C:29:C0:00:FF:FF:00:00:00:AB:10:45:46]
[53:48:DA:00:C8:05:13:00:00:80:D3:00:00:00:80:CE:00:00:00:80:CF:00:00:00:80:D2:40:00:00:80:CE:80:00:00:80:D4:00:00:00:80:D5:00:00:00:80:CE:C0:00:00:80:BC:40:00:00:80:CD:C0:00:00:80:D6:40:00:00:80:D0:00:00:00:80:D0:40:00:00:80:CF:40:00:00:80:CF:80:00:00:80:D0:80:00:00:80:D3:40:00:00:80:D0:40:00:00:80:D2:80:00:00:80:D0:00:8C:2B:C0:00:FF:FF:00:00:00:AB:10:45:46]
[53:48:DA:00:C8:05:14:00:00:80:D3:C0:00:00:80:D3:40:00:00:80:CE:80:00:00:80:CE:C0:00:00:80:D2:80:00:00:80:D1:00:00:00:80:D2:80:00:00:80:D3:80:00:00:80:CE:40:00:00:80:CE:00:00:00:80:D0:80:00:00:80:D1:40:00:00:80:CB:40:00:00:80:D5:C0:00:00:80:D2:80:00:00:80:C4:00:00:00:80:D6:40:00:00:80:D1:00:00:00:80:D4:40:00:00:80:D0:80:8C:22:80:00:FF:FF:00:00:00:AB:10:45:46]
[53:48:DA:00:C8:05:15:00:00:80:D2:40:00:00:80:D1:80:00:00:80:D2:C0:00:00:80:D3:C0:00:00:80:D0:80:00:00:80:CF:80:00:00:80:D2:00:00:00:80:D1:80:00:00:80:D1:00:00:00:80:D3:00:00:00:80:D1:40:00:00:80:D0:80:00:00:80:CE:C0:00:00:80:D1:C0:00:00:80:D1:00:00:00:80:CF:80:00:00:80:CD:40:00:00:80:D2:80:00:00:80:D0:C0:00:00:80:D0:40:8C:1D:40:00:FF:FF:00:00:00:AB:10:45:46]
[53:48:DA:00:C8:05:16:00:00:80:CF:C0:00:00:80:D2:40:00:00:80:D2:C0:00:00:80:D3:C0:00:00:80:CF:00:00:00:80:CE:C0:00:00:80:CF:80:00:00:80:D1:40:00:00:80:CE:80:00:00:80:CD:40:00:00:80:D2:C0:00:00:80:D2:C0:00:00:80:D2:C0:00:00:80:D3:80:00:00:80:C8:80:00:00:80:D1:C0:00:00:80:D2:00:00:00:80:D2:C0:00:00:80:DA:80:00:00:80:D4:00:8C:25:80:00:FF:FF:00:00:00:AB:10:45:46]
[53:48:DA:00:C8:05:17:00:00:80:D2:40:00:00:80:CF:C0:00:00:80:D2:C0:00:00:80:D1:C0:00:00:80:CF:00:00:00:80:D2:00:00:00:80:CF:00:00:00:80:D3:C0:00:00:80:D1:80:00:00:80:D0:80:00:00:80:D3:00:00:00:80:CF:80:00:00:80:D2:40:00:00:80:D2:00:00:00:80:D0:00:00:00:80:D2:C0:00:00:80:D3:40:00:00:80:D3:00:00:00:80:CF:00:00:00:80:CF:C0:8C:32:00:00:FF:FF:00:00:00:AB:10:45:46]
[53:48:DA:00:C8:05:18:00:00:80:CF:00:00:00:80:D0:C0:00:00:80:D1:00:00:00:80:C2:00:00:00:80:CF:40:00:00:80:D0:80:00:00:80:D0:00:00:00:80:D3:40:00:00:80:CF:00:00:00:80:D3:C0:00:00:80:D0:00:00:00:80:D4:C0:00:00:80:D2:40:00:00:80:C5:00:00:00:80:CE:80:00:00:80:CF:C0:00:00:80:D0:40:00:00:80:D0:80:00:00:80:D2:40:00:00:80:D1:C0:8C:34:00:00:FF:FF:00:00:00:AB:10:45:46]
[53:48:DA:00:C8:05:19:00:00:80:D1:C0:00:00:80:D1:00:00:00:80:D2:C0:00:00:80:D4:00:00:00:80:D5:00:00:00:80:D3:C0:00:00:80:D4:00:00:00:80:C7:40:00:00:80:D2:C0:00:00:80:D3:80:00:00:80:D4:40:00:00:80:D1:40:00:00:80:D0:80:00:00:80:D2:00:00:00:80:D1:C0:00:00:80:CE:40:00:00:80:D3:C0:00:00:80:D2:40:00:00:80:D3:00:00:00:80:D0:80:8C:2A:C0:00:FF:FF:00:00:00:AB:10:45:46]
[53:48:DA:00:C8:05:1A:00:00:80:D1:40:00:00:80:D4:C0:00:00:80:D4:80:00:00:80:D5:00:00:00:80:D1:C0:00:00:80:CE:C0:00:00:80:CE:C0:00:00:80:D0:80:00:00:80:D4:40:00:00:80:D3:C0:00:00:80:D2:00:00:00:80:CE:80:00:00:80:C6:C0:00:00:80:D2:80:00:00:80:D2:00:00:00:80:D3:40:00:00:80:D1:00:00:00:80:D4:00:00:00:80:D7:80:00:00:80:D2:40:8C:37:40:00:FF:FF:00:00:00:AB:10:45:46]
[53:48:DA:00:C8:05:1B:00:00:80:D1:C0:00:00:80:D1:40:00:00:80:D2:80:00:00:80:D1:80:00:00:80:D0:C0:00:00:80:D1:C0:00:00:80:D1:40:00:00:80:D0:40:00:00:80:D1:C0:00:00:80:D1:40:00:00:80:CD:40:00:00:80:D1:00:00:00:80:D4:40:00:00:80:D2:80:00:00:80:D2:C0:00:00:80:CA:40:00:00:80:D3:00:00:00:80:D1:00:00:00:80:D1:80:00:00:80:D4:00:8C:18:00:00:FF:FF:00:00:00:AB:10:45:46]
[53:48:DA:00:C8:05:1C:00:00:80:D1:80:00:00:80:D1:40:00:00:80:D4:40:00:00:80:D0:00:00:00:80:D3:00:00:00:80:D4:C0:00:00:80:D3:00:00:00:80:D3:C0:00:00:80:D5:00:00:00:80:D2:40:00:00:80:D2:00:00:00:80:C2:40:00:00:80:CE:C0:00:00:80:D0:40:00:00:80:D2:40:00:00:80:D3:C0:00:00:80:D2:00:00:00:80:D2:00:00:00:80:D1:C0:00:00:80:CA:80:8C:2A:C0:00:FF:FF:00:00:00:AB:10:45:46]
[53:48:DA:00:C8:05:1D:00:00:80:D0:40:00:00:80:CE:C0:00:00:80:D2:40:00:00:80:D2:C0:00:00:80:D3:00:00:00:80:D0:00:00:00:80:D3:C0:00:00:80:D2:40:00:00:80:D1:00:00:00:80:D0:40:00:00:80:D2:40:00:00:80:D1:C0:00:00:80:D2:C0:00:00:80:D3:40:00:00:80:D0:40:00:00:80:D5:C0:00:00:80:D3:80:00:00:80:D4:80:00:00:80:D4:40:00:00:80:D3:00:8C:3F:80:00:FF:FF:00:00:00:AB:10:45:46]
[53:48:DA:00:C8:05:1E:00:00:80:D3:80:00:00:80:D5:80:00:00:80:D5:00:00:00:80:D5:C0:00:00:80:D3:80:00:00:80:D0:40:00:00:80:D1:00:00:00:80:D4:40:00:00:80:D2:00:00:00:80:D3:40:00:00:80:BD:00:00:00:80:D4:C0:00:00:80:D0:40:00:00:80:D1:00:00:00:80:CF:80:00:00:80:D2:40:00:00:80:D3:80:00:00:80:D3:00:00:00:80:D4:00:00:00:80:D1:00:8C:31:00:00:FF:FF:00:00:00:AB:10:45:46]
[53:48:DA:00:C8:05:1F:00:00:80:D5:80:00:00:80:D3:40:00:00:80:D1:C0:00:00:80:D2:80:00:00:80:D5:C0:00:00:80:D4:80:00:00:80:CD:C0:00:00:80:CD:40:00:00:80:D3:C0:00:00:80:D1:00:00:00:80:D0:40:00:00:80:D3:80:00:00:80:D2:80:00:00:80:D1:00:00:00:80:CF:80:00:00:80:D1:00:00:00:80:D1:C0:00:00:80:D2:40:00:00:80:D1:00:00:00:80:D2:40:8C:26:80:00:FF:FF:00:00:00:AB:10:45:46]
[53:48:DA:00:C8:05:20:00:00:80:D4:40:00:00:80:CF:40:00:00:80:D2:40:00:00:80:D1:40:00:00:80:D4:40:00:00:80:D4:00:00:00:80:D1:40:00:00:80:D3:C0:00:00:80:D4:40:00:00:80:9C:80:00:00:80:CB:00:00:00:80:D2:00:00:00:80:D2:00:00:00:80:D5:C0:00:00:80:D2:C0:00:00:80:D2:40:00:00:80:D4:40:00:00:80:D2:40:00:00:80:D1:80:00:00:80:CD:C0:8C:33:00:00:FF:FF:00:00:00:AB:10:45:46]
[53:48:DA:00:C8:05:21:00:00:80:D1:C0:00:00:80:D2:80:00:00:80:D4:00:00:00:80:D3:C0:00:00:80:D3:40:00:00:80:D0:C0:00:00:80:D1:00:00:00:80:D3:00:00:00:80:D4:C0:00:00:80:D2:40:00:00:80:D1:80:00:00:80:D0:80:00:00:80:D3:80:00:00:80:D1:40:00:00:80:CC:80:00:00:80:D2:80:00:00:80:D3:00:00:00:80:D2:00:00:00:80:D1:C0:00:00:80:D1:40:8C:28:C0:00:FF:FF:00:00:00:AB:10:45:46]
[53:48:DA:00:C8:05:22:00:00:80:D2:80:00:00:80:D1:00:00:00:80:D4:80:00:00:80:D1:00:00:00:80:D3:80:00:00:80:D0:C0:00:00:80:D3:C0:00:00:80:D1:C0:00:00:80:BA:C0:00:00:80:D0:40:00:00:80:D1:40:00:00:80:D2:00:00:00:80:D1:C0:00:00:80:D2:80:00:00:80:C9:40:00:00:80:D1:00:00:00:80:D0:40:00:00:80:D2:C0:00:00:80:CF:00:00:00:80:D3:40:8C:1D:40:00:FF:FF:00:00:00:AB:10:45:46]
[53:48:DA:00:C8:05:23:00:00:80:D1:40:00:00:80:D1:C0:00:00:80:D1:C0:00:00:80:CD:00:00:00:80:C9:00:00:00:80:B1:00:00:00:80:A8:00:00:00:80:9C:00:00:00:80:94:00:00:00:80:87:00:00:00:80:6F:80:00:00:80:52:C0:00:00:80:27:C0:00:00:7F:E4:40:00:00:7F:AB:40:00:00:7F:6D:40:00:00:7F:0A:00:00:00:7E:A7:80:00:00:7E:14:40:00:00:7D:F6:00:8C:14:00:00:FF:FF:00:00:00:AB:10:45:46]
[53:48:DA:00:C8:05:24:00:00:7D:0E:C0:00:00:7D:25:80:00:00:7D:18:00:00:00:7C:E8:80:00:00:7C:E1:80:00:00:7C:A0:80:00:00:7C:5B:40:00:00:7C:25:C0:00:00:7B:FD:00:00:00:7B:C0:80:00:00:7B:7C:80:00:00:7B:9E:C0:00:00:7B:96:C0:00:00:7B:6A:00:00:00:7B:1F:40:00:00:7B:28:40:00:00:7A:EB:00:00:00:7B:0D:80:00:00:7A:FF:00:00:00:7A:A6:80:8C:23:80:00:FF:FF:00:00:00:AB:10:45:46]
[53:48:DA:00:C8:05:25:00:00:7A:8A:C0:00:00:7A:59:80:00:00:7A:3A:00:00:00:7A:9C:00:00:00:7A:32:00:00:00:7A:62:C0:00:00:7A:1D:40:00:00:7A:1E:00:00:00:7A:1E:80:00:00:79:F4:00:00:00:7A:14:80:00:00:7A:3F:C0:00:00:7A:64:80:00:00:7A:8F:40:00:00:7A:42:C0:00:00:7A:77:40:00:00:7A:43:80:00:00:7A:A1:00:00:00:7A:D4:40:00:00:7A:B6:C0:8C:2F:00:00:FF:FF:00:00:00:AB:10:45:46]
[53:48:DA:00:C8:05:26:00:00:7A:A2:C0:00:00:7A:E5:00:00:00:7A:A1:00:00:00:7A:AA:C0:00:00:7A:F8:40:00:00:7B:1D:00:00:00:7B:1A:C0:00:00:7B:68:C0:00:00:7B:5F:C0:00:00:7B:66:40:00:00:7B:98:C0:00:00:7B:AC:80:00:00:7B:A9:00:00:00:7C:3A:C0:00:00:7C:21:80:00:00:7C:4F:00:00:00:7C:5C:00:00:00:7C:94:80:00:00:7C:8B:40:00:00:7C:CB:80:8C:2D:C0:00:FF:FF:00:00:00:AB:10:45:46]
[53:48:DA:00:C8:05:27:00:00:7C:E6:40:00:00:7C:DC:00:00:00:7D:1D:C0:00:00:7D:41:40:00:00:7D:3F:40:00:00:7D:50:C0:00:00:7D:4E:40:00:00:7D:96:00:00:00:7D:DE:40:00:00:7D:FB:C0:00:00:7D:F5:00:00:00:7E:43:80:00:00:7E:5C:C0:00:00:7E:6C:00:00:00:7E:96:00:00:00:7E:A1:00:00:00:7E:A7:C0:00:00:7E:CC:00:00:00:7E:F7:80:00:00:7E:F6:C0:8C:4E:00:00:FF:FF:00:00:00:AB:10:45:46]
[53:48:DA:00:C8:05:28:00:00:7F:3A:00:00:00:7F:41:00:00:00:7F:63:C0:00:00:7F:7F:C0:00:00:7F:85:C0:00:00:7F:94:80:00:00:7F:9A:80:00:00:7F:AD:80:00:00:7F:B5:00:00:00:7F:D0:C0:00:00:7F:CB:C0:00:00:7F:DC:40:00:00:7F:EC:00:00:00:7F:F0:00:00:00:80:06:40:00:00:80:07:00:00:00:80:0C:80:00:00:80:0E:40:00:00:80:16:40:00:00:80:2D:40:8C:52:40:00:FF:FF:00:00:00:AB:10:45:46]
[53:48:DA:00:C8:05:29:00:00:80:53:C0:00:00:80:62:C0:00:00:80:68:40:00:00:80:69:40:00:00:80:5E:80:00:00:80:79:C0:00:00:80:73:80:00:00:80:82:00:00:00:80:7E:80:00:00:80:7B:00:00:00:80:82:00:00:00:80:7C:C0:00:00:80:82:40:00:00:80:82:C0:00:00:80:7F:40:00:00:80:87:C0:00:00:80:88:C0:00:00:80:88:00:00:00:80:88:40:00:00:80:85:00:8C:2D:C0:00:FF:FF:00:00:00:AB:10:45:46]
[53:48:DA:00:C8:05:2A:00:00:80:7C:80:00:00:80:93:40:00:00:80:8C:80:00:00:80:97:80:00:00:80:94:40:00:00:80:A1:80:00:00:80:97:80:00:00:80:A0:C0:00:00:80:9A:00:00:00:80:97:C0:00:00:80:9D:40:00:00:80:97:C0:00:00:80:97:00:00:00:80:A1:80:00:00:80:A2:C0:00:00:80:AD:00:00:00:80:B0:C0:00:00:80:B5:80:00:00:80:B8:80:00:00:80:B8:C0:8C:1E:40:00:FF:FF:00:00:00:AB:10:45:46]
[53:48:DA:00:C8:05:2B:00:00:80:C5:40:00:00:80:CA:40:00:00:80:CA:00:00:00:80:9F:00:00:00:80:BB:00:00:00:80:C7:40:00:00:80:BF:40:00:00:80:C4:40:00:00:80:C0:40:00:00:80:B4:40:00:00:80:C3:00:00:00:80:BD:00:00:00:80:BD:80:00:00:80:BE:40:00:00:80:C0:40:00:00:80:BE:40:00:00:80:C0:C0:00:00:80:BD:40:00:00:80:C3:C0:00:00:80:C1:40:8C:3F:80:00:FF:FF:00:00:00:AB:10:45:46]
[53:48:DA:00:C8:05:2C:00:00:80:C1:00:00:00:80:C4:C0:00:00:80:C6:40:00:00:80:C0:C0:00:00:80:C5:00:00:00:80:C5:80:00:00:80:B0:80:00:00:80:C8:C0:00:00:80:C3:80:00:00:80:C8:40:00:00:80:CD:80:00:00:80:C9:80:00:00:80:CB:C0:00:00:80:CD:40:00:00:80:CA:C0:00:00:80:C9:80:00:00:80:CC:80:00:00:80:CD:80:00:00:80:CD:00:00:00:80:CD:C0:8C:33:00:00:FF:FF:00:00:00:AB:10:45:46]
[53:48:DA:00:C8:05:2D:00:00:80:CD:00:00:00:80:CE:80:00:00:80:8C:C0:00:00:80:CF:00:00:00:80:D1:80:00:00:80:D0:80:00:00:80:D6:40:00:00:80:D7:80:00:00:80:D8:C0:00:00:80:DA:C0:00:00:80:D8:40:00:00:80:DC:00:00:00:80:C8:40:00:00:80:DA:40:00:00:80:DA:C0:00:00:80:D7:00:00:00:80:D3:C0:00:00:80:D2:C0:00:00:80:D1:C0:00:00:80:D2:80:8C:30:00:00:FF:FF:00:00:00:AB:10:45:46]
[53:48:DA:00:C8:05:2E:00:00:80:CF:80:00:00:80:D2:40:00:00:80:CE:80:00:00:80:CF:C0:00:00:80:D0:80:00:00:80:D1:00:00:00:80:D1:80:00:00:80:D1:80:00:00:80:D2:00:00:00:80:D1:40:00:00:80:C8:C0:00:00:80:CD:00:00:00:80:CC:80:00:00:80:CD:00:00:00:80:CE:40:00:00:80:D1:00:00:00:80:C4:C0:00:00:80:D2:C0:00:00:80:D3:40:00:00:80:D1:C0:8C:43:C0:00:FF:FF:00:00:00:AB:10:45:46]
[53:48:DA:00:C8:05:2F:00:00:80:D0:40:00:00:80:7D:C0:00:00:80:D1:80:00:00:80:D4:C0:00:00:80:CF:C0:00:00:80:D1:40:00:00:80:CF:C0:00:00:80:D3:00:00:00:80:D2:80:00:00:80:CE:80:00:00:80:D0:00:00:00:80:D1:80:00:00:80:D0:C0:00:00:80:D0:00:00:00:80:D0:C0:00:00:80:D0:C0:00:00:80:D4:80:00:00:80:D1:C0:00:00:80:D1:00:00:00:80:D4:40:8C:2F:00:00:FF:FF:00:00:00:AB:10:45:46]
[53:48:DA:00:C8:05:30:00:00:80:D1:00:00:00:80:CE:40:00:00:80:D0:40:00:00:80:CC:C0:00:00:80:CB:C0:00:00:80:C9:80:00:00:80:C7:00:00:00:80:CD:80:00:00:80:C8:40:00:00:80:C2:00:00:00:80:CD:00:00:00:80:CE:40:00:00:80:CD:80:00:00:80:D1:40:00:00:80:CE:C0:00:00:80:D0:00:00:00:80:D1:C0:00:00:80:D2:80:00:00:80:D1:C0:00:00:80:D3:00:8C:3D:80:00:FF:FF:00:00:00:AB:10:45:46]
[53:48:DA:00:C8:05:31:00:00:80:80:00:00:00:80:CC:40:00:00:80:CF:C0:00:00:80:CB:80:00:00:80:D3:40:00:00:80:D1:40:00:00:80:D0:00:00:00:80:CE:C0:00:00:80:C8:C0:00:00:80:CE:80:00:00:80:D0:80:00:00:80:CF:00:00:00:80:CA:80:00:00:80:CC:40:00:00:80:C5:80:00:00:80:C8:40:00:00:80:C9:80:00:00:80:CA:C0:00:00:80:CC:80:00:00:80:D0:40:8C:35:40:00:FF:FF:00:00:00:AB:10:45:46]
[53:48:DA:00:C8:05:32:00:00:80:CE:C0:00:00:80:CE:00:00:00:80:CF:40:00:00:80:BD:C0:00:00:80:CF:00:00:00:80:D0:C0:00:00:80:D0:80:00:00:80:C0:00:00:00:80:CC:00:00:00:80:D6:40:00:00:80:D1:00:00:00:80:D4:80:00:00:80:D2:C0:00:00:80:D0:C0:00:00:80:CE:80:00:00:80:CD:C0:00:00:80:CA:C0:00:00:80:CC:80:00:00:80:CC:00:00:00:80:C9:80:8C:0F:C0:00:FF:FF:00:00:00:AB:10:45:46]
[53:48:DA:00:C8:05:33:00:00:80:C7:00:00:00:80:CA:80:00:00:80:C8:00:00:00:80:C8:00:00:00:80:C9:40:00:00:80:CC:00:00:00:80:CB:00:00:00:80:B8:80:00:00:80:C9:00:00:00:80:CE:40:00:00:80:CD:80:00:00:80:C2:C0:00:00:80:C8:00:00:00:80:D1:80:00:00:80:CF:80:00:00:80:D3:00:00:00:80:D6:80:00:00:80:D1:C0:00:00:80:D8:80:00:00:80:D6:C0:8C:3F:80:00:FF:FF:00:00:00:AB:10:45:46]
[53:48:DA:00:C8:05:34:00:00:80:D9:C0:00:00:80:D8:40:00:00:80:D8:C0:00:00:80:DA:40:00:00:80:DF:40:00:00:80:D9:40:00:00:80:D6:80:00:00:80:CF:00:00:00:80:D7:C0:00:00:80:D4:00:00:00:80:D7:80:00:00:80:D8:40:00:00:80:D5:80:00:00:80:D9:C0:00:00:80:D7:C0:00:00:80:D2:80:00:00:80:D9:80:00:00:80:D6:C0:00:00:80:DB:40:00:00:80:89:40:8C:38:40:00:FF:FF:00:00:00:AB:10:45:46]
[53:48:DA:00:C8:05:35:00:00:80:DD:40:00:00:80:E4:C0:00:00:80:E1:40:00:00:80:E7:40:00:00:80:E8:00:00:00:80:EF:C0:00:00:80:F3:00:00:00:80:F9:80:00:00:81:0A:00:00:00:81:17:80:00:00:81:25:00:00:00:81:3F:C0:00:00:81:58:40:00:00:81:87:C0:00:00:81:D0:C0:00:00:82:0A:C0:00:00:82:C5:00:00:00:83:B1:80:00:00:84:BC:40:00:00:83:AA:00:8C:43:C0:00:FF:FF:00:00:00:AB:10:45:46]
[53:48:DA:00:C8:05:36:00:00:86:9E:00:00:00:87:9D:40:00:00:89:59:40:00:00:8C:BD:00:00:00:8B:D2:40:00:00:89:0B:C0:00:00:87:D5:40:00:00:87:1C:C0:00:00:97:1C:C0:00:00:8B:9C:00:00:00:8A:33:C0:00:00:88:29:C0:00:00:8C:E4:00:00:00:85:76:C0:00:00:8D:FD:C0:00:00:8D:3B:00:00:00:8D:2C:40:00:00:89:F1:40:00:00:88:61:40:00:00:86:9D:80:8C:3F:80:00:FF:FF:00:00:00:AB:10:45:46]
[53:48:DA:00:C8:05:37:00:00:8B:6A:40:00:00:8B:8F:40:00:00:8D:DD:40:00:00:8F:46:C0:00:00:8B:23:80:00:00:8A:BF:40:00:00:89:55:00:00:00:88:84:80:00:00:88:30:00:00:00:8D:4E:00:00:00:88:80:40:00:00:8B:06:80:00:00:8E:48:40:00:00:89:52:C0:00:00:8B:38:80:00:00:8B:1E:40:00:00:86:92:00:00:00:84:B8:C0:00:00:8F:65:40:00:00:83:FA:00:8C:4A:00:00:FF:FF:00:00:00:AB:10:45:46]
[53:48:DA:00:C8:05:38:00:00:89:F6:00:00:00:86:26:80:00:00:85:BC:80:00:00:88:B8:C0:00:00:85:23:00:00:00:87:55:00:00:00:8B:9B:00:00:00:84:23:40:00:00:83:E5:40:00:00:86:4C:40:00:00:84:77:80:00:00:84:30:40:00:00:84:33:80:00:00:84:27:00:00:00:82:00:40:00:00:84:E5:C0:00:00:84:03:C0:00:00:82:7C:80:00:00:82:CE:C0:00:00:86:A0:C0:8C:27:C0:00:FF:FF:00:00:00:AB:10:45:46]
[53:48:DA:00:C8:05:39:00:00:84:B4:80:00:00:83:6D:C0:00:00:82:58:40:00:00:81:AE:00:00:00:85:01:C0:00:00:82:A1:C0:00:00:82:7C:40:00:00:82:9D:80:00:00:83:31:C0:00:00:81:59:00:00:00:81:24:00:00:00:82:1C:80:00:00:82:82:C0:00:00:81:DB:80:00:00:82:26:80:00:00:81:72:C0:00:00:81:5B:00:00:00:82:70:40:00:00:81:E2:80:00:00:82:60:00:8C:32:00:00:FF:FF:00:00:00:AB:10:45:46]
[53:48:DA:00:C8:05:3A:00:00:81:9F:80:00:00:81:B9:C0:00:00:81:F2:00:00:00:82:52:40:00:00:82:62:C0:00:00:81:9A:00:00:00:82:30:00:00:00:81:57:80:00:00:81:80:40:00:00:81:CB:40:00:00:82:0A:C0:00:00:81:40:C0:00:00:81:D1:40:00:00:81:88:00:00:00:81:DC:40:00:00:81:77:00:00:00:81:07:00:00:00:82:28:C0:00:00:81:18:00:00:00:81:1A:C0:8C:35:40:00:FF:FF:00:00:00:AB:10:45:46]
[53:48:DA:00:C8:05:3B:00:00:81:39:00:00:00:81:44:00:00:00:81:52:40:00:00:81:38:00:00:00:80:E4:40:00:00:81:55:80:00:00:81:13:00:00:00:81:AA:C0:00:00:81:4A:40:00:00:81:6C:C0:00:00:81:0D:C0:00:00:81:6C:80:00:00:80:E7:C0:00:00:80:F2:40:00:00:81:08:C0:00:00:81:05:80:00:00:81:0F:00:00:00:80:EA:C0:00:00:80:F9:C0:00:00:81:18:00:8C:3E:80:00:FF:FF:00:00:00:AB:10:45:46]
[53:48:DA:00:C8:05:3C:00:00:81:1F:80:00:00:80:F8:00:00:00:80:EB:00:00:00:81:3C:C0:00:00:81:0A:00:00:00:80:F0:C0:00:00:80:EF:C0:00:00:81:03:C0:00:00:81:09:C0:00:00:81:0E:C0:00:00:81:0D:40:00:00:80:F4:80:00:00:80:FD:80:00:00:81:06:00:00:00:81:05:80:00:00:80:78:00:00:00:80:F7:00:00:00:81:00:00:00:00:80:FD:00:00:00:80:E9:C0:8C:31:00:00:FF:FF:00:00:00:AB:10:45:46]
[53:48:DA:00:C8:05:3D:00:00:80:EB:C0:00:00:80:D9:00:00:00:80:D5:80:00:00:80:E5:40:00:00:80:E6:80:00:00:80:EC:C0:00:00:80:E5:80:00:00:80:DF:40:00:00:80:D4:C0:00:00:80:E1:C0:00:00:80:E5:C0:00:00:80:EA:C0:00:00:80:E5:00:00:00:80:EA:00:00:00:80:DD:C0:00:00:80:DD:C0:00:00:80:EE:C0:00:00:80:EC:C0:00:00:80:E2:C0:00:00:80:E6:80:8C:40:80:00:FF:FF:00:00:00:AB:10:45:46]
[53:48:DA:00:C8:05:3E:00:00:80:DE:40:00:00:80:DD:00:00:00:80:D8:00:00:00:80:DB:40:00:00:80:E3:40:00:00:80:E1:80:00:00:80:EB:C0:00:00:80:D3:80:00:00:80:E1:00:00:00:80:E0:40:00:00:80:DF:00:00:00:80:DD:00:00:00:80:E4:80:00:00:80:DF:C0:00:00:80:7E:80:00:00:80:D3:40:00:00:80:D5:80:00:00:80:D8:C0:00:00:80:DB:80:00:00:80:E2:C0:8C:30:00:00:FF:FF:00:00:00:AB:10:45:46]
[53:48:DA:00:C8:05:3F:00:00:80:E6:00:00:00:80:DA:C0:00:00:80:E5:40:00:00:80:E8:C0:00:00:80:E1:40:00:00:80:E4:40:00:00:80:DE:40:00:00:80:DC:40:00:00:80:D7:C0:00:00:80:C9:00:00:00:80:DB:80:00:00:80:D8:80:00:00:80:DC:80:00:00:80:E1:40:00:00:80:D5:40:00:00:80:D6:80:00:00:80:DB:00:00:00:80:DB:00:00:00:80:D5:40:00:00:80:DA:80:8C:4E:00:00:FF:FF:00:00:00:AB:10:45:46]
[53:48:DA:00:C8:05:40:00:00:80:D9:00:00:00:80:D8:C0:00:00:80:DA:00:00:00:80:D7:80:00:00:80:D7:80:00:00:80:D7:00:00:00:80:D9:80:00:00:80:D8:C0:00:00:80:D7:00:00:00:80:DB:C0:00:00:80:D4:00:00:00:80:D8:00:00:00:80:D6:80:00:00:80:95:C0:00:00:80:D8:C0:00:00:80:D5:00:00:00:80:D9:40:00:00:80:D4:C0:00:00:80:D2:80:00:00:80:CF:C0:8C:47:C0:00:FF:FF:00:00:00:AB:10:45:46]
[53:48:DA:00:C8:05:41:00:00:80:D1:00:00:00:80:D6:C0:00:00:80:D1:00:00:00:80:D2:00:00:00:80:D3:00:00:00:80:CF:00:00:00:80:D1:00:00:00:80:D1:40:00:00:80:D5:00:00:00:80:D2:40:00:00:80:D3:80:00:00:80:D3:C0:00:00:80:D1:C0:00:00:80:D1:00:00:00:80:D2:C0:00:00:80:D0:40:00:00:80:D0:00:00:00:80:CD:00:00:00:80:CF:00:00:00:80:D1:40:8C:4C:00:00:FF:FF:00:00:00:AB:10:45:46]
[53:48:DA:00:C8:05:42:00:00:80:D1:40:00:00:80:D1:00:00:00:80:D2:00:00:00:80:CE:C0:00:00:80:CE:C0:00:00:80:D1:40:00:00:80:CD:C0:00:00:80:CF:80:00:00:80:D1:40:00:00:80:CE:80:00:00:80:CF:80:00:00:80:CC:40:00:00:80:CA:00:00:00:80:C9:C0:00:00:80:CB:C0:00:00:80:CD:00:00:00:80:CD:80:00:00:80:C9:80:00:00:80:CC:80:00:00:80:C6:C0:8C:45:C0:00:FF:FF:00:00:00:AB:10:45:46]
[53:48:DA:00:C8:05:43:00:00:80:B1:80:00:00:80:C7:00:00:00:80:C5:40:00:00:80:C3:40:00:00:80:C7:40:00:00:80:BF:40:00:00:80:BF:80:00:00:80:C0:00:00:00:80:C0:00:00:00:80:BB:40:00:00:80:B7:40:00:00:80:B7:40:00:00:80:B2:80:00:00:80:AF:C0:00:00:80:AE:C0:00:00:80:B0:80:00:00:80:B2:40:00:00:80:AE:00:00:00:80:AD:C0:00:00:80:AF:80:8C:3E:80:00:FF:FF:00:00:00:AB:10:45:46]
[53:48:DA:00:C8:05:44:00:00:80:AF:40:00:00:80:A9:C0:00:00:80:AB:C0:00:00:80:AE:C0:00:00:80:96:40:00:00:80:A8:C0:00:00:80:A8:80:00:00:80:A5:00:00:00:80:A5:80:00:00:80:A1:00:00:00:80:A0:80:00:00:80:A4:00:00:00:80:A0:C0:00:00:80:A5:00:00:00:80:A6:C0:00:00:80:A2:80:00:00:80:A5:80:00:00:80:A5:80:00:00:80:9F:00:00:00:80:94:80:8C:45:C0:00:FF:FF:00:00:00:AB:10:45:46]
[53:48:DA:00:C8:05:45:00:00:80:A7:80:00:00:80:A3:00:00:00:80:A2:40:00:00:80:9D:C0:00:00:80:9C:80:00:00:80:9B:00:00:00:80:9A:00:00:00:80:99:40:00:00:80:90:40:00:00:80:99:00:00:00:80:95:C0:00:00:80:97:80:00:00:80:A2:00:00:00:80:A1:80:00:00:80:A1:40:00:00:80:A8:40:00:00:80:A1:40:00:00:80:A6:40:00:00:80:AE:40:00:00:80:AC:C0:8C:41:80:00:FF:FF:00:00:00:AB:10:45:46]
[53:48:DA:00:C8:05:46:00:00:80:B2:80:00:00:80:B6:40:00:00:80:B8:80:00:00:80:B7:80:00:00:80:B7:00:00:00:80:BF:C0:00:00:80:BF:C0:00:00:80:C0:80:00:00:80:CB:80:00:00:80:C5:40:00:00:80:C1:40:00:00:80:C6:00:00:00:80:BE:C0:00:00:80:CC:80:00:00:80:D0:C0:00:00:80:D0:80:00:00:80:CC:00:00:00:80:D1:80:00:00:80:CC:C0:00:00:80:D2:C0:8C:33:00:00:FF:FF:00:00:00:AB:10:45:46]
[53:48:DA:00:C8:05:47:00:00:80:D4:40:00:00:80:D3:C0:00:00:80:D2:80:00:00:80:D4:C0:00:00:80:D7:00:00:00:80:D3:00:00:00:80:D1:80:00:00:80:D5:80:00:00:80:D4:40:00:00:80:CA:00:00:00:80:D3:00:00:00:80:D2:40:00:00:80:D4:C0:00:00:80:D3:80:00:00:80:D4:40:00:00:80:D2:C0:00:00:80:C6:80:00:00:80:D4:80:00:00:80:D5:C0:00:00:80:D2:00:8C:3C:80:00:FF:FF:00:00:00:AB:10:45:46]
[53:48:DA:00:C8:05:48:00:00:80:D2:80:00:00:80:D4:00:00:00:80:D5:C0:00:00:80:D3:40:00:00:80:CF:00:00:00:80:D7:00:00:00:80:D6:00:00:00:80:D4:C0:00:00:80:D3:80:00:00:80:D4:00:00:00:80:D3:80:00:00:80:D2:C0:00:00:80:D2:80:00:00:80:D4:00:00:00:80:D6:80:00:00:80:D4:40:00:00:80:D8:40:00:00:80:D7:80:00:00:80:D7:40:00:00:80:D4:00:8C:3D:80:00:FF:FF:00:00:00:AB:10:45:46]
[53:48:DA:00:C8:05:49:00:00:80:D2:40:00:00:80:D5:80:00:00:80:D3:80:00:00:80:D5:C0:00:00:80:D3:40:00:00:80:D3:00:00:00:80:D2:40:00:00:80:D0:C0:00:00:80:B3:C0:00:00:80:D2:40:00:00:80:CA:00:00:00:80:CF:40:00:00:80:D0:40:00:00:80:CE:80:00:00:80:D1:00:00:00:80:D1:40:00:00:80:CF:80:00:00:80:CE:80:00:00:80:D6:00:00:00:80:D1:80:8C:38:40:00:FF:FF:00:00:00:AB:10:45:46]
[53:48:DA:00:C8:05:4A:00:00:80:CF:40:00:00:80:D2:C0:00:00:80:D1:00:00:00:80:C8:C0:00:00:80:D3:00:00:00:80:D2:80:00:00:80:CF:C0:00:00:80:D1:C0:00:00:80:D2:C0:00:00:80:CE:C0:00:00:80:D4:00:00:00:80:D1:80:00:00:80:D4:40:00:00:80:D3:40:00:00:80:D3:40:00:00:80:D2:00:00:00:80:D0:40:00:00:80:D2:00:00:00:80:D3:00:00:00:80:D6:C0:8C:50:00:00:FF:FF:00:00:00:AB:10:45:46]
[53:48:DA:00:C8:05:4B:00:00:80:D4:40:00:00:80:D5:40:00:00:80:D3:40:00:00:80:D4:00:00:00:80:D2:C0:00:00:80:D2:C0:00:00:80:D2:80:00:00:80:A3:80:00:00:80:D2:40:00:00:80:C8:80:00:00:80:D1:C0:00:00:80:D4:C0:00:00:80:D2:40:00:00:80:D4:00:00:00:80:D2:40:00:00:80:D0:80:00:00:80:D4:80:00:00:80:D6:00:00:00:80:D5:00:00:00:80:D4:80:8C:44:C0:00:FF:FF:00:00:00:AB:10:45:46]
[53:48:DA:00:C8:05:4C:00:00:80:D0:C0:00:00:80:D5:C0:00:00:80:D5:40:00:00:80:D2:80:00:00:80:D2:40:00:00:80:D5:40:00:00:80:D4:40:00:00:80:D4:80:00:00:80:C7:C0:00:00:80:D3:40:00:00:80:D2:40:00:00:80:C1:40:00:00:80:D5:C0:00:00:80:D3:00:00:00:80:D1:80:00:00:80:D4:40:00:00:80:D5:00:00:00:80:D0:00:00:00:80:D0:40:00:00:80:D5:40:8C:43:C0:00:FF:FF:00:00:00:AB:10:45:46]
[53:48:DA:00:C8:05:4D:00:00:80:D0:80:00:00:80:D1:80:00:00:80:D3:80:00:00:80:D3:80:00:00:80:D2:C0:00:00:80:D4:C0:00:00:80:7E:C0:00:00:80:D4:00:00:00:80:D2:C0:00:00:80:D3:C0:00:00:80:D3:40:00:00:80:D3:80:00:00:80:D3:C0:00:00:80:D0:C0:00:00:80:D6:C0:00:00:80:C7:80:00:00:80:D5:00:00:00:80:D7:00:00:00:80:D6:80:00:00:80:D3:00:8C:22:80:00:FF:FF:00:00:00:AB:10:45:46]
[53:48:DA:00:C8:05:4E:00:00:80:D1:80:00:00:80:D5:C0:00:00:80:D4:C0:00:00:80:D3:40:00:00:80:D1:C0:00:00:80:D4:80:00:00:80:D1:40:00:00:80:D3:00:00:00:80:D4:00:00:00:80:D2:40:00:00:80:D3:40:00:00:80:D2:40:00:00:80:D4:40:00:00:80:D4:00:00:00:80:D3:00:00:00:80:D2:80:00:00:80:D3:00:00:00:80:D2:80:00:00:80:D4:C0:00:00:80:CA:C0:8C:50:00:00:FF:FF:00:00:00:AB:10:45:46]
[53:48:DA:00:C8:05:4F:00:00:80:D6:40:00:00:80:D7:00:00:00:80:D5:C0:00:00:80:D4:00:00:00:80:D5:40:00:00:80:35:00:00:00:80:D2:00:00:00:80:D6:C0:00:00:80:D2:C0:00:00:80:D1:80:00:00:80:D2:00:00:00:80:D5:40:00:00:80:C8:80:00:00:80:D6:40:00:00:80:D3:40:00:00:80:D4:00:00:00:80:D4:00:00:00:80:D5:80:00:00:80:D4:00:00:00:80:D3:00:8C:48:C0:00:FF:FF:00:00:00:AB:10:45:46]
[53:48:DA:00:C8:05:50:00:00:80:D3:80:00:00:80:D6:40:00:00:80:B9:C0:00:00:80:CE:40:00:00:80:D0:00:00:00:80:D3:00:00:00:80:D1:40:00:00:80:D5:C0:00:00:80:D2:00:00:00:80:D5:40:00:00:80:D4:80:00:00:80:D4:00:00:00:80:D4:00:00:00:80:D2:C0:00:00:80:D4:40:00:00:80:D0:40:00:00:80:D2:C0:00:00:80:D3:40:00:00:80:D2:80:00:00:80:CE:40:8C:39:40:00:FF:FF:00:00:00:AB:10:45:46]
[53:48:DA:00:C8:05:51:00:00:80:D2:C0:00:00:80:D2:C0:00:00:80:D1:40:00:00:80:D1:80:00:00:80:48:00:00:00:80:D4:00:00:00:80:C2:80:00:00:80:D4:00:00:00:80:D1:80:00:00:80:D1:C0:00:00:80:D1:00:00:00:80:D3:40:00:00:80:D4:40:00:00:80:D3:00:00:00:80:D3:C0:00:00:80:D1:80:00:00:80:D1:40:00:00:80:D2:80:00:00:80:CE:C0:00:00:80:D3:00:8C:53:40:00:FF:FF:00:00:00:AB:10:45:46]
[53:48:DA:00:C8:05:52:00:00:80:D3:C0:00:00:80:D3:00:00:00:80:D2:40:00:00:80:D3:00:00:00:80:D2:00:00:00:80:D0:00:00:00:80:D1:00:00:00:80:D3:C0:00:00:80:D2:C0:00:00:80:D2:00:00:00:80:CA:00:00:00:80:D4:80:00:00:80:D3:40:00:00:80:D3:40:00:00:80:D0:80:00:00:80:D2:00:00:00:80:D0:C0:00:00:80:D3:40:00:00:80:D3:40:00:00:80:D4:40:8C:46:C0:00:FF:FF:00:00:00:AB:10:45:46]
[53:48:DA:00:C8:05:53:00:00:80:D2:80:00:00:80:D3:C0:00:00:80:D3:C0:00:00:80:5E:00:00:00:80:D2:80:00:00:80:D2:00:00:00:80:D2:80:00:00:80:D3:40:00:00:80:D2:40:00:00:80:D5:40:00:00:80:D7:00:00:00:80:D2:80:00:00:80:D4:40:00:00:80:D3:40:00:00:80:CD:00:00:00:80:D1:C0:00:00:80:D6:80:00:00:80:CE:40:00:00:80:D2:40:00:00:80:CF:40:8C:52:40:00:FF:FF:00:00:00:AB:10:45:46]
[53:48:DA:00:C8:05:05:00:00:80:D3:C0:00:00:80:D0:40:00:00:80:D0:80:00:00:80:D3:80:00:00:80:D2:80:00:00:80:CB:00:00:00:80:D3:40:00:00:80:E9:80:00:00:80:D6:80:00:00:80:E1:00:00:00:80:D6:80:00:00:80:CE:80:00:00:80:D4:00:00:00:80:CF:00:00:00:81:11:C0:00:00:80:D6:80:00:00:80:CE:00:00:00:80:F9:40:00:00:80:D1:C0:00:00:80:CC:00:8C:5A:80:00:FF:FF:00:00:00:AB:10:45:46]
[53:48:DA:00:C8:05:06:00:00:80:D0:40:00:00:80:D2:80:00:00:80:D8:C0:00:00:80:CA:C0:00:00:80:D1:C0:00:00:81:14:80:00:00:80:CE:40:00:00:80:CF:00:00:00:80:D1:00:00:00:80:CF:C0:00:00:80:D0:80:00:00:80:D2:C0:00:00:80:CF:C0:00:00:80:CB:40:00:00:80:D3:00:00:00:80:CE:40:00:00:80:D0:40:00:00:80:CF:00:00:00:80:CF:00:00:00:80:CE:40:8C:5B:80:00:FF:FF:00:00:00:AB:10:45:46]
[53:48:DA:00:C8:05:07:00:00:80:CE:40:00:00:80:D1:C0:00:00:80:D1:C0:00:00:80:D2:40:00:00:80:C9:80:00:00:80:D4:C0:00:00:80:CE:C0:00:00:80:D1:40:00:00:80:CF:C0:00:00:80:CF:00:00:00:80:D0:00:00:00:80:CD:40:00:00:80:D3:00:00:00:80:D2:C0:00:00:80:CD:80:00:00:80:CF:C0:00:00:80:F4:80:00:00:80:DB:80:00:00:80:CC:00:00:00:80:CD:C0:8C:77:80:00:FF:FF:00:00:00:AB:10:45:46]
[53:48:DA:00:C8:05:08:00:00:80:CE:80:00:00:80:D1:C0:00:00:80:CF:40:00:00:80:CA:C0:00:00:80:CE:80:00:00:80:D3:80:00:00:80:D3:80:00:00:80:D1:C0:00:00:80:D0:40:00:00:80:CD:40:00:00:80:CF:80:00:00:80:D0:80:00:00:80:D1:40:00:00:80:CE:00:00:00:80:CD:80:00:00:80:D2:80:00:00:80:D7:00:00:00:80:D0:40:00:00:80:D4:00:00:00:80:D2:80:8C:63:C0:00:FF:FF:00:00:00:AB:10:45:46]
[53:48:DA:00:C8:05:09:00:00:80:D1:00:00:00:80:D1:00:00:00:80:D1:80:00:00:80:CB:80:00:00:80:D0:00:00:00:80:CE:C0:00:00:80:FF:00:00:00:80:D0:40:00:00:80:CF:00:00:00:80:D2:C0:00:00:80:CF:80:00:00:80:CF:40:00:00:80:CE:80:00:00:80:D2:C0:00:00:80:D2:40:00:00:81:00:C0:00:00:80:D4:40:00:00:80:D3:00:00:00:80:D3:40:00:00:80:CF:C0:8C:6B:00:00:FF:FF:00:00:00:AB:10:45:46]
[53:48:DA:00:C8:05:0A:00:00:80:D2:00:00:00:80:D5:80:00:00:80:CC:C0:00:00:80:D5:00:00:00:80:D0:C0:00:00:80:D3:C0:00:00:80:CF:C0:00:00:80:D1:C0:00:00:80:D2:C0:00:00:80:CD:40:00:00:80:D1:00:00:00:80:D0:80:00:00:80:D0:00:00:00:80:D3:00:00:00:80:D0:C0:00:00:80:D2:C0:00:00:80:CE:C0:00:00:80:D4:40:00:00:80:D0:C0:00:00:80:D0:40:8C:66:00:00:FF:FF:00:00:00:AB:10:45:46]
[53:48:DA:00:C8:05:0B:00:00:80:D0:40:00:00:80:CF:00:00:00:80:CD:80:00:00:80:D1:00:00:00:80:D2:C0:00:00:80:D1:C0:00:00:80:C7:C0:00:00:80:D0:00:00:00:80:D0:C0:00:00:80:D2:80:00:00:80:D1:40:00:00:80:D1:00:00:00:80:E4:00:00:00:80:E5:00:00:00:81:06:C0:00:00:80:D1:00:00:00:80:CF:80:00:00:80:D4:40:00:00:80:CF:40:00:00:80:D2:40:8C:7A:C0:00:FF:FF:00:00:00:AB:10:45:46]
[53:48:DA:00:C8:05:0C:00:00:80:D2:C0:00:00:80:CB:00:00:00:80:D1:C0:00:00:80:D0:C0:00:00:80:D3:00:00:00:80:D7:80:00:00:80:D7:00:00:00:80:CF:80:00:00:80:D1:40:00:00:80:C4:80:00:00:80:D0:00:00:00:80:D3:80:00:00:80:D1:80:00:00:80:CF:C0:00:00:80:D1:00:00:00:80:D2:C0:00:00:80:CF:80:00:00:80:D1:C0:00:00:80:D2:80:00:00:80:D2:00:8C:71:40:00:FF:FF:00:00:00:AB:10:45:46]
[53:48:DA:00:C8:05:0D:00:00:80:D2:80:00:00:80:CE:00:00:00:80:CE:80:00:00:80:D1:00:00:00:80:CF:00:00:00:80:D1:00:00:00:80:D3:00:00:00:80:D4:00:00:00:80:D1:C0:00:00:80:D0:40:00:00:80:D1:C0:00:00:80:D0:C0:00:00:80:CE:80:00:00:81:09:80:00:00:80:D0:C0:00:00:80:D2:00:00:00:80:D0:40:00:00:80:CF:C0:00:00:80:D0:40:00:00:80:D1:80:8C:5D:80:00:FF:FF:00:00:00:AB:10:45:46]
[53:48:DA:00:C8:05:0E:00:00:80:CD:00:00:00:80:D3:00:00:00:80:D2:00:00:00:80:CF:C0:00:00:80:CF:00:00:00:80:D1:00:00:00:80:D1:C0:00:00:80:D2:C0:00:00:80:CD:80:00:00:80:CD:80:00:00:80:D1:80:00:00:80:CD:C0:00:00:80:D0:C0:00:00:80:CE:00:00:00:80:D3:40:00:00:80:D4:80:00:00:80:D1:80:00:00:80:D0:40:00:00:80:CD:C0:00:00:80:CF:40:8C:77:80:00:FF:FF:00:00:00:AB:10:45:46]
[53:48:DA:00:C8:05:0F:00:00:80:CF:80:00:00:80:D1:00:00:00:80:CD:C0:00:00:80:D0:40:00:00:80:D0:40:00:00:80:D1:80:00:00:80:D3:40:00:00:80:D0:C0:00:00:80:D1:80:00:00:80:D2:C0:00:00:80:D4:00:00:00:80:D1:C0:00:00:80:FE:00:00:00:80:D0:00:00:00:80:D0:40:00:00:80:D0:00:00:00:80:D2:40:00:00:80:D1:00:00:00:80:D1:00:00:00:80:C8:80:8C:7C:C0:00:FF:FF:00:00:00:AB:10:45:46]
[53:48:DA:00:C8:05:10:00:00:80:D2:40:00:00:80:D1:80:00:00:80:D4:00:00:00:80:D3:00:00:00:80:D3:40:00:00:80:D0:80:00:00:80:D2:80:00:00:80:D1:40:00:00:80:D3:40:00:00:80:CF:00:00:00:80:D2:80:00:00:80:D5:00:00:00:80:D0:80:00:00:80:D0:C0:00:00:80:E5:C0:00:00:80:E0:00:00:00:80:D2:40:00:00:80:D2:40:00:00:80:D3:40:00:00:80:D2:00:8C:69:00:00:FF:FF:00:00:00:AB:10:45:46]
[53:48:DA:00:C8:05:11:00:00:80:D1:C0:00:00:80:D3:C0:00:00:80:C7:80:00:00:80:D0:00:00:00:80:D1:C0:00:00:80:D0:00:00:00:80:D1:C0:00:00:80:D1:00:00:00:80:D3:C0:00:00:80:D3:80:00:00:80:D1:C0:00:00:80:F3:C0:00:00:80:D3:40:00:00:80:D3:00:00:00:80:D0:C0:00:00:80:D7:40:00:00:80:CF:00:00:00:80:D4:40:00:00:80:D1:80:00:00:80:CD:80:8C:83:00:00:FF:FF:00:00:00:AB:10:45:46]
[53:48:DA:00:C8:05:12:00:00:80:CE:40:00:00:80:CD:40:00:00:80:D1:C0:00:00:80:D3:40:00:00:80:CE:40:00:00:80:D0:C0:00:00:80:CE:00:00:00:80:D0:00:00:00:80:D3:C0:00:00:80:CE:40:00:00:80:D0:80:00:00:80:D3:40:00:00:80:D1:80:00:00:80:D7:C0:00:00:80:CF:C0:00:00:80:D3:00:00:00:80:D1:80:00:00:80:D0:00:00:00:80:D1:C0:00:00:80:D1:80:8C:84:00:00:FF:FF:00:00:00:AB:10:45:46]
[53:48:DA:00:C8:05:13:00:00:80:D0:80:00:00:80:D1:80:00:00:80:D2:80:00:00:80:D1:00:00:00:80:D1:40:00:00:80:CD:00:00:00:80:D0:C0:00:00:80:D1:40:00:00:80:D2:80:00:00:80:CF:00:00:00:80:C8:40:00:00:80:D4:40:00:00:80:D3:C0:00:00:80:CC:C0:00:00:80:D3:40:00:00:80:D1:40:00:00:80:CF:C0:00:00:80:D1:80:00:00:80:CD:80:00:00:80:D1:80:8C:71:40:00:FF:FF:00:00:00:AB:10:45:46]
[53:48:DA:00:C8:05:14:00:00:80:D2:C0:00:00:80:D2:40:00:00:80:D1:80:00:00:80:D3:40:00:00:80:CF:80:00:00:80:D1:C0:00:00:80:D1:80:00:00:80:D2:80:00:00:80:CF:00:00:00:80:D0:C0:00:00:80:CD:40:00:00:80:CF:C0:00:00:80:D3:C0:00:00:80:CE:80:00:00:80:C6:40:00:00:80:D0:80:00:00:80:D1:00:00:00:80:CE:C0:00:00:80:CD:C0:00:00:80:CF:C0:8C:8B:40:00:FF:FF:00:00:00:AB:10:45:46]
[53:48:DA:00:C8:05:15:00:00:80:D1:40:00:00:80:D0:C0:00:00:80:D1:00:00:00:80:D1:00:00:00:80:D1:80:00:00:80:D0:00:00:00:80:CA:40:00:00:80:D0:00:00:00:80:D2:40:00:00:80:D2:00:00:00:80:CF:80:00:00:80:D1:40:00:00:80:CE:00:00:00:80:CD:C0:00:00:80:D1:00:00:00:80:BB:40:00:00:80:CE:C0:00:00:80:B0:80:00:00:80:CD:80:00:00:80:D4:80:8C:8D:40:00:FF:FF:00:00:00:AB:10:45:46]
[53:48:DA:00:C8:05:16:00:00:80:D1:80:00:00:80:D0:40:00:00:80:D1:C0:00:00:80:D4:80:00:00:80:CF:80:00:00:80:D1:40:00:00:80:D3:80:00:00:80:D4:00:00:00:80:D3:40:00:00:80:CE:00:00:00:80:D2:C0:00:00:80:D2:80:00:00:80:CD:C0:00:00:80:CF:40:00:00:80:CF:C0:00:00:80:CF:C0:00:00:80:BB:C0:00:00:80:D2:40:00:00:80:C1:C0:00:00:80:D2:40:8C:94:C0:00:FF:FF:00:00:00:AB:10:45:46]
[53:48:DA:00:C8:05:17:00:00:80:D3:40:00:00:80:CB:80:00:00:80:C5:00:00:00:80:C6:C0:00:00:80:CF:00:00:00:80:D1:40:00:00:80:CE:40:00:00:80:D2:80:00:00:80:C8:40:00:00:80:D0:C0:00:00:80:CD:00:00:00:80:D1:80:00:00:80:D2:80:00:00:80:D2:80:00:00:80:CE:40:00:00:80:D1:00:00:00:80:CC:C0:00:00:80:69:80:00:00:80:64:80:00:00:80:8E:40:8C:75:80:00:FF:FF:00:00:00:AB:10:45:46]
[53:48:DA:00:C8:05:18:00:00:80:CD:C0:00:00:80:D2:C0:00:00:80:D2:00:00:00:80:CD:40:00:00:80:D2:C0:00:00:80:C4:C0:00:00:80:D2:40:00:00:80:CC:40:00:00:80:C5:00:00:00:80:CE:40:00:00:80:D0:C0:00:00:80:C4:00:00:00:80:C8:40:00:00:80:D0:C0:00:00:80:CF:80:00:00:80:CE:00:00:00:80:D1:00:00:00:80:CF:00:00:00:80:CF:C0:00:00:80:D1:00:8C:8F:80:00:FF:FF:00:00:00:AB:10:45:46]
[53:48:DA:00:C8:05:19:00:00:80:CF:80:00:00:80:C5:80:00:00:80:4B:40:00:00:80:CF:80:00:00:80:D2:80:00:00:80:CE:80:00:00:80:D2:C0:00:00:80:D2:00:00:00:80:D0:00:00:00:80:D1:80:00:00:80:D3:C0:00:00:80:CF:80:00:00:80:D0:00:00:00:80:CF:80:00:00:80:B5:C0:00:00:80:CF:40:00:00:80:D1:C0:00:00:80:D0:00:00:00:80:CF:80:00:00:80:D2:C0:8C:8C:40:00:FF:FF:00:00:00:AB:10:45:46]
[53:48:DA:00:C8:05:1A:00:00:80:D3:80:00:00:80:D3:00:00:00:80:D2:80:00:00:80:D2:40:00:00:80:D3:80:00:00:80:D0:80:00:00:80:C5:40:00:00:80:D0:40:00:00:80:CC:00:00:00:80:D0:00:00:00:80:D0:40:00:00:80:D3:00:00:00:80:D4:80:00:00:80:C5:00:00:00:80:D1:40:00:00:80:D2:40:00:00:80:D3:80:00:00:80:D1:80:00:00:80:CE:00:00:00:80:D0:80:8C:89:40:00:FF:FF:00:00:00:AB:10:45:46]
[53:48:DA:00:C8:05:1B:00:00:80:CE:40:00:00:80:D0:00:00:00:80:CE:80:00:00:80:CB:00:00:00:80:C8:C0:00:00:80:C1:00:00:00:80:BA:C0:00:00:80:AF:C0:00:00:80:A5:80:00:00:80:9E:80:00:00:80:92:C0:00:00:80:7F:C0:00:00:80:6A:40:00:00:80:4F:80:00:00:80:32:C0:00:00:80:0D:40:00:00:7F:DB:80:00:00:7F:71:00:00:00:7F:18:C0:00:00:7E:E0:00:8C:9F:00:00:FF:FF:00:00:00:AB:10:45:46]
[53:48:DA:00:C8:05:1C:00:00:7E:48:40:00:00:7E:27:40:00:00:7D:DE:C0:00:00:7D:A3:40:00:00:7D:A9:80:00:00:7D:3C:C0:00:00:7D:08:80:00:00:7C:E4:C0:00:00:7C:E4:40:00:00:7C:B0:80:00:00:7C:95:80:00:00:7C:5F:40:00:00:7C:83:C0:00:00:7C:28:40:00:00:7C:2A:40:00:00:7C:25:00:00:00:7B:F6:C0:00:00:7B:C5:80:00:00:7B:BC:00:00:00:7B:E3:80:8C:87:40:00:FF:FF:00:00:00:AB:10:45:46]
[53:48:DA:00:C8:05:1D:00:00:7B:8E:00:00:00:7B:76:00:00:00:7B:87:00:00:00:7B:9D:80:00:00:7B:3B:80:00:00:7B:64:00:00:00:7B:24:40:00:00:7B:58:C0:00:00:7B:7E:00:00:00:7B:55:40:00:00:7B:53:00:00:00:7B:3E:40:00:00:7B:5C:00:00:00:7B:61:40:00:00:7A:D9:00:00:00:7B:5F:80:00:00:7B:73:C0:00:00:7B:4A:80:00:00:7B:80:40:00:00:7B:BF:40:8C:93:80:00:FF:FF:00:00:00:AB:10:45:46]
[53:48:DA:00:C8:05:1E:00:00:7B:C7:00:00:00:7B:DF:00:00:00:7B:E7:80:00:00:7B:DE:C0:00:00:7B:AD:40:00:00:7C:13:00:00:00:7B:CE:80:00:00:7C:3E:40:00:00:7C:37:80:00:00:7C:40:C0:00:00:7C:6F:80:00:00:7C:86:40:00:00:7C:9B:40:00:00:7C:CF:40:00:00:7C:AF:40:00:00:7C:E1:00:00:00:7C:BB:C0:00:00:7D:27:00:00:00:7D:37:00:00:00:7D:3A:C0:8C:8B:40:00:FF:FF:00:00:00:AB:10:45:46]
[53:48:DA:00:C8:05:1F:00:00:7D:5B:C0:00:00:7D:63:40:00:00:7D:7D:C0:00:00:7D:CB:40:00:00:7D:C7:00:00:00:7D:F0:40:00:00:7D:E8:00:00:00:7E:13:40:00:00:7E:40:00:00:00:7E:19:80:00:00:7E:7D:00:00:00:7E:6D:C0:00:00:7E:88:80:00:00:7E:B4:00:00:00:7E:A4:80:00:00:7E:CF:C0:00:00:7E:FD:80:00:00:7E:EA:80:00:00:7E:D3:00:00:00:7E:EB:80:8C:87:40:00:FF:FF:00:00:00:AB:10:45:46]
[53:48:DA:00:C8:05:20:00:00:7F:07:80:00:00:7F:25:80:00:00:7F:16:80:00:00:7E:E6:00:00:00:7F:4C:C0:00:00:7F:6F:40:00:00:7F:75:C0:00:00:7F:52:40:00:00:7F:6B:C0:00:00:7F:84:C0:00:00:7F:A3:C0:00:00:7F:B7:C0:00:00:7F:B6:C0:00:00:7F:CC:80:00:00:7F:D0:00:00:00:7F:DD:C0:00:00:7F:DF:00:00:00:7F:D7:C0:00:00:7F:C4:80:00:00:7F:D6:00:8C:85:00:00:FF:FF:00:00:00:AB:10:45:46]
[53:48:DA:00:C8:05:21:00:00:7F:D1:00:00:00:7F:D5:40:00:00:7F:C9:40:00:00:7F:D5:00:00:00:7F:CB:40:00:00:7F:D3:00:00:00:7F:E3:C0:00:00:7F:EE:00:00:00:7F:F4:40:00:00:80:05:00:00:00:80:07:80:00:00:80:13:00:00:00:80:18:C0:00:00:80:25:C0:00:00:80:30:40:00:00:80:38:40:00:00:80:2A:80:00:00:80:2D:80:00:00:80:31:40:00:00:80:28:00:8C:79:C0:00:FF:FF:00:00:00:AB:10:45:46]
[53:48:DA:00:C8:05:22:00:00:80:48:40:00:00:80:46:40:00:00:80:03:80:00:00:80:4E:C0:00:00:80:59:C0:00:00:80:55:00:00:00:80:6C:C0:00:00:80:72:40:00:00:80:7A:00:00:00:80:83:80:00:00:80:7C:80:00:00:80:84:00:00:00:80:7E:80:00:00:80:7C:00:00:00:80:7D:C0:00:00:80:85:00:00:00:80:7D:C0:00:00:80:88:00:00:00:80:86:40:00:00:80:8D:80:8C:8F:80:00:FF:FF:00:00:00:AB:10:45:46]
[53:48:DA:00:C8:05:23:00:00:80:8C:80:00:00:80:88:40:00:00:80:81:C0:00:00:80:8B:00:00:00:80:7F:C0:00:00:80:83:80:00:00:80:8C:80:00:00:80:8E:40:00:00:80:8E:00:00:00:80:94:00:00:00:80:90:40:00:00:80:97:80:00:00:80:97:40:00:00:80:9C:40:00:00:80:99:00:00:00:80:98:40:00:00:80:9F:80:00:00:80:9E:00:00:00:80:A8:00:00:00:80:A9:40:8C:8A:40:00:FF:FF:00:00:00:AB:10:45:46]
[53:48:DA:00:C8:05:24:00:00:80:AB:00:00:00:80:6F:00:00:00:80:B4:80:00:00:80:AC:C0:00:00:80:BC:00:00:00:80:BF:40:00:00:80:C4:40:00:00:80:C6:40:00:00:80:C2:C0:00:00:80:BC:80:00:00:80:C1:40:00:00:80:C1:C0:00:00:80:C2:40:00:00:80:BD:40:00:00:80:C1:00:00:00:80:C3:80:00:00:80:C5:C0:00:00:80:C6:C0:00:00:80:CB:80:00:00:80:C9:C0:8C:9A:C0:00:FF:FF:00:00:00:AB:10:45:46]
[53:48:DA:00:C8:05:25:00:00:80:CE:80:00:00:80:CE:40:00:00:80:D2:C0:00:00:80:D1:00:00:00:80:D7:C0:00:00:80:D5:C0:00:00:80:D7:00:00:00:80:CE:00:00:00:80:D4:40:00:00:80:CC:C0:00:00:80:D2:00:00:00:80:D1:C0:00:00:80:D0:C0:00:00:80:D0:C0:00:00:80:D8:40:00:00:80:D8:80:00:00:80:D7:C0:00:00:80:DA:00:00:00:80:DA:00:00:00:80:D8:40:8C:99:C0:00:FF:FF:00:00:00:AB:10:45:46]
[53:48:DA:00:C8:05:26:00:00:80:A7:80:00:00:80:DC:00:00:00:80:DE:C0:00:00:80:E1:C0:00:00:80:DD:80:00:00:80:E1:C0:00:00:80:DF:80:00:00:80:DC:80:00:00:80:DA:80:00:00:80:D7:80:00:00:80:D8:00:00:00:80:D1:40:00:00:80:D2:00:00:00:80:D3:80:00:00:80:D4:40:00:00:80:D1:C0:00:00:80:CF:C0:00:00:80:D3:00:00:00:80:D4:40:00:00:80:D7:40:8C:7F:C0:00:FF:FF:00:00:00:AB:10:45:46]
[53:48:DA:00:C8:05:27:00:00:80:D0:C0:00:00:80:D3:80:00:00:80:D1:80:00:00:80:D0:00:00:00:80:CE:C0:00:00:80:CE:40:00:00:80:CF:C0:00:00:80:D3:00:00:00:80:CB:00:00:00:80:D1:00:00:00:80:CB:80:00:00:80:CB:00:00:00:80:C7:C0:00:00:80:C7:40:00:00:80:C6:40:00:00:80:BB:00:00:00:80:C5:80:00:00:80:C6:80:00:00:80:CC:80:00:00:80:C8:C0:8C:75:80:00:FF:FF:00:00:00:AB:10:45:46]
[53:48:DA:00:C8:05:28:00:00:80:CF:C0:00:00:80:CD:C0:00:00:80:C6:00:00:00:80:CE:C0:00:00:80:CC:40:00:00:80:CD:00:00:00:80:D0:00:00:00:80:CC:80:00:00:80:CB:40:00:00:80:D1:40:00:00:80:CD:40:00:00:80:CE:C0:00:00:80:D2:C0:00:00:80:D3:40:00:00:80:D4:40:00:00:80:D4:00:00:00:80:D5:00:00:00:80:D2:40:00:00:80:D5:80:00:00:80:C5:40:8C:8F:80:00:FF:FF:00:00:00:AB:10:45:46]
[53:48:DA:00:C8:05:29:00:00:80:CF:80:00:00:80:CE:40:00:00:80:D0:C0:00:00:80:D2:40:00:00:80:D5:40:00:00:80:D5:00:00:00:80:D5:40:00:00:80:D3:C0:00:00:80:D5:80:00:00:80:D7:00:00:00:80:D7:80:00:00:80:D2:00:00:00:80:D1:C0:00:00:80:D1:80:00:00:80:CC:80:00:00:80:CC:40:00:00:80:C5:40:00:00:80:C5:80:00:00:80:C7:C0:00:00:80:97:80:8C:94:C0:00:FF:FF:00:00:00:AB:10:45:46]
[53:48:DA:00:C8:05:2A:00:00:80:CC:80:00:00:80:CB:80:00:00:80:C3:40:00:00:80:CE:C0:00:00:80:CC:40:00:00:80:CD:C0:00:00:80:C6:80:00:00:80:D2:00:00:00:80:CF:40:00:00:80:D1:40:00:00:80:D1:80:00:00:80:CE:80:00:00:80:D0:00:00:00:80:CE:40:00:00:80:D1:00:00:00:80:D0:C0:00:00:80:CE:00:00:00:80:CF:00:00:00:80:CC:40:00:00:80:CA:80:8C:A4:40:00:FF:FF:00:00:00:AB:10:45:46]
[53:48:DA:00:C8:05:2B:00:00:80:C7:C0:00:00:80:C9:80:00:00:80:C7:40:00:00:80:CB:C0:00:00:80:C7:40:00:00:80:CC:00:00:00:80:CB:00:00:00:80:CE:C0:00:00:80:D1:C0:00:00:80:D3:80:00:00:80:D1:40:00:00:80:D3:40:00:00:80:D4:C0:00:00:80:D5:C0:00:00:80:D8:40:00:00:80:D6:00:00:00:80:D5:80:00:00:80:D7:00:00:00:80:7E:00:00:00:80:D5:80:8C:91:80:00:FF:FF:00:00:00:AB:10:45:46]
[53:48:DA:00:C8:05:2C:00:00:80:D2:C0:00:00:80:CC:80:00:00:80:CD:C0:00:00:80:CA:C0:00:00:80:CB:80:00:00:80:CB:00:00:00:80:CC:C0:00:00:80:D0:00:00:00:80:D0:40:00:00:80:CE:C0:00:00:80:C1:C0:00:00:80:CF:C0:00:00:80:D0:00:00:00:80:D2:80:00:00:80:D1:40:00:00:80:CE:40:00:00:80:D0:80:00:00:80:CC:80:00:00:80:CE:C0:00:00:80:CF:C0:8C:83:00:00:FF:FF:00:00:00:AB:10:45:46]
[53:48:DA:00:C8:05:2D:00:00:80:CC:C0:00:00:80:C8:00:00:00:80:CA:40:00:00:80:C8:40:00:00:80:C7:C0:00:00:80:C5:80:00:00:80:C6:00:00:00:80:C5:C0:00:00:80:C9:40:00:00:80:C4:00:00:00:80:C5:C0:00:00:80:C4:C0:00:00:80:C7:C0:00:00:80:C9:C0:00:00:80:C1:00:00:00:80:CB:40:00:00:80:CF:00:00:00:80:84:40:00:00:80:D1:C0:00:00:80:D6:40:8C:89:40:00:FF:FF:00:00:00:AB:10:45:46]
[53:48:DA:00:C8:05:2E:00:00:80:DD:C0:00:00:80:E3:40:00:00:80:E4:80:00:00:80:EA:00:00:00:80:F0:C0:00:00:80:FC:00:00:00:81:04:80:00:00:81:0B:C0:00:00:81:17:40:00:00:81:27:80:00:00:81:44:40:00:00:81:6B:40:00:00:81:9E:C0:00:00:81:E3:40:00:00:82:90:00:00:00:83:44:C0:00:00:84:FA:40:00:00:87:59:00:00:00:85:E8:80:00:00:89:47:40:8C:A7:40:00:FF:FF:00:00:00:AB:10:45:46]
[53:48:DA:00:C8:05:2F:00:00:92:E3:C0:00:00:94:14:40:00:00:93:F9:40:00:00:9E:B5:80:00:00:97:65:C0:00:00:9C:2D:40:00:00:91:C3:00:00:00:9C:0A:80:00:00:95:A8:80:00:00:9B:47:80:00:00:95:E6:40:00:00:8F:EB:00:00:00:8B:D3:80:00:00:93:9E:C0:00:00:92:94:C0:00:00:93:8C:C0:00:00:91:ED:C0:00:00:8F:4B:40:00:00:91:FB:80:00:00:8E:F7:40:8C:94:C0:00:FF:FF:00:00:00:AB:10:45:46]
[53:48:DA:00:C8:05:30:00:00:93:69:00:00:00:85:27:80:00:00:8C:BF:C0:00:00:8B:4F:C0:00:00:8C:F9:80:00:00:88:C8:80:00:00:8C:CA:00:00:00:89:C0:80:00:00:8F:E7:40:00:00:89:18:80:00:00:87:06:80:00:00:89:EE:00:00:00:87:BF:40:00:00:8B:15:40:00:00:84:52:C0:00:00:86:D5:80:00:00:8B:32:80:00:00:83:94:40:00:00:87:FD:40:00:00:87:5D:C0:8C:A6:40:00:FF:FF:00:00:00:AB:10:45:46]
[53:48:DA:00:C8:05:31:00:00:88:2D:40:00:00:83:F1:80:00:00:8B:74:C0:00:00:84:11:00:00:00:85:FF:40:00:00:86:53:40:00:00:84:AC:00:00:00:83:34:00:00:00:86:74:C0:00:00:86:4C:80:00:00:83:B7:C0:00:00:84:61:00:00:00:83:4A:40:00:00:86:86:80:00:00:85:4C:C0:00:00:86:0C:80:00:00:85:3A:C0:00:00:85:43:00:00:00:83:1F:40:00:00:83:40:40:8C:87:40:00:FF:FF:00:00:00:AB:10:45:46]
[53:48:DA:00:C8:05:32:00:00:83:67:80:00:00:82:18:00:00:00:83:EF:80:00:00:84:F5:40:00:00:85:62:C0:00:00:82:7C:40:00:00:82:1A:C0:00:00:81:08:80:00:00:82:AE:C0:00:00:82:51:00:00:00:82:38:C0:00:00:82:34:80:00:00:82:B0:00:00:00:81:8B:40:00:00:81:E4:80:00:00:81:EC:C0:00:00:82:7C:C0:00:00:81:D5:C0:00:00:82:5A:00:00:00:82:19:40:8C:84:00:00:FF:FF:00:00:00:AB:10:45:46]
[53:48:DA:00:C8:05:33:00:00:82:A6:00:00:00:82:FE:80:00:00:81:53:00:00:00:81:2D:80:00:00:81:49:00:00:00:81:70:00:00:00:81:AF:00:00:00:82:14:40:00:00:81:61:80:00:00:82:1E:80:00:00:81:B1:80:00:00:81:5C:40:00:00:82:2F:80:00:00:81:D6:80:00:00:81:3C:40:00:00:81:51:80:00:00:82:27:40:00:00:81:5D:40:00:00:81:5D:00:00:00:81:04:00:8C:8A:40:00:FF:FF:00:00:00:AB:10:45:46]
[53:48:DA:00:C8:05:34:00:00:81:5E:00:00:00:81:4E:C0:00:00:80:E3:C0:00:00:80:EF:40:00:00:80:E0:C0:00:00:80:E7:C0:00:00:81:27:80:00:00:80:FF:C0:00:00:81:0E:00:00:00:81:03:C0:00:00:80:E7:40:00:00:80:DE:00:00:00:80:F3:C0:00:00:80:FB:C0:00:00:80:DC:00:00:00:80:CE:C0:00:00:80:EB:00:00:00:80:EE:40:00:00:81:57:40:00:00:80:D5:00:8C:B0:C0:00:FF:FF:00:00:00:AB:10:45:46]
[53:48:DA:00:C8:05:35:00:00:80:E2:40:00:00:80:E4:C0:00:00:80:CE:40:00:00:80:D5:C0:00:00:80:E5:80:00:00:81:14:C0:00:00:80:CC:C0:00:00:80:D9:80:00:00:80:CD:40:00:00:80:BB:00:00:00:80:C2:C0:00:00:80:FA:C0:00:00:80:E4:C0:00:00:80:B9:00:00:00:80:DB:C0:00:00:80:D0:80:00:00:80:D4:C0:00:00:80:C0:40:00:00:80:BF:C0:00:00:80:D4:C0:8C:A1:00:00:FF:FF:00:00:00:AB:10:45:46]
[53:48:DA:00:C8:05:36:00:00:80:D5:C0:00:00:80:C9:80:00:00:80:DC:40:00:00:80:D9:00:00:00:80:DE:00:00:00:80:DB:80:00:00:80:DE:80:00:00:80:D4:80:00:00:80:D7:00:00:00:80:E7:00:00:00:80:EF:00:00:00:80:D6:80:00:00:80:D2:C0:00:00:80:ED:40:00:00:80:DA:00:00:00:80:D7:C0:00:00:80:D6:40:00:00:80:E2:80:00:00:80:E0:00:00:00:80:DE:40:8C:90:80:00:FF:FF:00:00:00:AB:10:45:46]
[53:48:DA:00:C8:05:37:00:00:80:D4:C0:00:00:80:DD:C0:00:00:80:E0:C0:00:00:80:E6:00:00:00:80:C6:C0:00:00:80:D9:80:00:00:80:F8:40:00:00:80:E1:80:00:00:80:C3:80:00:00:80:D5:00:00:00:80:D5:40:00:00:80:DB:40:00:00:80:D5:00:00:00:80:D7:C0:00:00:80:D6:40:00:00:80:D6:C0:00:00:80:D3:80:00:00:80:DC:40:00:00:80:D9:40:00:00:80:DC:40:8C:A4:40:00:FF:FF:00:00:00:AB:10:45:46]
[53:48:DA:00:C8:05:38:00:00:80:DC:80:00:00:80:D1:C0:00:00:80:D3:80:00:00:80:D8:00:00:00:80:DA:00:00:00:80:D6:40:00:00:80:D6:40:00:00:80:D5:40:00:00:80:CE:80:00:00:80:D7:00:00:00:80:DA:00:00:00:80:D7:80:00:00:80:D7:40:00:00:80:D7:00:00:00:80:D6:80:00:00:80:D4:80:00:00:80:DE:00:00:00:80:D5:00:00:00:80:D4:C0:00:00:80:D3:C0:8C:AA:80:00:FF:FF:00:00:00:AB:10:45:46]
[53:48:DA:00:C8:05:39:00:00:80:D3:40:00:00:80:D7:80:00:00:80:D5:40:00:00:80:D5:40:00:00:80:D1:C0:00:00:80:D1:00:00:00:80:D1:C0:00:00:80:D4:C0:00:00:80:D5:80:00:00:80:D8:00:00:00:80:DC:C0:00:00:80:DB:C0:00:00:80:D2:00:00:00:80:D9:C0:00:00:80:DA:40:00:00:80:DB:C0:00:00:80:DC:C0:00:00:80:DD:40:00:00:80:DC:40:00:00:80:DA:00:8C:84:00:00:FF:FF:00:00:00:AB:10:45:46]
[53:48:DA:00:C8:05:3A:00:00:80:DB:00:00:00:80:D7:80:00:00:80:D8:80:00:00:80:D8:00:00:00:80:D9:80:00:00:80:D7:C0:00:00:80:D7:C0:00:00:80:D8:C0:00:00:80:D9:C0:00:00:80:D5:C0:00:00:80:D5:00:00:00:80:EC:C0:00:00:80:D6:80:00:00:80:D4:80:00:00:80:D9:00:00:00:80:D1:40:00:00:80:C0:80:00:00:80:D6:40:00:00:80:DC:00:00:00:80:DF:80:8C:97:C0:00:FF:FF:00:00:00:AB:10:45:46]
[53:48:DA:00:C8:05:3B:00:00:80:D5:80:00:00:80:D8:C0:00:00:80:D3:00:00:00:80:D4:00:00:00:80:D6:40:00:00:80:D4:00:00:00:80:D8:C0:00:00:80:D4:80:00:00:80:D7:40:00:00:80:D4:00:00:00:80:D3:C0:00:00:80:D5:80:00:00:80:D9:00:00:00:80:D6:40:00:00:80:D6:00:00:00:80:D4:80:00:00:80:D5:00:00:00:80:D6:C0:00:00:80:D8:00:00:00:80:D2:80:8C:9D:00:00:FF:FF:00:00:00:AB:10:45:46]
[53:48:DA:00:C8:05:3C:00:00:80:D8:80:00:00:80:D6:C0:00:00:80:D0:40:00:00:80:D1:C0:00:00:80:D4:80:00:00:80:D5:00:00:00:80:D6:40:00:00:80:D5:80:00:00:80:D8:00:00:00:80:C9:00:00:00:80:D3:00:00:00:80:D5:40:00:00:80:D4:40:00:00:80:D8:00:00:00:80:D7:80:00:00:80:D7:80:00:00:80:D4:C0:00:00:80:D5:40:00:00:80:D5:80:00:00:80:D5:00:8C:9C:00:00:FF:FF:00:00:00:AB:10:45:46]
[53:48:DA:00:C8:05:3D:00:00:80:D2:80:00:00:80:D5:40:00:00:80:D6:C0:00:00:80:CA:C0:00:00:80:C7:C0:00:00:80:D2:C0:00:00:80:D2:00:00:00:80:D0:80:00:00:80:D2:C0:00:00:80:D0:80:00:00:80:D2:40:00:00:80:D1:40:00:00:80:D4:00:00:00:80:D3:00:00:00:80:D4:80:00:00:80:D5:80:00:00:80:D4:80:00:00:80:D0:80:00:00:80:D0:80:00:00:80:D3:40:8C:9E:00:00:FF:FF:00:00:00:AB:10:45:46]
[53:48:DA:00:C8:05:3E:00:00:80:D1:40:00:00:80:D0:C0:00:00:80:D3:C0:00:00:80:D0:80:00:00:80:D3:40:00:00:80:D1:40:00:00:80:D4:C0:00:00:80:CD:C0:00:00:80:BF:00:00:00:80:D1:40:00:00:80:D3:80:00:00:80:D3:80:00:00:80:D1:C0:00:00:80:D1:40:00:00:80:D4:80:00:00:80:CE:C0:00:00:80:D1:00:00:00:80:D1:C0:00:00:80:D5:40:00:00:80:D1:40:8C:87:40:00:FF:FF:00:00:00:AB:10:45:46]
[53:48:DA:00:C8:05:3F:00:00:80:D2:80:00:00:80:D6:00:00:00:80:D3:C0:00:00:80:D2:40:00:00:80:D3:00:00:00:80:D3:40:00:00:80:D4:00:00:00:80:D5:C0:00:00:80:D2:40:00:00:80:D1:80:00:00:80:CC:00:00:00:80:BE:C0:00:00:80:D3:00:00:00:80:D1:C0:00:00:80:D5:80:00:00:80:D4:C0:00:00:80:D0:C0:00:00:80:D4:C0:00:00:80:D0:80:00:00:80:D5:40:8C:89:40:00:FF:FF:00:00:00:AB:10:45:46]
[53:48:DA:00:C8:05:40:00:00:80:D2:40:00:00:80:D3:80:00:00:80:D3:80:00:00:80:D2:80:00:00:80:CF:C0:00:00:80:D4:C0:00:00:80:D4:C0:00:00:80:BF:80:00:00:80:D6:C0:00:00:80:D5:40:00:00:80:D3:C0:00:00:80:D4:C0:00:00:80:D6:00:00:00:80:D3:C0:00:00:80:D1:00:00:00:80:C1:80:00:00:80:D0:80:00:00:80:D1:80:00:00:80:D4:80:00:00:80:D2:80:8C:82:00:00:FF:FF:00:00:00:AB:10:45:46]
[53:48:DA:00:C8:05:41:00:00:80:D0:80:00:00:80:CF:C0:00:00:80:CF:C0:00:00:80:D2:00:00:00:80:CE:80:00:00:80:D0:40:00:00:80:D0:C0:00:00:80:CE:C0:00:00:80:CF:C0:00:00:80:CE:80:00:00:80:CE:00:00:00:80:D0:00:00:00:80:D0:80:00:00:80:D2:C0:00:00:80:D4:80:00:00:80:D3:80:00:00:80:D2:C0:00:00:80:D2:40:00:00:80:D6:80:00:00:80:C9:40:8C:A8:40:00:FF:FF:00:00:00:AB:10:45:46]
[53:48:DA:00:C8:05:42:00:00:80:D5:00:00:00:80:D5:80:00:00:80:D2:40:00:00:80:D6:00:00:00:80:D5:40:00:00:80:D5:00:00:00:80:BC:80:00:00:80:D3:40:00:00:80:D7:40:00:00:80:D2:40:00:00:80:D5:80:00:00:80:D1:40:00:00:80:D4:00:00:00:80:D6:40:00:00:80:D1:C0:00:00:80:D1:80:00:00:80:D3:00:00:00:80:D3:C0:00:00:80:D3:40:00:00:80:D2:C0:8C:94:C0:00:FF:FF:00:00:00:AB:10:45:46]
[53:48:DA:00:C8:05:43:00:00:80:D2:00:00:00:80:D3:80:00:00:80:CA:C0:00:00:80:CF:40:00:00:80:D0:C0:00:00:80:D0:40:00:00:80:CF:00:00:00:80:D1:C0:00:00:80:CD:80:00:00:80:CF:C0:00:00:80:D0:40:00:00:80:D1:40:00:00:80:D4:40:00:00:80:D5:40:00:00:80:D4:40:00:00:80:D1:00:00:00:80:D4:00:00:00:80:D4:00:00:00:80:D3:40:00:00:80:D6:40:8C:AF:C0:00:FF:FF:00:00:00:AB:10:45:46]
[53:48:DA:00:C8:05:44:00:00:80:D0:40:00:00:80:D0:C0:00:00:80:D1:40:00:00:80:D4:C0:00:00:80:D5:40:00:00:80:BF:40:00:00:80:BF:40:00:00:80:D1:80:00:00:80:D6:80:00:00:80:D3:C0:00:00:80:D2:80:00:00:80:D7:00:00:00:80:D2:80:00:00:80:CE:C0:00:00:80:D1:80:00:00:80:D2:80:00:00:80:CF:C0:00:00:80:CE:00:00:00:80:D2:80:00:00:80:CF:00:8C:A9:80:00:FF:FF:00:00:00:AB:10:45:46]
[53:48:DA:00:C8:05:45:00:00:80:D3:80:00:00:80:CF:80:00:00:80:D0:40:00:00:80:CF:C0:00:00:80:D5:C0:00:00:80:CD:80:00:00:80:D3:80:00:00:80:D5:40:00:00:80:D0:40:00:00:80:D2:C0:00:00:80:D3:80:00:00:80:D4:00:00:00:80:D3:80:00:00:80:CF:80:00:00:80:C7:00:00:00:80:D0:80:00:00:80:D0:40:00:00:80:CF:80:00:00:80:D0:80:00:00:80:D0:80:8C:A7:40:00:FF:FF:00:00:00:AB:10:45:46]
[53:48:DA:00:C8:05:46:00:00:80:CF:80:00:00:80:CF:80:00:00:80:CC:80:00:00:80:C9:40:00:00:80:BB:80:00:00:80:CA:C0:00:00:80:C5:00:00:00:80:C2:00:00:00:80:C2:40:00:00:80:BA:80:00:00:80:B3:80:00:00:80:A9:00:00:00:80:97:80:00:00:80:7F:80:00:00:80:51:80:00:00:80:2D:40:00:00:7F:F1:C0:00:00:7F:A6:40:00:00:7F:46:C0:00:00:7E:CD:40:8C:AB:80:00:FF:FF:00:00:00:AB:10:45:46]
[53:48:DA:00:C8:05:47:00:00:7D:6D:40:00:00:7C:BC:00:00:00:7B:FA:40:00:00:7B:9F:C0:00:00:7B:0F:00:00:00:7A:1C:00:00:00:79:DF:40:00:00:79:54:40:00:00:79:27:C0:00:00:78:AA:80:00:00:78:38:C0:00:00:77:E2:80:00:00:77:B4:40:00:00:77:1E:C0:00:00:77:1B:C0:00:00:76:AA:00:00:00:76:A2:C0:00:00:76:7C:00:00:00:76:9F:80:00:00:76:9C:00:8C:B2:C0:00:FF:FF:00:00:00:AB:10:45:46]
[53:48:DA:00:C8:05:48:00:00:76:A1:00:00:00:76:CA:C0:00:00:76:6C:C0:00:00:76:88:40:00:00:77:0A:C0:00:00:76:DF:40:00:00:76:A3:80:00:00:76:C4:00:00:00:76:BD:00:00:00:76:C4:00:00:00:77:7D:80:00:00:77:03:80:00:00:76:FE:00:00:00:76:FB:40:00:00:77:36:00:00:00:77:1B:C0:00:00:77:17:40:00:00:77:0E:00:00:00:77:50:00:00:00:77:77:40:8C:A5:40:00:FF:FF:00:00:00:AB:10:45:46]
[53:48:DA:00:C8:05:49:00:00:77:29:00:00:00:77:71:00:00:00:77:99:80:00:00:77:CD:C0:00:00:77:E9:40:00:00:78:21:40:00:00:78:3C:C0:00:00:78:2C:00:00:00:78:38:C0:00:00:78:65:00:00:00:78:9A:80:00:00:77:DD:C0:00:00:78:9C:40:00:00:78:89:40:00:00:78:45:40:00:00:78:5C:40:00:00:78:EA:C0:00:00:79:10:C0:00:00:79:5D:C0:00:00:79:51:40:8C:A5:40:00:FF:FF:00:00:00:AB:10:45:46]
[53:48:DA:00:C8:05:4A:00:00:79:CF:80:00:00:7A:1A:C0:00:00:7A:02:00:00:00:7A:93:40:00:00:7A:94:C0:00:00:7A:B2:40:00:00:7A:E2:00:00:00:7A:D1:C0:00:00:7A:F6:C0:00:00:7B:29:40:00:00:7B:88:80:00:00:7B:7B:80:00:00:7B:9D:C0:00:00:7B:AB:C0:00:00:7B:B0:C0:00:00:7B:D8:80:00:00:7C:03:80:00:00:7C:01:C0:00:00:7C:30:40:00:00:7C:4F:C0:8C:B7:00:00:FF:FF:00:00:00:AB:10:45:46]
[53:48:DA:00:C8:05:4B:00:00:7C:8D:40:00:00:7C:E4:00:00:00:7C:F4:40:00:00:7D:3B:40:00:00:7D:24:80:00:00:7D:51:40:00:00:7D:95:80:00:00:7D:B6:C0:00:00:7D:93:C0:00:00:7D:D4:00:00:00:7D:DF:00:00:00:7E:1E:00:00:00:7E:21:C0:00:00:7D:EC:80:00:00:7E:37:00:00:00:7E:69:00:00:00:7E:84:00:00:00:7E:CE:80:00:00:7E:CD:80:00:00:7E:C1:00:8C:93:80:00:FF:FF:00:00:00:AB:10:45:46]
[53:48:DA:00:C8:05:4C:00:00:7F:05:00:00:00:7E:5B:80:00:00:7F:14:80:00:00:7F:1F:C0:00:00:7F:46:00:00:00:7F:15:80:00:00:7F:13:00:00:00:7F:2E:C0:00:00:7F:28:80:00:00:7F:4B:C0:00:00:7F:44:C0:00:00:7F:57:C0:00:00:7F:71:40:00:00:7F:6F:80:00:00:7F:9B:40:00:00:7F:B7:00:00:00:7F:B6:00:00:00:7F:D7:C0:00:00:7F:EF:C0:00:00:7F:ED:00:8C:C3:40:00:FF:FF:00:00:00:AB:10:45:46]
[53:48:DA:00:C8:05:4D:00:00:80:11:C0:00:00:80:16:40:00:00:80:12:C0:00:00:80:0E:40:00:00:80:12:C0:00:00:7F:F9:40:00:00:7F:DD:40:00:00:80:1A:00:00:00:80:2E:80:00:00:80:38:40:00:00:80:48:C0:00:00:80:3F:C0:00:00:80:39:80:00:00:80:45:40:00:00:80:55:80:00:00:80:55:C0:00:00:80:55:C0:00:00:80:44:C0:00:00:80:6F:80:00:00:80:71:00:8C:B1:C0:00:FF:FF:00:00:00:AB:10:45:46]
[53:48:DA:00:C8:05:4E:00:00:7F:C9:40:00:00:80:73:00:00:00:80:71:00:00:00:80:72:00:00:00:80:76:40:00:00:80:76:C0:00:00:80:7E:80:00:00:80:88:C0:00:00:80:85:C0:00:00:80:92:00:00:00:80:96:80:00:00:80:9F:40:00:00:80:9F:C0:00:00:80:A4:C0:00:00:80:A8:80:00:00:80:AC:40:00:00:80:97:80:00:00:80:A8:40:00:00:80:B6:40:00:00:80:C1:80:8C:B9:00:00:FF:FF:00:00:00:AB:10:45:46]
[53:48:DA:00:C8:05:4F:00:00:80:BF:00:00:00:80:D4:C0:00:00:80:E1:00:00:00:80:E0:C0:00:00:80:DD:80:00:00:80:E2:40:00:00:80:DE:00:00:00:80:DC:40:00:00:80:D4:00:00:00:80:D4:80:00:00:80:D1:80:00:00:80:CD:C0:00:00:80:C8:C0:00:00:80:C5:80:00:00:80:CA:80:00:00:80:CA:00:00:00:80:CE:40:00:00:80:C5:40:00:00:80:CA:00:00:00:80:D0:C0:8C:9E:00:00:FF:FF:00:00:00:AB:10:45:46]
[53:48:DA:00:C8:05:05:00:00:80:CF:C0:00:00:80:CF:00:00:00:80:D3:C0:00:00:80:D1:80:00:00:80:D0:C0:00:00:80:CF:40:00:00:80:D1:C0:00:00:80:D0:00:00:00:80:D1:80:00:00:80:D5:40:00:00:80:D2:00:00:00:80:D1:80:00:00:80:D1:40:00:00:80:CD:40:00:00:80:D0:40:00:00:80:D3:00:00:00:80:CE:40:00:00:80:CF:40:00:00:80:CF:40:00:00:80:CF:C0:8D:04:C0:00:FF:FF:00:00:00:AB:10:45:46]
[53:48:DA:00:C8:05:06:00:00:80:CC:C0:00:00:80:CF:40:00:00:80:D1:80:00:00:80:CF:80:00:00:80:D1:00:00:00:80:D2:40:00:00:80:CE:C0:00:00:80:D3:80:00:00:80:CD:40:00:00:80:D4:00:00:00:80:D3:40:00:00:80:CE:40:00:00:80:D0:80:00:00:80:CF:40:00:00:80:CF:80:00:00:80:D2:40:00:00:80:CE:00:00:00:80:D0:80:00:00:80:D4:40:00:00:80:D2:80:8D:15:80:00:FF:FF:00:00:00:AB:10:45:46]
[53:48:DA:00:C8:05:07:00:00:80:D1:00:00:00:80:D1:00:00:00:80:CE:C0:00:00:80:D2:40:00:00:80:D1:80:00:00:80:D1:00:00:00:80:D2:40:00:00:80:D1:00:00:00:80:D0:C0:00:00:80:D0:40:00:00:80:D1:80:00:00:80:D0:80:00:00:80:D2:80:00:00:80:CF:C0:00:00:80:D1:C0:00:00:80:CD:C0:00:00:80:D3:00:00:00:80:D0:80:00:00:80:D4:80:00:00:80:D2:00:8C:FA:80:00:FF:FF:00:00:00:AB:10:45:46]
[53:48:DA:00:C8:05:08:00:00:80:D2:80:00:00:80:D0:80:00:00:80:D1:40:00:00:80:D3:C0:00:00:80:CF:00:00:00:80:D1:00:00:00:80:D4:40:00:00:80:CE:C0:00:00:80:D0:00:00:00:80:D4:C0:00:00:80:CF:40:00:00:80:CF:C0:00:00:80:CE:C0:00:00:80:D0:00:00:00:80:D3:C0:00:00:80:D0:C0:00:00:80:D2:00:00:00:80:D4:00:00:00:80:D3:40:00:00:80:D1:80:8C:F8:40:00:FF:FF:00:00:00:AB:10:45:46]
[53:48:DA:00:C8:05:09:00:00:80:CB:80:00:00:80:D3:80:00:00:80:D0:40:00:00:80:D0:80:00:00:80:CE:C0:00:00:80:D2:00:00:00:80:D0:40:00:00:80:CE:C0:00:00:80:D1:80:00:00:80:D0:40:00:00:80:D0:C0:00:00:80:D4:80:00:00:80:CF:00:00:00:80:D4:40:00:00:80:D1:40:00:00:80:D1:C0:00:00:80:D0:40:00:00:80:CF:00:00:00:80:D2:40:00:00:80:CE:00:8C:FE:80:00:FF:FF:00:00:00:AB:10:45:46]
[53:48:DA:00:C8:05:0A:00:00:80:CC:00:00:00:80:D2:80:00:00:80:D2:80:00:00:80:D0:40:00:00:80:D4:00:00:00:80:CF:C0:00:00:80:D2:C0:00:00:80:D0:40:00:00:80:D0:80:00:00:80:D0:C0:00:00:80:D0:C0:00:00:80:D1:40:00:00:80:D3:C0:00:00:80:CE:C0:00:00:80:CE:C0:00:00:80:D0:80:00:00:80:D1:C0:00:00:80:D1:C0:00:00:80:CD:C0:00:00:80:CF:40:8D:15:80:00:FF:FF:00:00:00:AB:10:45:46]
[53:48:DA:00:C8:05:0B:00:00:80:D2:00:00:00:80:D4:40:00:00:80:D3:00:00:00:80:D1:00:00:00:80:D4:40:00:00:80:D3:40:00:00:80:D1:80:00:00:80:D2:00:00:00:80:D0:00:00:00:80:CF:C0:00:00:80:D0:00:00:00:80:CF:40:00:00:80:D0:80:00:00:80:D0:80:00:00:80:D3:C0:00:00:80:CF:80:00:00:80:CE:80:00:00:80:D2:00:00:00:80:CB:C0:00:00:80:D3:00:8D:17:80:00:FF:FF:00:00:00:AB:10:45:46]
[53:48:DA:00:C8:05:0C:00:00:80:D0:80:00:00:80:D1:C0:00:00:80:D0:00:00:00:80:CF:40:00:00:80:D0:C0:00:00:80:D1:00:00:00:80:CF:C0:00:00:80:D1:80:00:00:80:D1:40:00:00:80:D3:C0:00:00:80:CD:80:00:00:80:D3:40:00:00:80:D3:C0:00:00:80:CF:40:00:00:80:CF:80:00:00:80:D1:80:00:00:80:D2:80:00:00:80:D2:80:00:00:80:CE:C0:00:00:80:D1:00:8C:FD:80:00:FF:FF:00:00:00:AB:10:45:46]
[53:48:DA:00:C8:05:0D:00:00:80:D0:40:00:00:80:D2:00:00:00:80:CF:40:00:00:80:D2:00:00:00:80:D2:40:00:00:80:CF:C0:00:00:80:CF:40:00:00:80:D1:40:00:00:80:D1:40:00:00:80:D1:00:00:00:80:CF:C0:00:00:80:D2:80:00:00:80:CA:C0:00:00:80:D2:80:00:00:80:D0:80:00:00:80:D0:C0:00:00:80:CE:40:00:00:80:CE:80:00:00:80:D0:40:00:00:80:D3:C0:8D:2E:40:00:FF:FF:00:00:00:AB:10:45:46]
[53:48:DA:00:C8:05:0E:00:00:80:D1:C0:00:00:80:CF:80:00:00:80:CE:40:00:00:80:CA:00:00:00:80:CF:00:00:00:80:D3:80:00:00:80:D1:00:00:00:80:D3:C0:00:00:80:D7:40:00:00:80:D4:00:00:00:80:D2:40:00:00:80:CF:40:00:00:80:D2:40:00:00:80:D0:80:00:00:80:D1:C0:00:00:80:CE:C0:00:00:80:D2:00:00:00:80:D3:00:00:00:80:D3:40:00:00:80:D1:40:8D:2F:40:00:FF:FF:00:00:00:AB:10:45:46]
[53:48:DA:00:C8:05:0F:00:00:80:D2:80:00:00:80:D4:00:00:00:80:D2:00:00:00:80:D3:40:00:00:80:D2:40:00:00:80:D2:80:00:00:80:CE:40:00:00:80:D1:80:00:00:80:D3:40:00:00:80:D1:80:00:00:80:D2:80:00:00:80:D3:40:00:00:80:D1:C0:00:00:80:D2:C0:00:00:80:D2:C0:00:00:80:D2:40:00:00:80:D0:00:00:00:80:CF:80:00:00:80:CE:40:00:00:80:D1:00:8D:1B:80:00:FF:FF:00:00:00:AB:10:45:46]
[53:48:DA:00:C8:05:10:00:00:80:D0:C0:00:00:80:D2:80:00:00:80:D5:00:00:00:80:D3:00:00:00:80:D5:80:00:00:80:D3:C0:00:00:80:D0:80:00:00:80:DD:C0:00:00:80:D0:00:00:00:80:D0:40:00:00:80:CF:00:00:00:80:CC:00:00:00:80:D3:40:00:00:80:CD:40:00:00:80:D1:00:00:00:80:D0:C0:00:00:80:CF:80:00:00:80:D0:40:00:00:80:D2:00:00:00:80:D1:00:8D:30:80:00:FF:FF:00:00:00:AB:10:45:46]
[53:48:DA:00:C8:05:11:00:00:80:D5:00:00:00:80:D2:C0:00:00:80:D4:40:00:00:80:D0:00:00:00:80:D1:40:00:00:80:D0:80:00:00:80:D2:00:00:00:80:D3:40:00:00:80:D0:C0:00:00:80:D1:80:00:00:80:D1:C0:00:00:80:D1:80:00:00:80:D4:40:00:00:80:D3:C0:00:00:80:C4:C0:00:00:80:CD:00:00:00:80:D0:80:00:00:80:D3:80:00:00:80:D2:80:00:00:80:D1:40:8D:3E:00:00:FF:FF:00:00:00:AB:10:45:46]
[53:48:DA:00:C8:05:12:00:00:80:D3:80:00:00:80:D4:80:00:00:80:D2:40:00:00:80:D2:00:00:00:80:CF:00:00:00:80:D2:80:00:00:80:E5:80:00:00:80:CE:80:00:00:80:D1:80:00:00:80:D0:C0:00:00:80:D2:C0:00:00:80:D3:C0:00:00:80:D3:C0:00:00:80:D1:00:00:00:80:D3:C0:00:00:80:D3:00:00:00:80:CF:00:00:00:80:D1:C0:00:00:80:C9:00:00:00:80:D4:00:8D:15:80:00:FF:FF:00:00:00:AB:10:45:46]
[53:48:DA:00:C8:05:13:00:00:80:D0:40:00:00:80:D1:80:00:00:80:D4:00:00:00:80:D4:40:00:00:80:D3:80:00:00:80:D1:C0:00:00:80:D2:00:00:00:80:D1:40:00:00:80:CF:C0:00:00:80:D3:80:00:00:80:D3:40:00:00:80:D1:40:00:00:80:D1:00:00:00:80:D0:C0:00:00:80:CF:40:00:00:80:D3:00:00:00:80:D2:C0:00:00:80:D2:80:00:00:80:D1:00:00:00:80:D1:80:8D:1E:C0:00:FF:FF:00:00:00:AB:10:45:46]
[53:48:DA:00:C8:05:14:00:00:80:D3:00:00:00:80:C3:80:00:00:80:D2:C0:00:00:80:D2:00:00:00:80:D0:80:00:00:80:F9:00:00:00:80:D0:80:00:00:80:D2:40:00:00:80:D1:C0:00:00:80:D4:40:00:00:80:D1:C0:00:00:80:D2:C0:00:00:80:D2:40:00:00:80:CF:80:00:00:80:D1:40:00:00:80:D1:C0:00:00:80:D1:40:00:00:80:D1:00:00:00:80:D2:40:00:00:80:D4:80:8D:23:00:00:FF:FF:00:00:00:AB:10:45:46]
[53:48:DA:00:C8:05:15:00:00:80:CD:80:00:00:80:CF:80:00:00:80:D3:80:00:00:80:D2:40:00:00:80:D0:80:00:00:80:CE:00:00:00:80:D1:00:00:00:80:D0:00:00:00:80:D0:40:00:00:80:D7:C0:00:00:80:D0:C0:00:00:80:D1:C0:00:00:80:D2:40:00:00:80:D0:00:00:00:80:D0:C0:00:00:80:D1:00:00:00:80:D0:40:00:00:80:D3:00:00:00:80:D1:C0:00:00:80:CF:40:8D:34:80:00:FF:FF:00:00:00:AB:10:45:46]
[53:48:DA:00:C8:05:16:00:00:80:D2:00:00:00:80:CF:C0:00:00:80:D0:40:00:00:80:D3:80:00:00:80:CD:40:00:00:80:D2:C0:00:00:80:D2:00:00:00:80:D2:00:00:00:80:D2:C0:00:00:80:CE:00:00:00:80:D2:80:00:00:80:D1:00:00:00:80:CD:00:00:00:80:CF:80:00:00:80:D4:00:00:00:80:D0:40:00:00:80:D1:C0:00:00:80:D0:C0:00:00:80:D1:80:00:00:80:D3:C0:8D:26:00:00:FF:FF:00:00:00:AB:10:45:46]
[53:48:DA:00:C8:05:17:00:00:80:D4:00:00:00:80:D1:40:00:00:80:D2:80:00:00:80:D1:00:00:00:80:D1:40:00:00:80:CD:40:00:00:80:D0:40:00:00:80:D2:C0:00:00:80:D3:40:00:00:80:D0:00:00:00:80:D0:C0:00:00:80:CF:40:00:00:80:CF:C0:00:00:80:CE:C0:00:00:80:D2:00:00:00:80:CF:C0:00:00:80:D1:C0:00:00:80:CF:80:00:00:80:CF:C0:00:00:80:D0:C0:8D:1D:C0:00:FF:FF:00:00:00:AB:10:45:46]
[53:48:DA:00:C8:05:18:00:00:80:D1:80:00:00:80:D2:80:00:00:80:D5:00:00:00:80:BA:00:00:00:80:D3:80:00:00:80:CD:40:00:00:80:CF:00:00:00:80:D4:40:00:00:80:D3:40:00:00:80:D0:80:00:00:80:D2:C0:00:00:80:CE:80:00:00:80:CE:80:00:00:80:D6:40:00:00:80:D0:C0:00:00:80:D1:40:00:00:80:D2:00:00:00:80:D3:40:00:00:80:D0:C0:00:00:80:D3:C0:8D:1A:80:00:FF:FF:00:00:00:AB:10:45:46]
[53:48:DA:00:C8:05:19:00:00:80:D3:40:00:00:80:D4:00:00:00:80:D2:40:00:00:80:D2:00:00:00:80:D2:C0:00:00:80:D3:80:00:00:80:D3:80:00:00:80:D2:80:00:00:80:D4:00:00:00:80:D2:00:00:00:80:D0:C0:00:00:80:D1:00:00:00:80:D3:00:00:00:80:D0:00:00:00:80:D2:C0:00:00:80:D1:C0:00:00:80:D0:40:00:00:80:D1:00:00:00:80:CF:80:00:00:80:D3:C0:8D:3A:C0:00:FF:FF:00:00:00:AB:10:45:46]
[53:48:DA:00:C8:05:1A:00:00:80:C5:40:00:00:80:D0:00:00:00:80:A6:40:00:00:80:D0:40:00:00:80:D3:00:00:00:80:D3:40:00:00:80:D1:C0:00:00:80:D3:C0:00:00:80:D1:80:00:00:80:D0:00:00:00:80:D0:80:00:00:80:D0:80:00:00:80:D3:C0:00:00:80:CE:00:00:00:80:D1:00:00:00:80:D1:80:00:00:80:D0:C0:00:00:80:D5:40:00:00:80:D0:40:00:00:80:D3:C0:8D:2C:40:00:FF:FF:00:00:00:AB:10:45:46]
[53:48:DA:00:C8:05:1B:00:00:80:D0:C0:00:00:80:D6:40:00:00:80:D2:00:00:00:80:D4:80:00:00:80:C5:00:00:00:80:D2:C0:00:00:80:D4:C0:00:00:80:D2:C0:00:00:80:D3:80:00:00:80:D1:00:00:00:80:CE:80:00:00:80:D2:00:00:00:80:D2:40:00:00:80:D1:40:00:00:80:D2:40:00:00:80:D3:80:00:00:80:D1:80:00:00:80:CF:00:00:00:80:D2:80:00:00:80:D2:80:8D:34:80:00:FF:FF:00:00:00:AB:10:45:46]
[53:48:DA:00:C8:05:1C:00:00:80:D1:80:00:00:80:79:C0:00:00:80:CD:00:00:00:80:D2:00:00:00:80:D2:C0:00:00:80:D1:00:00:00:80:D0:40:00:00:80:D2:00:00:00:80:CE:80:00:00:80:CE:40:00:00:80:CC:00:00:00:80:CF:C0:00:00:80:D0:40:00:00:80:D1:C0:00:00:80:CE:80:00:00:80:D3:00:00:00:80:D1:00:00:00:80:D1:C0:00:00:80:D2:40:00:00:80:D0:40:8D:40:00:00:FF:FF:00:00:00:AB:10:45:46]
[53:48:DA:00:C8:05:1D:00:00:80:CC:40:00:00:80:D4:40:00:00:80:CD:C0:00:00:80:D2:40:00:00:80:CE:00:00:00:80:CE:80:00:00:80:D1:00:00:00:80:D1:00:00:00:80:D0:80:00:00:80:C8:C0:00:00:80:CB:00:00:00:80:CB:C0:00:00:80:C5:80:00:00:80:C4:C0:00:00:80:C3:40:00:00:80:B4:C0:00:00:80:AF:80:00:00:80:A4:80:00:00:80:94:C0:00:00:80:7B:00:8D:29:00:00:FF:FF:00:00:00:AB:10:45:46]
[53:48:DA:00:C8:05:1E:00:00:7F:C9:80:00:00:7F:F0:40:00:00:7F:A3:40:00:00:7F:52:40:00:00:7E:D9:00:00:00:7E:1C:40:00:00:7D:67:C0:00:00:7D:19:80:00:00:7C:2A:00:00:00:7B:FD:40:00:00:7B:78:40:00:00:7B:0B:80:00:00:7A:E3:C0:00:00:7A:5C:80:00:00:7A:10:C0:00:00:79:A5:40:00:00:79:4F:40:00:00:79:02:00:00:00:78:C8:80:00:00:78:82:40:8D:26:00:00:FF:FF:00:00:00:AB:10:45:46]
[53:48:DA:00:C8:05:1F:00:00:77:F2:C0:00:00:77:AA:40:00:00:77:A3:80:00:00:77:15:00:00:00:76:CB:00:00:00:76:DB:C0:00:00:76:BB:40:00:00:76:D9:C0:00:00:76:3D:C0:00:00:76:19:40:00:00:76:38:00:00:00:76:07:C0:00:00:75:78:80:00:00:75:64:40:00:00:75:4A:00:00:00:75:A9:C0:00:00:75:37:40:00:00:75:75:80:00:00:74:C9:40:00:00:74:FE:80:8D:3C:C0:00:FF:FF:00:00:00:AB:10:45:46]
[53:48:DA:00:C8:05:20:00:00:75:24:C0:00:00:74:C7:40:00:00:75:32:40:00:00:74:D9:C0:00:00:75:7A:80:00:00:75:6C:40:00:00:75:CC:80:00:00:76:33:00:00:00:76:71:40:00:00:76:66:80:00:00:76:32:00:00:00:76:D2:40:00:00:77:1B:40:00:00:77:1D:40:00:00:77:34:00:00:00:77:1C:40:00:00:77:CA:C0:00:00:77:23:40:00:00:77:48:C0:00:00:77:49:40:8D:1A:80:00:FF:FF:00:00:00:AB:10:45:46]
[53:48:DA:00:C8:05:21:00:00:78:29:40:00:00:79:0A:40:00:00:78:9E:80:00:00:78:DA:C0:00:00:79:09:80:00:00:79:5C:00:00:00:79:08:80:00:00:79:B2:40:00:00:79:39:C0:00:00:79:AF:80:00:00:79:7B:80:00:00:79:D1:40:00:00:79:BB:80:00:00:7A:51:80:00:00:7A:48:C0:00:00:7A:6C:00:00:00:7A:92:00:00:00:7A:FB:00:00:00:7A:CA:00:00:00:7A:B4:C0:8D:3F:00:00:FF:FF:00:00:00:AB:10:45:46]
[53:48:DA:00:C8:05:22:00:00:7B:5C:C0:00:00:7B:BC:C0:00:00:7B:D8:40:00:00:7C:22:80:00:00:7C:31:80:00:00:7C:73:00:00:00:7C:D1:00:00:00:7C:EF:80:00:00:7D:32:40:00:00:7D:73:80:00:00:7D:98:C0:00:00:7D:C8:C0:00:00:7D:FD:C0:00:00:7E:2F:C0:00:00:7E:4E:40:00:00:7E:92:40:00:00:7E:B2:C0:00:00:7E:B9:C0:00:00:7E:E6:80:00:00:7E:F5:00:8D:35:80:00:FF:FF:00:00:00:AB:10:45:46]
[53:48:DA:00:C8:05:23:00:00:7F:20:80:00:00:7F:50:40:00:00:7F:55:00:00:00:7F:60:80:00:00:7F:8E:00:00:00:7F:B1:C0:00:00:7F:CD:40:00:00:7F:E7:00:00:00:80:08:00:00:00:80:12:40:00:00:80:22:C0:00:00:80:21:00:00:00:80:2A:80:00:00:80:3E:40:00:00:80:35:00:00:00:80:3E:C0:00:00:80:56:00:00:00:80:68:00:00:00:7F:FF:00:00:00:80:78:40:8D:37:C0:00:FF:FF:00:00:00:AB:10:45:46]
[53:48:DA:00:C8:05:24:00:00:80:9B:80:00:00:80:9B:00:00:00:80:A0:00:00:00:80:A4:80:00:00:80:AA:80:00:00:80:AD:00:00:00:80:AE:C0:00:00:80:A9:C0:00:00:80:AC:80:00:00:80:AB:40:00:00:80:B5:80:00:00:80:B7:00:00:00:80:C5:80:00:00:80:C8:C0:00:00:80:CD:C0:00:00:80:CD:80:00:00:80:D5:40:00:00:80:D5:80:00:00:80:DB:00:00:00:80:D3:40:8D:4F:80:00:FF:FF:00:00:00:AB:10:45:46]
[53:48:DA:00:C8:05:25:00:00:80:D1:C0:00:00:80:CE:00:00:00:80:CC:40:00:00:80:CD:40:00:00:80:C9:00:00:00:80:CA:00:00:00:80:CA:C0:00:00:80:CD:40:00:00:80:D1:C0:00:00:80:D4:C0:00:00:80:DD:80:00:00:80:E1:00:00:00:80:E4:80:00:00:80:E5:C0:00:00:80:E5:40:00:00:80:E1:00:00:00:80:DB:80:00:00:80:D1:80:00:00:80:D5:00:00:00:80:C1:80:8D:3A:C0:00:FF:FF:00:00:00:AB:10:45:46]
[53:48:DA:00:C8:05:26:00:00:80:CA:80:00:00:80:CA:40:00:00:80:C7:80:00:00:80:CA:80:00:00:80:CA:C0:00:00:80:CB:C0:00:00:80:CC:00:00:00:80:CE:40:00:00:80:CD:40:00:00:80:CF:C0:00:00:80:CF:40:00:00:80:D1:40:00:00:80:D4:C0:00:00:80:D4:C0:00:00:80:D7:40:00:00:80:D7:80:00:00:80:D9:00:00:00:80:D9:00:00:00:80:D6:C0:00:00:80:D6:80:8D:3F:00:00:FF:FF:00:00:00:AB:10:45:46]
[53:48:DA:00:C8:05:27:00:00:80:D1:40:00:00:80:D6:C0:00:00:80:C9:00:00:00:80:D5:40:00:00:80:D3:80:00:00:80:D0:C0:00:00:80:D4:40:00:00:80:D2:40:00:00:80:D1:40:00:00:80:D3:00:00:00:80:D5:00:00:00:80:D4:80:00:00:80:D3:80:00:00:80:D3:80:00:00:80:D2:80:00:00:80:D1:40:00:00:80:AE:80:00:00:80:D3:C0:00:00:80:D1:40:00:00:80:D1:40:8D:32:80:00:FF:FF:00:00:00:AB:10:45:46]
[53:48:DA:00:C8:05:28:00:00:80:D5:C0:00:00:80:D1:40:00:00:80:D4:C0:00:00:80:D2:00:00:00:80:D1:00:00:00:80:D3:00:00:00:80:CF:C0:00:00:80:D5:00:00:00:80:D6:00:00:00:80:D1:00:00:00:80:D3:00:00:00:80:D4:40:00:00:80:D1:80:00:00:80:D3:40:00:00:80:D3:C0:00:00:80:CD:80:00:00:80:D1:00:00:00:80:D2:C0:00:00:80:D2:40:00:00:80:D3:80:8D:37:C0:00:FF:FF:00:00:00:AB:10:45:46]
[53:48:DA:00:C8:05:29:00:00:80:D1:80:00:00:80:D0:C0:00:00:80:D1:80:00:00:80:CF:80:00:00:80:D1:00:00:00:80:D3:00:00:00:80:D2:00:00:00:80:D5:00:00:00:80:D2:80:00:00:80:D1:00:00:00:80:CE:00:00:00:80:D2:00:00:00:80:D4:40:00:00:80:D1:C0:00:00:80:D3:00:00:00:80:D0:40:00:00:80:CF:80:00:00:80:D1:C0:00:00:80:D2:40:00:00:80:D0:C0:8D:31:80:00:FF:FF:00:00:00:AB:10:45:46]
[53:48:DA:00:C8:05:2A:00:00:80:D3:80:00:00:80:D4:00:00:00:80:CF:00:00:00:80:D5:00:00:00:80:D4:80:00:00:80:D4:80:00:00:80:D0:40:00:00:80:D4:80:00:00:80:D1:40:00:00:80:D4:00:00:00:80:D2:80:00:00:80:CE:C0:00:00:80:D0:80:00:00:80:D0:80:00:00:80:A7:40:00:00:80:D0:80:00:00:80:D2:00:00:00:80:D0:C0:00:00:80:D3:40:00:00:80:D4:40:8D:4A:40:00:FF:FF:00:00:00:AB:10:45:46]
[53:48:DA:00:C8:05:2B:00:00:80:D1:40:00:00:80:D3:40:00:00:80:D1:00:00:00:80:D5:00:00:00:80:D4:40:00:00:80:D5:40:00:00:80:D6:00:00:00:80:D2:C0:00:00:80:D0:00:00:00:80:D4:40:00:00:80:D4:40:00:00:80:D2:40:00:00:80:D4:40:00:00:80:D3:C0:00:00:80:D5:00:00:00:80:D3:C0:00:00:80:D3:00:00:00:80:D4:40:00:00:80:BD:80:00:00:80:D2:80:8D:50:80:00:FF:FF:00:00:00:AB:10:45:46]
[53:48:DA:00:C8:05:2C:00:00:80:D2:00:00:00:80:D2:80:00:00:80:D2:C0:00:00:80:D2:00:00:00:80:D0:00:00:00:80:D7:40:00:00:80:D2:C0:00:00:80:D2:00:00:00:80:D0:40:00:00:80:D2:40:00:00:80:D0:40:00:00:80:D4:00:00:00:80:D2:C0:00:00:80:85:40:00:00:80:D0:40:00:00:80:D3:40:00:00:80:D0:00:00:00:80:D2:80:00:00:80:D4:00:00:00:80:D2:80:8D:2E:40:00:FF:FF:00:00:00:AB:10:45:46]
[53:48:DA:00:C8:05:2D:00:00:80:D0:40:00:00:80:BF:C0:00:00:80:D3:80:00:00:80:D2:C0:00:00:80:D3:C0:00:00:80:D1:80:00:00:80:D5:C0:00:00:80:CF:80:00:00:80:CD:40:00:00:80:D2:40:00:00:80:D3:40:00:00:80:D1:C0:00:00:80:D2:80:00:00:80:CF:80:00:00:80:D4:00:00:00:80:D2:00:00:00:80:D2:C0:00:00:80:CF:00:00:00:80:D2:00:00:00:80:D5:80:8D:19:80:00:FF:FF:00:00:00:AB:10:45:46]
[53:48:DA:00:C8:05:2E:00:00:80:D2:00:00:00:80:D5:00:00:00:80:D0:40:00:00:80:CF:80:00:00:80:D0:80:00:00:80:C3:40:00:00:80:D0:40:00:00:80:CB:80:00:00:80:CF:C0:00:00:80:D2:40:00:00:80:D1:C0:00:00:80:D3:40:00:00:80:AC:40:00:00:80:D0:40:00:00:80:D3:C0:00:00:80:D2:40:00:00:80:CE:40:00:00:80:D0:40:00:00:80:D3:C0:00:00:80:D2:80:8D:34:80:00:FF:FF:00:00:00:AB:10:45:46]
[53:48:DA:00:C8:05:2F:00:00:80:D1:40:00:00:80:D1:00:00:00:80:CF:C0:00:00:80:CF:80:00:00:80:D3:40:00:00:80:D2:40:00:00:80:D0:80:00:00:80:CF:40:00:00:80:D2:80:00:00:80:C7:40:00:00:80:D2:80:00:00:80:D1:00:00:00:80:D0:00:00:00:80:D1:80:00:00:80:D0:C0:00:00:80:D0:40:00:00:80:CD:C0:00:00:80:D5:80:00:00:80:D0:00:00:00:80:D4:C0:8D:4C:80:00:FF:FF:00:00:00:AB:10:45:46]
[53:48:DA:00:C8:05:30:00:00:80:D2:80:00:00:80:D2:40:00:00:80:CF:40:00:00:80:CC:C0:00:00:80:CF:80:00:00:80:D3:00:00:00:80:D1:80:00:00:80:D3:80:00:00:80:D2:40:00:00:80:D3:C0:00:00:80:D0:40:00:00:80:DA:40:00:00:80:D6:00:00:00:80:C8:C0:00:00:80:D1:40:00:00:80:D2:40:00:00:80:D4:00:00:00:80:D5:00:00:00:80:D1:80:00:00:80:D0:80:8D:5B:00:00:FF:FF:00:00:00:AB:10:45:46]
[53:48:DA:00:C8:05:31:00:00:80:D3:40:00:00:80:D3:80:00:00:80:CE:C0:00:00:80:D3:00:00:00:80:D0:80:00:00:80:D4:80:00:00:80:D1:40:00:00:80:D4:00:00:00:80:D2:C0:00:00:80:D1:40:00:00:80:D3:80:00:00:80:D1:80:00:00:80:D2:C0:00:00:80:D1:80:00:00:80:D2:40:00:00:80:D2:80:00:00:80:D4:C0:00:00:80:CE:00:00:00:80:D4:80:00:00:80:D1:40:8D:2F:40:00:FF:FF:00:00:00:AB:10:45:46]
[53:48:DA:00:C8:05:32:00:00:80:D3:80:00:00:80:D7:00:00:00:80:D3:80:00:00:80:CF:40:00:00:80:D3:C0:00:00:80:D2:00:00:00:80:D4:C0:00:00:80:D3:C0:00:00:80:CF:80:00:00:80:D3:80:00:00:80:E8:C0:00:00:80:D1:C0:00:00:80:D3:40:00:00:80:D1:C0:00:00:80:D4:40:00:00:80:D2:C0:00:00:80:D1:00:00:00:80:CF:C0:00:00:80:CF:00:00:00:80:D2:80:8D:43:00:00:FF:FF:00:00:00:AB:10:45:46]
[53:48:DA:00:C8:05:33:00:00:80:D1:80:00:00:80:D1:40:00:00:80:D1:00:00:00:80:D2:C0:00:00:80:D4:00:00:00:80:D5:C0:00:00:80:D3:80:00:00:80:D5:80:00:00:80:D8:80:00:00:80:D9:00:00:00:80:D9:40:00:00:80:D6:00:00:00:80:D4:C0:00:00:80:D7:C0:00:00:80:D5:40:00:00:80:D5:40:00:00:80:D3:80:00:00:80:D3:C0:00:00:80:D0:00:00:00:80:D4:00:8D:4F:80:00:FF:FF:00:00:00:AB:10:45:46]
[53:48:DA:00:C8:05:34:00:00:80:D1:C0:00:00:80:D3:00:00:00:80:DE:80:00:00:80:E1:40:00:00:80:CC:00:00:00:80:EB:C0:00:00:80:E5:40:00:00:80:E0:C0:00:00:80:D9:C0:00:00:80:ED:80:00:00:80:D3:40:00:00:80:D7:C0:00:00:80:D9:80:00:00:80:DA:C0:00:00:80:D7:00:00:00:80:D2:00:00:00:80:D7:40:00:00:80:D7:00:00:00:80:D9:00:00:00:80:D9:40:8D:68:80:00:FF:FF:00:00:00:AB:10:45:46]
[53:48:DA:00:C8:05:35:00:00:80:DF:80:00:00:80:E1:40:00:00:80:E7:00:00:00:80:E7:40:00:00:80:E5:00:00:00:80:E2:40:00:00:80:E5:40:00:00:80:E5:80:00:00:80:D3:40:00:00:80:E5:C0:00:00:80:E5:C0:00:00:80:E7:00:00:00:80:ED:80:00:00:80:EA:40:00:00:80:E4:C0:00:00:80:EA:40:00:00:80:E6:C0:00:00:80:D8:C0:00:00:80:E9:40:00:00:80:E8:80:8D:39:C0:00:FF:FF:00:00:00:AB:10:45:46]
[53:48:DA:00:C8:05:36:00:00:80:E7:40:00:00:80:F2:C0:00:00:80:ED:00:00:00:80:E9:00:00:00:80:E3:00:00:00:80:E7:40:00:00:80:E6:C0:00:00:80:E2:40:00:00:81:01:C0:00:00:80:E4:00:00:00:80:E5:40:00:00:80:E5:00:00:00:80:D3:00:00:00:80:DD:C0:00:00:80:DF:00:00:00:80:DE:00:00:00:80:DC:40:00:00:80:E2:40:00:00:80:DD:40:00:00:80:E0:00:8D:51:C0:00:FF:FF:00:00:00:AB:10:45:46]
[53:48:DA:00:C8:05:37:00:00:80:E4:00:00:00:80:E1:C0:00:00:80:E6:80:00:00:80:E3:C0:00:00:80:E0:40:00:00:80:E1:80:00:00:80:DE:80:00:00:80:DF:80:00:00:80:DF:40:00:00:80:DE:C0:00:00:80:DC:00:00:00:80:DD:40:00:00:80:DE:80:00:00:80:DF:00:00:00:80:DF:C0:00:00:80:E0:C0:00:00:80:CC:C0:00:00:80:E3:00:00:00:80:E0:40:00:00:80:E4:80:8D:35:80:00:FF:FF:00:00:00:AB:10:45:46]
[53:48:DA:00:C8:05:38:00:00:80:DD:C0:00:00:80:DB:40:00:00:80:DA:00:00:00:80:DE:40:00:00:80:DF:00:00:00:80:DE:00:00:00:80:E0:80:00:00:80:F4:80:00:00:80:D9:00:00:00:80:DB:80:00:00:80:DF:40:00:00:80:DF:C0:00:00:80:DF:C0:00:00:80:DE:00:00:00:80:E0:80:00:00:80:DE:40:00:00:80:DB:80:00:00:80:DE:00:00:00:80:DE:C0:00:00:80:E0:C0:8D:35:80:00:FF:FF:00:00:00:AB:10:45:46]
[53:48:DA:00:C8:05:39:00:00:80:DE:C0:00:00:80:DF:40:00:00:80:DA:80:00:00:80:DC:00:00:00:80:DC:C0:00:00:80:DD:00:00:00:80:E0:00:00:00:80:DB:80:00:00:80:D9:C0:00:00:80:DA:00:00:00:80:DC:80:00:00:80:D8:00:00:00:80:DD:C0:00:00:80:DC:00:00:00:80:DE:80:00:00:80:D4:40:00:00:80:DD:80:00:00:80:DC:00:00:00:80:DE:00:00:00:80:DC:00:8D:28:00:00:FF:FF:00:00:00:AB:10:45:46]
[53:48:DA:00:C8:05:3A:00:00:80:D9:40:00:00:80:DE:80:00:00:80:E0:40:00:00:80:D7:00:00:00:80:E1:80:00:00:80:DB:00:00:00:80:D0:00:00:00:80:DE:80:00:00:80:DD:C0:00:00:80:E0:40:00:00:80:DE:00:00:00:80:DC:80:00:00:80:DC:80:00:00:80:DD:40:00:00:80:DA:80:00:00:80:E3:C0:00:00:80:E3:00:00:00:80:E0:C0:00:00:80:E6:00:00:00:80:EE:00:8D:40:00:00:FF:FF:00:00:00:AB:10:45:46]
[53:48:DA:00:C8:05:3B:00:00:80:EC:40:00:00:80:E7:C0:00:00:80:E7:40:00:00:80:E5:00:00:00:80:E4:80:00:00:80:E5:00:00:00:80:EB:C0:00:00:80:F1:00:00:00:80:EC:C0:00:00:80:F0:40:00:00:80:F0:80:00:00:80:ED:00:00:00:80:E7:C0:00:00:80:EA:00:00:00:80:E1:C0:00:00:80:EC:40:00:00:80:EA:40:00:00:80:E1:C0:00:00:80:E4:C0:00:00:80:F3:00:8D:3B:C0:00:FF:FF:00:00:00:AB:10:45:46]
[53:48:DA:00:C8:05:3C:00:00:80:F3:00:00:00:80:EF:C0:00:00:80:EB:80:00:00:80:F1:C0:00:00:80:F0:00:00:00:80:F3:00:00:00:80:EA:C0:00:00:80:F2:00:00:00:80:EA:00:00:00:80:E7:80:00:00:80:E6:00:00:00:80:E4:00:00:00:80:F1:00:00:00:80:E6:C0:00:00:80:EB:80:00:00:80:E3:40:00:00:80:DE:80:00:00:80:E1:C0:00:00:80:E0:40:00:00:80:E5:00:8D:42:00:00:FF:FF:00:00:00:AB:10:45:46]
[53:48:DA:00:C8:05:3D:00:00:80:E6:80:00:00:80:E7:80:00:00:80:E3:40:00:00:80:E6:C0:00:00:80:EB:40:00:00:80:EA:80:00:00:80:EC:40:00:00:80:EE:40:00:00:80:EC:C0:00:00:80:E7:40:00:00:80:E3:C0:00:00:80:E3:C0:00:00:80:E1:80:00:00:80:E3:80:00:00:80:E6:C0:00:00:80:DA:80:00:00:80:E1:C0:00:00:80:E2:00:00:00:80:E5:00:00:00:80:E2:80:8D:3E:00:00:FF:FF:00:00:00:AB:10:45:46]
[53:48:DA:00:C8:05:3E:00:00:80:DC:C0:00:00:80:DB:C0:00:00:80:DF:C0:00:00:80:DC:C0:00:00:80:54:80:00:00:80:D4:40:00:00:80:D7:C0:00:00:80:D6:00:00:00:80:D6:40:00:00:80:D4:40:00:00:80:D3:C0:00:00:80:CF:C0:00:00:80:D2:80:00:00:80:D2:00:00:00:80:D1:C0:00:00:80:D0:00:00:00:80:CF:00:00:00:80:CC:80:00:00:80:CE:40:00:00:80:BB:00:8D:4A:40:00:FF:FF:00:00:00:AB:10:45:46]
[53:48:DA:00:C8:05:3F:00:00:80:C6:00:00:00:80:C8:80:00:00:80:C6:80:00:00:80:C2:80:00:00:80:C4:C0:00:00:80:C2:40:00:00:80:C1:80:00:00:80:BB:C0:00:00:80:B7:80:00:00:80:BA:C0:00:00:80:B4:80:00:00:80:B5:C0:00:00:80:B1:80:00:00:80:B2:40:00:00:80:AF:40:00:00:80:AB:C0:00:00:80:AD:00:00:00:80:AC:00:00:00:80:A7:40:00:00:80:9D:80:8D:39:C0:00:FF:FF:00:00:00:AB:10:45:46]
[53:48:DA:00:C8:05:40:00:00:80:9B:00:00:00:80:94:40:00:00:80:8A:40:00:00:80:5D:80:00:00:80:8B:00:00:00:80:81:80:00:00:80:86:40:00:00:80:82:00:00:00:80:7E:C0:00:00:80:7D:C0:00:00:80:70:C0:00:00:80:75:00:00:00:80:73:C0:00:00:80:72:C0:00:00:80:77:40:00:00:80:6E:80:00:00:80:69:C0:00:00:80:6F:00:00:00:80:70:80:00:00:80:67:C0:8D:45:40:00:FF:FF:00:00:00:AB:10:45:46]
[53:48:DA:00:C8:05:41:00:00:80:68:C0:00:00:80:63:80:00:00:80:64:40:00:00:80:68:00:00:00:80:58:80:00:00:80:55:00:00:00:80:4A:40:00:00:80:55:C0:00:00:80:5B:00:00:00:80:53:00:00:00:80:4D:C0:00:00:80:49:00:00:00:80:51:00:00:00:80:56:C0:00:00:80:59:00:00:00:80:50:C0:00:00:80:51:40:00:00:80:4A:80:00:00:80:54:00:00:00:80:58:C0:8D:43:00:00:FF:FF:00:00:00:AB:10:45:46]
[53:48:DA:00:C8:05:42:00:00:80:4B:80:00:00:80:4A:C0:00:00:80:32:00:00:00:80:4A:40:00:00:80:48:80:00:00:80:4F:00:00:00:80:4E:40:00:00:80:4E:40:00:00:80:54:00:00:00:80:4F:40:00:00:80:49:80:00:00:80:59:00:00:00:80:58:C0:00:00:80:51:C0:00:00:80:51:C0:00:00:80:58:80:00:00:80:61:80:00:00:80:5C:40:00:00:80:62:80:00:00:80:58:C0:8D:51:C0:00:FF:FF:00:00:00:AB:10:45:46]
[53:48:DA:00:C8:05:43:00:00:80:68:00:00:00:80:5E:00:00:00:80:5C:40:00:00:80:62:C0:00:00:80:65:00:00:00:80:6B:00:00:00:80:62:80:00:00:80:61:40:00:00:80:6A:00:00:00:80:6A:00:00:00:80:66:C0:00:00:80:71:00:00:00:80:74:00:00:00:80:7E:80:00:00:80:73:C0:00:00:80:7F:40:00:00:80:7A:40:00:00:80:77:80:00:00:80:7C:C0:00:00:80:6F:C0:8D:52:C0:00:FF:FF:00:00:00:AB:10:45:46]
[53:48:DA:00:C8:05:44:00:00:80:79:00:00:00:80:66:40:00:00:80:78:80:00:00:80:70:40:00:00:80:74:80:00:00:80:6D:00:00:00:80:69:80:00:00:80:61:80:00:00:80:5B:80:00:00:80:58:80:00:00:80:47:00:00:00:80:47:00:00:00:80:4C:80:00:00:80:43:80:00:00:80:32:40:00:00:80:2B:40:00:00:80:39:40:00:00:80:30:00:00:00:80:33:40:00:00:80:3E:40:8D:5B:00:00:FF:FF:00:00:00:AB:10:45:46]
[53:48:DA:00:C8:05:45:00:00:80:4A:C0:00:00:80:51:C0:00:00:80:5D:40:00:00:80:6A:00:00:00:80:74:40:00:00:80:7C:00:00:00:80:85:80:00:00:80:8F:80:00:00:80:9B:C0:00:00:80:A1:40:00:00:80:AA:80:00:00:80:BC:00:00:00:80:CD:C0:00:00:80:DB:00:00:00:80:F0:40:00:00:81:07:40:00:00:81:25:C0:00:00:81:3E:00:00:00:81:70:40:00:00:81:A2:C0:8D:45:40:00:FF:FF:00:00:00:AB:10:45:46]
[53:48:DA:00:C8:05:46:00:00:83:EA:80:00:00:82:75:C0:00:00:86:B4:00:00:00:86:51:00:00:00:84:ED:40:00:00:86:43:00:00:00:8A:B2:80:00:00:7E:5B:00:00:00:85:DA:80:00:00:8D:0A:40:00:00:7C:72:00:00:00:85:BC:00:00:00:9B:D0:00:00:00:8C:BB:C0:00:00:7A:E1:80:00:00:7C:BB:00:00:00:7D:6D:40:00:00:81:3C:40:00:00:86:FD:40:00:00:81:36:00:8D:51:C0:00:FF:FF:00:00:00:AB:10:45:46]
[53:48:DA:00:C8:05:47:00:00:95:85:40:00:00:84:35:00:00:00:90:22:40:00:00:8B:E3:00:00:00:80:AA:C0:00:00:7C:60:C0:00:00:80:DE:00:00:00:8B:9B:80:00:00:83:F4:80:00:00:87:89:80:00:00:82:7B:C0:00:00:84:EF:00:00:00:8C:C3:40:00:00:84:B3:40:00:00:8A:D1:40:00:00:81:53:40:00:00:8C:D8:80:00:00:83:20:40:00:00:89:2C:80:00:00:84:DA:00:8D:51:C0:00:FF:FF:00:00:00:AB:10:45:46]
[53:48:DA:00:C8:05:48:00:00:81:81:80:00:00:81:CA:80:00:00:87:1D:00:00:00:85:4E:40:00:00:88:73:00:00:00:82:83:C0:00:00:80:82:80:00:00:83:9A:00:00:00:85:40:40:00:00:85:46:00:00:00:85:CB:00:00:00:85:E7:80:00:00:83:6E:00:00:00:88:F8:40:00:00:80:F8:80:00:00:85:52:00:00:00:82:D0:C0:00:00:83:22:00:00:00:84:B8:40:00:00:82:95:C0:8D:55:C0:00:FF:FF:00:00:00:AB:10:45:46]
[53:48:DA:00:C8:05:49:00:00:84:2C:C0:00:00:85:57:00:00:00:80:0E:00:00:00:80:EF:40:00:00:81:CF:C0:00:00:82:32:80:00:00:85:0C:C0:00:00:84:1B:C0:00:00:80:E2:00:00:00:85:CC:80:00:00:80:CD:40:00:00:81:F1:40:00:00:82:B4:00:00:00:83:00:C0:00:00:82:7E:40:00:00:82:DD:00:00:00:80:F7:C0:00:00:81:77:00:00:00:81:F9:40:00:00:83:65:C0:8D:4D:80:00:FF:FF:00:00:00:AB:10:45:46]
[53:48:DA:00:C8:05:4A:00:00:81:FF:C0:00:00:83:3B:00:00:00:80:F8:C0:00:00:80:75:80:00:00:80:B4:40:00:00:81:72:80:00:00:81:3F:00:00:00:81:81:00:00:00:81:38:40:00:00:81:40:00:00:00:80:F1:40:00:00:80:B9:00:00:00:81:12:00:00:00:81:19:80:00:00:81:39:40:00:00:80:B3:80:00:00:81:8B:40:00:00:81:38:40:00:00:81:72:40:00:00:81:5F:C0:8D:4C:80:00:FF:FF:00:00:00:AB:10:45:46]
[53:48:DA:00:C8:05:4B:00:00:81:99:40:00:00:81:A7:40:00:00:81:03:40:00:00:81:03:00:00:00:81:FE:40:00:00:81:88:C0:00:00:80:FF:80:00:00:80:C0:80:00:00:81:78:40:00:00:80:FC:00:00:00:80:C3:00:00:00:81:5D:80:00:00:81:48:00:00:00:80:EB:00:00:00:80:E1:40:00:00:81:63:80:00:00:81:24:80:00:00:80:F2:C0:00:00:81:17:40:00:00:80:F3:40:8D:4E:80:00:FF:FF:00:00:00:AB:10:45:46]
[53:48:DA:00:C8:05:4C:00:00:80:D5:40:00:00:81:2A:00:00:00:80:F2:40:00:00:81:3F:00:00:00:81:50:80:00:00:80:F7:00:00:00:80:F0:C0:00:00:80:EA:80:00:00:81:61:00:00:00:81:17:80:00:00:81:17:C0:00:00:81:2B:80:00:00:80:FA:80:00:00:81:24:40:00:00:81:02:40:00:00:80:EB:40:00:00:80:E2:80:00:00:80:B7:00:00:00:80:BB:00:00:00:80:D1:80:8D:3A:C0:00:FF:FF:00:00:00:AB:10:45:46]
[53:48:DA:00:C8:05:4D:00:00:80:DC:80:00:00:80:DE:00:00:00:80:EE:C0:00:00:80:E1:00:00:00:80:DB:00:00:00:80:F7:80:00:00:80:EA:00:00:00:80:E1:00:00:00:80:EA:80:00:00:80:E6:C0:00:00:80:DF:80:00:00:80:DD:C0:00:00:80:F3:C0:00:00:80:E3:80:00:00:80:E7:00:00:00:80:DF:40:00:00:80:DA:80:00:00:80:D9:C0:00:00:80:DD:80:00:00:80:DF:40:8D:51:C0:00:FF:FF:00:00:00:AB:10:45:46]
[53:48:DA:00:C8:05:4E:00:00:80:D6:80:00:00:80:D0:40:00:00:80:D2:C0:00:00:80:D4:80:00:00:80:CB:80:00:00:80:D1:00:00:00:80:D3:40:00:00:80:D2:40:00:00:80:B7:C0:00:00:80:CF:C0:00:00:80:D1:80:00:00:80:D2:80:00:00:80:D3:00:00:00:80:CD:C0:00:00:80:CF:80:00:00:80:CC:00:00:00:80:95:C0:00:00:80:CE:40:00:00:80:CD:00:00:00:80:CE:40:8D:47:40:00:FF:FF:00:00:00:AB:10:45:46]
[53:48:DA:00:C8:05:4F:00:00:80:CD:40:00:00:80:CE:C0:00:00:80:CF:C0:00:00:80:CF:C0:00:00:80:CD:80:00:00:80:D1:80:00:00:80:D0:80:00:00:80:D1:00:00:00:80:D0:80:00:00:80:D1:C0:00:00:80:CF:C0:00:00:80:D0:80:00:00:80:C1:80:00:00:80:D3:C0:00:00:80:D0:C0:00:00:80:D2:80:00:00:80:D0:40:00:00:80:D2:40:00:00:80:D4:C0:00:00:80:D4:00:8D:4D:80:00:FF:FF:00:00:00:AB:10:45:46]
[53:48:DA:00:C8:05:50:00:00:80:D0:00:00:00:80:D4:80:00:00:80:D7:00:00:00:80:CB:40:00:00:80:D2:40:00:00:80:D0:40:00:00:80:D0:80:00:00:80:CF:40:00:00:80:D3:00:00:00:80:D2:40:00:00:80:D0:C0:00:00:80:D2:00:00:00:80:D2:00:00:00:80:D2:40:00:00:80:D1:40:00:00:80:70:C0:00:00:80:BD:40:00:00:80:D3:80:00:00:80:D3:00:00:00:80:D0:00:8D:42:00:00:FF:FF:00:00:00:AB:10:45:46]
[53:48:DA:00:C8:05:51:00:00:80:D3:00:00:00:80:CF:C0:00:00:80:D1:C0:00:00:80:CC:80:00:00:80:D3:C0:00:00:80:CD:80:00:00:80:D1:40:00:00:80:D2:80:00:00:80:D0:00:00:00:80:CF:C0:00:00:80:D1:80:00:00:80:D3:C0:00:00:80:D0:40:00:00:80:CF:80:00:00:80:D3:80:00:00:80:D2:00:00:00:80:D1:80:00:00:80:CF:C0:00:00:80:D1:80:00:00:80:D1:40:8D:4C:80:00:FF:FF:00:00:00:AB:10:45:46]
[53:48:DA:00:C8:05:52:00:00:80:D1:00:00:00:80:D2:C0:00:00:80:D1:00:00:00:80:D0:40:00:00:80:D1:C0:00:00:80:CF:00:00:00:80:CE:80:00:00:80:D1:C0:00:00:80:D3:00:00:00:80:D0:C0:00:00:80:CF:80:00:00:80:D3:C0:00:00:80:D2:00:00:00:80:D1:C0:00:00:80:9C:40:00:00:80:CF:C0:00:00:80:CE:C0:00:00:80:CF:80:00:00:80:D1:80:00:00:80:D0:40:8D:43:00:00:FF:FF:00:00:00:AB:10:45:46]
[53:48:DA:00:C8:05:53:00:00:80:D4:40:00:00:80:D0:00:00:00:80:D2:C0:00:00:80:C2:40:00:00:80:CD:C0:00:00:80:D0:80:00:00:80:D1:00:00:00:80:D2:00:00:00:80:CF:80:00:00:80:D2:C0:00:00:80:D1:80:00:00:80:D1:80:00:00:80:D2:C0:00:00:80:CF:80:00:00:80:D2:80:00:00:80:D2:40:00:00:80:D3:80:00:00:80:D3:80:00:00:80:D4:00:00:00:80:D2:C0:8D:3E:00:00:FF:FF:00:00:00:AB:10:45:46]
[53:48:DA:00:C8:05:54:00:00:80:D1:C0:00:00:80:D0:40:00:00:80:CE:80:00:00:80:D1:40:00:00:80:CE:C0:00:00:80:D1:80:00:00:80:D4:40:00:00:80:C7:C0:00:00:80:D1:C0:00:00:80:D2:00:00:00:80:D2:40:00:00:80:D2:80:00:00:80:D1:40:00:00:81:02:00:00:00:80:D0:80:00:00:80:D1:80:00:00:80:D5:80:00:00:80:D3:C0:00:00:80:D3:80:00:00:80:D1:00:8D:61:40:00:FF:FF:00:00:00:AB:10:45:46]
[53:48:DA:00:C8:05:55:00:00:80:D3:00:00:00:80:D0:80:00:00:80:D4:40:00:00:80:D4:40:00:00:80:D1:80:00:00:80:CF:00:00:00:80:D3:00:00:00:80:D0:00:00:00:80:D4:40:00:00:80:D0:C0:00:00:80:D3:00:00:00:80:CE:00:00:00:80:D3:C0:00:00:80:D0:80:00:00:80:CF:00:00:00:80:D5:C0:00:00:80:D1:80:00:00:80:D2:00:00:00:80:D4:00:00:00:80:D6:00:8D:6B:80:00:FF:FF:00:00:00:AB:10:45:46]
[53:48:DA:00:C8:05:56:00:00:80:CF:40:00:00:80:D3:00:00:00:80:D4:00:00:00:80:D5:40:00:00:80:D2:40:00:00:80:D2:80:00:00:80:D2:00:00:00:80:D2:00:00:00:80:D2:00:00:00:80:D2:80:00:00:80:CF:80:00:00:80:D0:40:00:00:80:F3:00:00:00:80:D3:00:00:00:80:D2:80:00:00:80:CF:00:00:00:80:D2:80:00:00:80:CF:C0:00:00:80:D2:80:00:00:80:D3:80:8D:5F:40:00:FF:FF:00:00:00:AB:10:45:46]
[53:48:DA:00:C8:05:57:00:00:80:CF:00:00:00:80:D0:C0:00:00:80:D2:00:00:00:80:D0:80:00:00:80:D3:80:00:00:80:D1:00:00:00:80:D1:80:00:00:80:D3:C0:00:00:80:D1:80:00:00:80:D4:00:00:00:80:D6:00:00:00:80:D2:00:00:00:80:D2:40:00:00:80:D0:80:00:00:80:D0:40:00:00:80:D1:40:00:00:80:D2:C0:00:00:80:D3:80:00:00:80:D1:00:00:00:80:BE:C0:8D:46:40:00:FF:FF:00:00:00:AB:10:45:46]
[53:48:DA:00:C8:05:58:00:00:80:D1:40:00:00:80:CE:40:00:00:80:D3:00:00:00:80:D2:40:00:00:80:D0:40:00:00:80:D5:C0:00:00:80:D4:80:00:00:80:D3:40:00:00:80:D1:00:00:00:80:D0:C0:00:00:80:D2:80:00:00:80:F6:C0:00:00:80:D1:00:00:00:80:D1:00:00:00:80:D2:80:00:00:80:D0:80:00:00:80:D2:80:00:00:80:D1:80:00:00:80:D0:80:00:00:80:D0:40:8D:52:C0:00:FF:FF:00:00:00:AB:10:45:46]
[53:48:DA:00:C8:05:59:00:00:80:D2:40:00:00:80:D3:00:00:00:80:C4:40:00:00:80:CC:80:00:00:80:D3:40:00:00:80:D1:40:00:00:80:D4:00:00:00:80:D2:00:00:00:80:D1:00:00:00:80:CE:80:00:00:80:D3:80:00:00:80:CF:C0:00:00:80:D3:40:00:00:80:D3:80:00:00:80:D1:80:00:00:80:D5:40:00:00:80:CF:40:00:00:80:D1:80:00:00:80:CF:C0:00:00:80:D0:00:8D:4B:80:00:FF:FF:00:00:00:AB:10:45:46]
[53:48:DA:00:C8:05:5A:00:00:80:D0:C0:00:00:80:D5:00:00:00:80:D2:80:00:00:80:D3:00:00:00:80:D1:40:00:00:80:D0:00:00:00:80:C2:C0:00:00:80:D3:80:00:00:80:D0:40:00:00:80:CF:00:00:00:80:B2:00:00:00:80:D2:80:00:00:80:D0:80:00:00:80:D5:C0:00:00:80:D1:C0:00:00:80:D2:80:00:00:80:D2:80:00:00:80:D0:C0:00:00:80:CE:80:00:00:80:CE:40:8D:48:40:00:FF:FF:00:00:00:AB:10:45:46]
[53:48:DA:00:C8:05:5B:00:00:80:D0:80:00:00:80:D5:80:00:00:80:D3:00:00:00:80:D0:40:00:00:80:D3:40:00:00:80:D3:C0:00:00:80:D2:C0:00:00:80:D0:80:00:00:80:D0:80:00:00:80:D5:00:00:00:80:C5:00:00:00:80:D3:00:00:00:80:D2:40:00:00:80:D3:00:00:00:80:CF:40:00:00:80:D3:00:00:00:80:D1:00:00:00:80:D2:C0:00:00:80:CA:40:00:00:80:D3:00:8D:68:80:00:FF:FF:00:00:00:AB:10:45:46]
[53:48:DA:00:C8:05:5C:00:00:80:D3:80:00:00:80:D5:00:00:00:80:D3:80:00:00:80:CF:80:00:00:80:D0:40:00:00:80:CF:40:00:00:80:CE:C0:00:00:80:C8:C0:00:00:80:C5:C0:00:00:80:23:C0:00:00:80:95:00:00:00:80:8A:00:00:00:80:6A:80:00:00:80:47:40:00:00:7F:FF:80:00:00:7F:CF:C0:00:00:7F:74:00:00:00:7F:24:C0:00:00:7E:A7:00:00:00:7E:31:80:8D:65:40:00:FF:FF:00:00:00:AB:10:45:46]
[53:48:DA:00:C8:05:5D:00:00:7D:93:40:00:00:7D:5B:C0:00:00:7C:F2:40:00:00:7C:9F:C0:00:00:7C:A4:40:00:00:7C:1C:00:00:00:7C:2A:80:00:00:7B:DA:80:00:00:7B:C1:C0:00:00:7B:B4:40:00:00:7B:5B:40:00:00:7B:97:80:00:00:7B:51:C0:00:00:7A:9A:80:00:00:7A:D8:80:00:00:7A:B6:C0:00:00:7A:87:C0:00:00:7A:F9:00:00:00:7A:67:80:00:00:7A:B9:40:8D:4B:80:00:FF:FF:00:00:00:AB:10:45:46]
[53:48:DA:00:C8:05:5E:00:00:7A:55:C0:00:00:7A:D6:00:00:00:7A:90:C0:00:00:7A:11:C0:00:00:7A:63:80:00:00:7A:74:40:00:00:7A:53:40:00:00:7A:8D:40:00:00:7A:6D:80:00:00:7A:3B:80:00:00:7A:53:00:00:00:7A:5C:40:00:00:7A:69:80:00:00:7A:71:C0:00:00:7A:29:00:00:00:7A:B3:40:00:00:7A:6D:80:00:00:7A:4D:80:00:00:7A:95:40:00:00:7A:A2:40:8D:53:C0:00:FF:FF:00:00:00:AB:10:45:46]
[53:48:DA:00:C8:05:5F:00:00:7A:46:80:00:00:7A:77:C0:00:00:7A:F0:C0:00:00:7A:D0:00:00:00:7A:A5:00:00:00:7A:DC:80:00:00:7B:1C:C0:00:00:7B:61:40:00:00:7B:89:40:00:00:7B:7A:C0:00:00:7B:96:40:00:00:7B:B1:80:00:00:7B:AD:40:00:00:7B:FB:40:00:00:7C:4C:C0:00:00:7C:6D:00:00:00:7C:3C:C0:00:00:7C:91:C0:00:00:7C:A5:00:00:00:7C:96:80:8D:61:40:00:FF:FF:00:00:00:AB:10:45:46]
[53:48:DA:00:C8:05:60:00:00:7C:E5:00:00:00:7C:FD:40:00:00:7D:37:40:00:00:7D:00:00:00:00:7D:19:00:00:00:7D:1A:80:00:00:7D:35:C0:00:00:7D:08:00:00:00:7D:7C:80:00:00:7D:6D:C0:00:00:7D:A9:C0:00:00:7D:B9:00:00:00:7D:EE:80:00:00:7D:F9:80:00:00:7E:15:40:00:00:7E:54:00:00:00:7E:2F:C0:00:00:7E:60:40:00:00:7E:8E:C0:00:00:7E:9A:80:8D:4A:40:00:FF:FF:00:00:00:AB:10:45:46]
[53:48:DA:00:C8:05:61:00:00:7E:B7:80:00:00:7E:BE:80:00:00:7E:C3:00:00:00:7E:C1:40:00:00:7E:B7:40:00:00:7E:E3:40:00:00:7E:C1:C0:00:00:7E:DA:80:00:00:7E:E0:C0:00:00:7E:D3:C0:00:00:7F:14:40:00:00:7F:12:80:00:00:7F:18:00:00:00:7F:33:C0:00:00:7F:68:C0:00:00:7F:8A:40:00:00:7F:82:40:00:00:7F:92:00:00:00:7F:B3:80:00:00:7F:C0:40:8D:60:40:00:FF:FF:00:00:00:AB:10:45:46]
[53:48:DA:00:C8:05:62:00:00:7F:E7:C0:00:00:7F:E9:C0:00:00:80:07:00:00:00:80:0B:80:00:00:80:1B:80:00:00:80:22:80:00:00:7F:8B:80:00:00:80:19:00:00:00:80:21:80:00:00:80:17:80:00:00:80:1F:80:00:00:80:19:40:00:00:80:1C:80:00:00:80:16:00:00:00:80:1C:00:00:00:80:29:00:00:00:80:2F:80:00:00:80:35:C0:00:00:80:32:00:00:00:80:34:40:8D:5F:40:00:FF:FF:00:00:00:AB:10:45:46]
[53:48:DA:00:C8:05:63:00:00:80:4B:00:00:00:80:48:40:00:00:80:4B:80:00:00:80:49:40:00:00:80:4B:40:00:00:80:54:80:00:00:80:5D:C0:00:00:80:5C:40:00:00:80:5E:40:00:00:80:62:00:00:00:80:5F:40:00:00:80:6B:00:00:00:80:69:00:00:00:80:69:C0:00:00:80:68:40:00:00:80:75:80:00:00:80:80:80:00:00:80:7C:40:00:00:80:94:40:00:00:80:97:C0:8D:56:C0:00:FF:FF:00:00:00:AB:10:45:46]
[53:48:DA:00:C8:05:64:00:00:80:A7:00:00:00:80:A7:40:00:00:80:A9:80:00:00:80:A3:40:00:00:80:A5:00:00:00:80:66:00:00:00:80:A4:00:00:00:80:A1:40:00:00:80:A1:C0:00:00:80:9F:00:00:00:80:A4:80:00:00:80:A5:C0:00:00:80:A8:00:00:00:80:A7:80:00:00:80:A7:40:00:00:80:AC:00:00:00:80:AF:00:00:00:80:AE:40:00:00:80:B0:80:00:00:80:B0:80:8D:6D:C0:00:FF:FF:00:00:00:AB:10:45:46]
[53:48:DA:00:C8:05:65:00:00:80:AE:40:00:00:80:B4:C0:00:00:80:B6:00:00:00:80:B7:C0:00:00:80:AF:C0:00:00:80:B0:C0:00:00:80:AC:40:00:00:80:AB:00:00:00:80:A4:80:00:00:80:A4:40:00:00:80:A6:40:00:00:80:A7:40:00:00:80:A6:40:00:00:80:A6:80:00:00:80:A4:C0:00:00:80:A9:80:00:00:80:A7:00:00:00:80:A5:C0:00:00:80:A5:80:00:00:80:A4:00:8D:5E:00:00:FF:FF:00:00:00:AB:10:45:46]
[53:48:DA:00:C8:05:66:00:00:80:A5:80:00:00:80:A9:C0:00:00:80:A5:00:00:00:80:AC:00:00:00:80:98:00:00:00:80:A9:00:00:00:80:AC:80:00:00:80:B0:00:00:00:80:AB:00:00:00:80:AC:00:00:00:80:AF:C0:00:00:80:AC:C0:00:00:80:AD:40:00:00:80:AA:00:00:00:80:A4:40:00:00:80:9F:80:00:00:80:9F:00:00:00:80:9B:80:00:00:80:9D:00:00:00:80:9C:40:8D:63:40:00:FF:FF:00:00:00:AB:10:45:46]
[53:48:DA:00:C8:05:67:00:00:80:AA:00:00:00:80:A7:80:00:00:80:A4:80:00:00:80:AA:80:00:00:80:A6:00:00:00:80:A6:80:00:00:80:A5:00:00:00:80:9F:40:00:00:80:95:00:00:00:80:99:00:00:00:80:9A:00:00:00:80:96:C0:00:00:80:9D:C0:00:00:80:9F:80:00:00:80:A0:C0:00:00:80:A0:80:00:00:80:9D:00:00:00:80:9D:40:00:00:80:9A:40:00:00:80:9B:C0:8D:4C:80:00:FF:FF:00:00:00:AB:10:45:46]
[53:48:DA:00:C8:05:68:00:00:80:9F:40:00:00:80:A0:00:00:00:80:A3:C0:00:00:80:A0:C0:00:00:80:A2:40:00:00:80:9E:40:00:00:80:9D:40:00:00:80:99:80:00:00:80:94:C0:00:00:80:92:40:00:00:80:93:40:00:00:80:94:80:00:00:80:95:80:00:00:80:A8:40:00:00:80:B1:80:00:00:80:B0:80:00:00:80:BB:80:00:00:80:BA:80:00:00:80:B5:40:00:00:80:AF:C0:8D:4A:40:00:FF:FF:00:00:00:AB:10:45:46]
[53:48:DA:00:C8:05:69:00:00:80:A6:00:00:00:80:9D:C0:00:00:80:8F:40:00:00:80:A0:40:00:00:80:A1:00:00:00:80:A8:00:00:00:80:AF:00:00:00:80:B0:80:00:00:80:B5:00:00:00:80:B9:C0:00:00:80:BA:C0:00:00:80:B6:80:00:00:80:BB:C0:00:00:80:B7:C0:00:00:80:B8:40:00:00:80:B4:00:00:00:80:A7:40:00:00:80:BF:40:00:00:80:BF:80:00:00:80:BC:C0:8D:54:C0:00:FF:FF:00:00:00:AB:10:45:46]
[53:48:DA:00:C8:05:6A:00:00:80:C2:40:00:00:80:C2:00:00:00:80:C2:C0:00:00:80:C2:80:00:00:80:BE:C0:00:00:80:C3:40:00:00:80:C2:40:00:00:80:C3:00:00:00:80:C3:C0:00:00:80:C9:40:00:00:80:CB:40:00:00:80:D0:00:00:00:80:D8:00:00:00:80:DD:00:00:00:80:E2:C0:00:00:80:E7:80:00:00:80:EA:C0:00:00:80:EF:C0:00:00:80:F3:C0:00:00:80:F7:C0:8D:51:C0:00:FF:FF:00:00:00:AB:10:45:46]
[53:48:DA:00:C8:05:6B:00:00:81:0A:00:00:00:80:F1:80:00:00:81:2D:00:00:00:81:47:00:00:00:81:6B:80:00:00:81:A1:80:00:00:82:00:80:00:00:82:85:40:00:00:83:52:00:00:00:84:8C:00:00:00:86:76:40:00:00:88:90:40:00:00:8B:45:40:00:00:8D:9F:00:00:00:8F:4F:40:00:00:92:3F:C0:00:00:96:01:80:00:00:98:28:C0:00:00:9A:4F:80:00:00:9A:27:C0:8D:53:C0:00:FF:FF:00:00:00:AB:10:45:46]
[53:48:DA:00:C8:05:6C:00:00:9E:1C:80:00:00:98:B7:80:00:00:98:3F:80:00:00:97:AF:40:00:00:93:1F:80:00:00:92:EF:80:00:00:93:E2:40:00:00:91:C1:40:00:00:8F:FA:80:00:00:8E:E6:40:00:00:8E:5F:40:00:00:8E:B6:C0:00:00:8D:8B:80:00:00:8B:FE:C0:00:00:8C:76:00:00:00:89:F2:00:00:00:8A:60:C0:00:00:8B:B4:80:00:00:8C:64:C0:00:00:8C:21:C0:8D:57:C0:00:FF:FF:00:00:00:AB:10:45:46]
[53:48:DA:00:C8:05:6D:00:00:8A:5F:40:00:00:8A:E8:C0:00:00:8C:DD:C0:00:00:8B:26:00:00:00:8A:90:C0:00:00:8A:10:00:00:00:88:DF:40:00:00:88:60:C0:00:00:87:AE:00:00:00:87:D8:40:00:00:88:62:00:00:00:88:1F:80:00:00:86:8A:C0:00:00:87:52:40:00:00:85:E8:C0:00:00:87:41:C0:00:00:88:00:C0:00:00:86:6E:80:00:00:87:69:40:00:00:85:02:C0:8D:5D:00:00:FF:FF:00:00:00:AB:10:45:46]
[53:48:DA:00:C8:05:6E:00:00:86:46:80:00:00:86:85:80:00:00:86:BB:C0:00:00:85:85:C0:00:00:85:15:80:00:00:84:F0:80:00:00:85:28:C0:00:00:85:2E:C0:00:00:84:FD:00:00:00:85:47:00:00:00:84:C5:C0:00:00:84:3E:40:00:00:84:20:80:00:00:84:69:00:00:00:84:90:C0:00:00:83:FD:80:00:00:84:CE:00:00:00:83:F1:00:00:00:84:74:00:00:00:83:D0:80:8D:60:40:00:FF:FF:00:00:00:AB:10:45:46]
[53:48:DA:00:C8:05:6F:00:00:82:CA:40:00:00:83:1B:00:00:00:83:07:C0:00:00:82:C0:C0:00:00:83:16:00:00:00:82:70:C0:00:00:82:8F:00:00:00:82:43:00:00:00:82:3E:00:00:00:82:3F:C0:00:00:82:02:40:00:00:81:F6:40:00:00:82:02:80:00:00:82:1B:80:00:00:81:FC:00:00:00:81:ED:C0:00:00:81:E7:40:00:00:81:CD:80:00:00:81:AF:C0:00:00:82:0B:80:8D:78:00:00:FF:FF:00:00:00:AB:10:45:46]
[53:48:DA:00:C8:05:70:00:00:81:B8:C0:00:00:81:B6:C0:00:00:81:8A:00:00:00:81:73:80:00:00:81:88:00:00:00:81:8E:80:00:00:81:85:40:00:00:81:75:00:00:00:81:60:80:00:00:81:42:40:00:00:81:57:40:00:00:81:41:C0:00:00:81:63:40:00:00:81:33:80:00:00:81:3B:00:00:00:81:37:C0:00:00:81:25:80:00:00:81:31:C0:00:00:81:1B:80:00:00:81:47:00:8D:66:80:00:FF:FF:00:00:00:AB:10:45:46]
[53:48:DA:00:C8:05:71:00:00:81:31:80:00:00:81:28:80:00:00:81:18:40:00:00:81:2B:80:00:00:81:19:40:00:00:81:11:C0:00:00:81:09:00:00:00:81:09:40:00:00:81:0C:00:00:00:81:0E:00:00:00:81:0D:80:00:00:81:0B:00:00:00:81:07:80:00:00:80:FC:00:00:00:81:00:80:00:00:81:00:40:00:00:80:FA:00:00:00:80:F4:C0:00:00:80:EB:00:00:00:80:EE:40:8D:75:00:00:FF:FF:00:00:00:AB:10:45:46]
[53:48:DA:00:C8:05:72:00:00:80:F1:80:00:00:80:F0:80:00:00:80:DB:40:00:00:80:E7:80:00:00:80:F0:40:00:00:80:EF:00:00:00:80:ED:00:00:00:80:EF:40:00:00:80:F6:C0:00:00:80:F2:C0:00:00:80:E9:00:00:00:80:EE:C0:00:00:80:F0:40:00:00:80:F5:C0:00:00:80:F3:00:00:00:80:EF:40:00:00:80:EB:C0:00:00:80:EC:C0:00:00:81:0D:00:00:00:80:E4:C0:8D:97:40:00:FF:FF:00:00:00:AB:10:45:46]
[53:48:DA:00:C8:05:73:00:00:80:E2:C0:00:00:80:E3:00:00:00:80:DE:C0:00:00:80:DD:C0:00:00:80:DD:00:00:00:80:D5:40:00:00:80:C7:C0:00:00:80:D7:00:00:00:80:D3:80:00:00:80:D5:00:00:00:80:D1:C0:00:00:80:D4:00:00:00:80:D4:80:00:00:80:D4:80:00:00:80:D2:40:00:00:80:D2:00:00:00:80:D1:40:00:00:80:D1:40:00:00:80:D0:40:00:00:80:D5:40:8D:4D:80:00:FF:FF:00:00:00:AB:10:45:46]
[53:48:DA:00:C8:05:74:00:00:80:D4:40:00:00:80:CE:40:00:00:80:CD:80:00:00:80:D1:40:00:00:80:CE:40:00:00:80:CE:00:00:00:80:CE:C0:00:00:80:CC:80:00:00:80:D0:C0:00:00:80:CD:40:00:00:80:BC:C0:00:00:80:CD:40:00:00:80:CF:00:00:00:80:CC:40:00:00:80:CB:80:00:00:80:CD:C0:00:00:80:CD:00:00:00:80:38:80:00:00:80:CD:00:00:00:80:CB:40:8D:5E:00:00:FF:FF:00:00:00:AB:10:45:46]
[53:48:DA:00:C8:05:75:00:00:80:C5:C0:00:00:80:C6:C0:00:00:80:C3:80:00:00:80:C4:80:00:00:80:C4:80:00:00:80:C9:40:00:00:80:CB:80:00:00:80:CA:C0:00:00:80:C8:C0:00:00:80:C7:C0:00:00:80:BF:80:00:00:80:BF:40:00:00:80:BA:00:00:00:80:B9:80:00:00:80:A8:C0:00:00:80:B0:40:00:00:80:AF:C0:00:00:80:AE:80:00:00:80:B5:40:00:00:80:AA:80:8D:4E:80:00:FF:FF:00:00:00:AB:10:45:46]
[53:48:DA:00:C8:05:76:00:00:80:A3:C0:00:00:80:A8:80:00:00:80:A7:C0:00:00:80:A4:40:00:00:80:A1:80:00:00:80:A7:40:00:00:80:A3:80:00:00:80:A4:80:00:00:80:A2:C0:00:00:80:9E:40:00:00:80:9D:40:00:00:80:A2:40:00:00:80:9A:00:00:00:80:9E:40:00:00:80:A1:40:00:00:80:A3:40:00:00:80:27:C0:00:00:80:A9:C0:00:00:80:A5:00:00:00:80:AD:40:8D:5D:00:00:FF:FF:00:00:00:AB:10:45:46]
[53:48:DA:00:C8:05:77:00:00:80:B1:00:00:00:80:B1:40:00:00:80:B1:80:00:00:80:AA:00:00:00:80:B7:40:00:00:80:B8:00:00:00:80:BD:40:00:00:80:BC:40:00:00:80:BC:C0:00:00:80:BE:40:00:00:80:C1:C0:00:00:80:C2:C0:00:00:80:C8:40:00:00:80:C7:C0:00:00:80:C6:80:00:00:80:C7:80:00:00:80:C5:00:00:00:80:C8:40:00:00:80:C9:80:00:00:80:C9:80:8D:52:C0:00:FF:FF:00:00:00:AB:10:45:46]
[53:48:DA:00:C8:05:78:00:00:80:CF:40:00:00:80:CC:00:00:00:80:D6:00:00:00:80:D0:40:00:00:80:D8:80:00:00:80:D9:40:00:00:80:D4:40:00:00:80:D2:40:00:00:80:D3:40:00:00:80:D6:80:00:00:80:D1:C0:00:00:80:D6:80:00:00:80:D6:C0:00:00:80:D5:40:00:00:80:D4:00:00:00:80:73:40:00:00:80:D2:80:00:00:80:D2:80:00:00:80:D7:80:00:00:80:D7:C0:8D:41:00:00:FF:FF:00:00:00:AB:10:45:46]
[53:48:DA:00:C8:05:79:00:00:80:D3:80:00:00:80:D4:C0:00:00:80:D5:00:00:00:80:D2:80:00:00:80:D2:80:00:00:80:C9:40:00:00:80:CB:00:00:00:80:D5:80:00:00:80:D6:80:00:00:80:D6:80:00:00:80:D2:40:00:00:80:D6:C0:00:00:80:D4:40:00:00:80:D5:40:00:00:80:D2:80:00:00:80:D2:00:00:00:80:D6:40:00:00:80:D4:40:00:00:80:D3:40:00:00:80:D4:00:8D:5D:00:00:FF:FF:00:00:00:AB:10:45:46]
[53:48:DA:00:C8:05:7A:00:00:80:D5:00:00:00:80:D6:C0:00:00:80:D3:40:00:00:80:D7:00:00:00:80:D6:C0:00:00:80:D5:40:00:00:80:D6:80:00:00:80:D4:00:00:00:80:D6:40:00:00:80:BC:80:00:00:80:D6:80:00:00:80:D5:00:00:00:80:D7:C0:00:00:80:D8:80:00:00:80:8E:40:00:00:80:D7:40:00:00:80:D3:80:00:00:80:D5:80:00:00:80:D5:80:00:00:80:DA:00:8D:56:C0:00:FF:FF:00:00:00:AB:10:45:46]
[53:48:DA:00:C8:05:7B:00:00:80:D5:80:00:00:80:D8:00:00:00:80:D4:C0:00:00:80:D7:40:00:00:80:D8:00:00:00:80:D5:00:00:00:80:D6:00:00:00:80:D7:C0:00:00:80:BD:80:00:00:80:E2:80:00:00:80:D3:80:00:00:80:D7:00:00:00:80:D3:C0:00:00:80:C6:00:00:00:80:D2:C0:00:00:80:D3:80:00:00:80:D3:00:00:00:80:D2:C0:00:00:80:CF:00:00:00:80:D5:80:8D:51:C0:00:FF:FF:00:00:00:AB:10:45:46]
[53:48:DA:00:C8:05:7C:00:00:80:D5:40:00:00:80:DA:40:00:00:80:D5:C0:00:00:80:D7:00:00:00:80:D6:00:00:00:80:D9:40:00:00:80:D7:00:00:00:80:D4:80:00:00:80:D7:C0:00:00:80:CE:C0:00:00:80:D3:C0:00:00:80:D6:40:00:00:80:D2:40:00:00:80:88:C0:00:00:80:D4:80:00:00:80:D5:80:00:00:80:D6:40:00:00:80:C0:00:00:00:80:D5:40:00:00:80:D3:80:8D:53:C0:00:FF:FF:00:00:00:AB:10:45:46]
[53:48:DA:00:C8:05:7D:00:00:80:D6:80:00:00:80:D4:40:00:00:80:D7:00:00:00:80:D5:C0:00:00:80:D4:C0:00:00:80:D6:80:00:00:80:D8:00:00:00:80:D6:80:00:00:80:D5:40:00:00:80:D3:40:00:00:80:D6:00:00:00:80:D1:00:00:00:80:D2:40:00:00:80:D4:00:00:00:80:D5:00:00:00:80:D2:C0:00:00:80:D6:00:00:00:80:D5:40:00:00:80:D7:40:00:00:80:D5:40:8D:59:00:00:FF:FF:00:00:00:AB:10:45:46]
[53:48:DA:00:C8:05:7E:00:00:80:C5:40:00:00:80:C5:80:00:00:80:D1:00:00:00:80:D0:C0:00:00:80:D3:00:00:00:80:D3:00:00:00:80:CF:40:00:00:80:D1:80:00:00:80:D1:00:00:00:80:D0:00:00:00:80:D3:C0:00:00:80:D0:40:00:00:80:6F:00:00:00:80:D4:00:00:00:80:D0:80:00:00:80:D2:00:00:00:80:D1:C0:00:00:80:D4:40:00:00:80:D4:40:00:00:80:D1:40:8D:63:40:00:FF:FF:00:00:00:AB:10:45:46]
[53:48:DA:00:C8:05:7F:00:00:80:D1:00:00:00:80:D1:40:00:00:80:D2:00:00:00:80:D3:40:00:00:80:C8:00:00:00:80:CD:80:00:00:80:D1:00:00:00:80:D0:C0:00:00:80:D0:C0:00:00:80:CD:80:00:00:80:CD:80:00:00:80:D1:00:00:00:80:D2:C0:00:00:80:CB:C0:00:00:80:CE:C0:00:00:80:D1:00:00:00:80:D3:00:00:00:80:D2:80:00:00:80:D4:C0:00:00:80:D0:40:8D:5B:00:00:FF:FF:00:00:00:AB:10:45:46]
[53:48:DA:00:C8:05:80:00:00:80:D1:40:00:00:80:CD:80:00:00:80:CD:C0:00:00:80:D0:40:00:00:80:CE:40:00:00:80:D1:00:00:00:80:D4:40:00:00:80:D2:40:00:00:80:CA:C0:00:00:80:D6:80:00:00:80:D2:00:00:00:80:76:00:00:00:80:D2:40:00:00:80:D3:40:00:00:80:D1:00:00:00:80:D2:40:00:00:80:D1:C0:00:00:80:D0:00:00:00:80:D2:00:00:00:80:CE:C0:8D:6F:C0:00:FF:FF:00:00:00:AB:10:45:46]
[53:48:DA:00:C8:05:81:00:00:80:D1:C0:00:00:80:D0:40:00:00:80:D4:80:00:00:80:D4:C0:00:00:80:D2:40:00:00:80:D5:00:00:00:80:D0:80:00:00:80:D1:40:00:00:80:D4:80:00:00:80:CF:40:00:00:80:D3:80:00:00:80:D3:80:00:00:80:CD:40:00:00:80:D2:00:00:00:80:D2:40:00:00:80:D1:40:00:00:80:D3:40:00:00:80:D1:80:00:00:80:D2:80:00:00:80:D3:00:8D:67:80:00:FF:FF:00:00:00:AB:10:45:46]
[53:48:DA:00:C8:05:82:00:00:80:D2:80:00:00:80:CF:00:00:00:80:D0:80:00:00:80:D3:80:00:00:80:D1:00:00:00:80:CE:80:00:00:80:D2:00:00:00:80:D2:00:00:00:80:D5:C0:00:00:80:D0:80:00:00:80:80:00:00:00:80:D3:00:00:00:80:D4:C0:00:00:80:D2:80:00:00:80:D5:00:00:00:80:D3:00:00:00:80:CC:C0:00:00:80:D2:80:00:00:80:D1:40:00:00:80:D4:40:8D:6D:C0:00:FF:FF:00:00:00:AB:10:45:46]
[53:48:DA:00:C8:05:83:00:00:80:D0:00:00:00:80:D5:00:00:00:80:D2:00:00:00:80:D1:40:00:00:80:D1:40:00:00:80:D3:40:00:00:80:D2:00:00:00:80:D0:C0:00:00:80:D2:00:00:00:80:D0:C0:00:00:80:C4:00:00:00:80:D3:80:00:00:80:D4:80:00:00:80:D1:40:00:00:80:D0:00:00:00:80:D6:00:00:00:80:CE:C0:00:00:80:D2:00:00:00:80:CF:C0:00:00:80:D2:80:8D:68:80:00:FF:FF:00:00:00:AB:10:45:46]
[53:48:DA:00:C8:05:84:00:00:80:D0:C0:00:00:80:D7:40:00:00:80:D2:80:00:00:80:D3:00:00:00:80:D2:C0:00:00:80:D1:40:00:00:80:D1:C0:00:00:80:D2:80:00:00:80:CE:80:00:00:80:AE:00:00:00:80:D4:40:00:00:80:D2:80:00:00:80:D4:00:00:00:80:D5:80:00:00:80:D3:40:00:00:80:D1:00:00:00:80:D3:C0:00:00:80:D0:C0:00:00:80:D2:C0:00:00:80:CF:C0:8D:81:80:00:FF:FF:00:00:00:AB:10:45:46]
[53:48:DA:00:C8:05:85:00:00:80:D4:80:00:00:80:D3:C0:00:00:80:D1:40:00:00:80:C6:40:00:00:80:C7:00:00:00:80:D2:C0:00:00:80:D1:C0:00:00:80:D4:80:00:00:80:D3:80:00:00:80:CC:C0:00:00:80:D5:C0:00:00:80:D4:40:00:00:80:CF:C0:00:00:80:D2:C0:00:00:80:D3:C0:00:00:80:CF:80:00:00:80:D3:00:00:00:80:D3:40:00:00:80:D1:40:00:00:80:CF:00:8D:7E:40:00:FF:FF:00:00:00:AB:10:45:46]
[53:48:DA:00:C8:05:86:00:00:80:D1:C0:00:00:80:D1:40:00:00:80:D3:C0:00:00:80:D2:C0:00:00:80:D0:40:00:00:80:D1:00:00:00:80:D4:40:00:00:80:C2:00:00:00:80:D2:80:00:00:80:D1:00:00:00:80:D4:40:00:00:80:D5:00:00:00:80:D2:C0:00:00:80:D0:40:00:00:80:CF:80:00:00:80:D1:00:00:00:80:D1:80:00:00:80:D4:80:00:00:80:D4:00:00:00:80:D2:C0:8D:67:80:00:FF:FF:00:00:00:AB:10:45:46]
[53:48:DA:00:C8:05:87:00:00:80:D1:C0:00:00:80:D0:C0:00:00:80:D2:40:00:00:80:D4:80:00:00:80:D1:80:00:00:80:D3:40:00:00:80:D1:00:00:00:80:CF:80:00:00:80:D3:80:00:00:80:D2:40:00:00:80:D2:00:00:00:80:C6:40:00:00:80:D2:00:00:00:80:D0:C0:00:00:80:D1:00:00:00:80:D4:00:00:00:80:CF:00:00:00:80:D1:80:00:00:80:D2:80:00:00:80:D4:C0:8D:77:00:00:FF:FF:00:00:00:AB:10:45:46]
[53:48:DA:00:C8:05:88:00:00:80:CE:40:00:00:80:CF:40:00:00:80:D3:80:00:00:80:D2:40:00:00:80:CE:40:00:00:80:D3:C0:00:00:80:D5:80:00:00:80:D2:00:00:00:80:D1:40:00:00:80:D3:C0:00:00:80:D3:C0:00:00:80:D3:80:00:00:80:D2:00:00:00:80:D2:80:00:00:80:D3:80:00:00:80:C6:C0:00:00:80:D1:80:00:00:80:D2:00:00:00:80:D3:40:00:00:80:D1:C0:8D:6E:C0:00:FF:FF:00:00:00:AB:10:45:46]
[53:48:DA:00:C8:05:89:00:00:80:D1:80:00:00:80:D3:00:00:00:80:D2:40:00:00:80:D0:C0:00:00:80:D3:C0:00:00:80:D2:00:00:00:80:CF:80:00:00:80:D0:80:00:00:80:D3:00:00:00:80:D2:40:00:00:80:D2:40:00:00:80:CD:00:00:00:80:CF:00:00:00:80:D4:80:00:00:80:D2:40:00:00:80:CD:C0:00:00:80:D1:00:00:00:80:D3:C0:00:00:80:CD:80:00:00:80:CA:80:8D:76:00:00:FF:FF:00:00:00:AB:10:45:46]
[53:48:DA:00:C8:05:8A:00:00:80:D2:80:00:00:80:D2:80:00:00:80:D0:40:00:00:80:D3:40:00:00:80:D1:00:00:00:80:D1:C0:00:00:80:D2:40:00:00:80:D2:00:00:00:80:D4:00:00:00:80:D4:C0:00:00:80:D1:80:00:00:80:D4:00:00:00:80:D2:00:00:00:80:D2:40:00:00:80:D0:C0:00:00:80:D4:40:00:00:80:D3:C0:00:00:80:CE:C0:00:00:80:D2:00:00:00:80:D2:80:8D:8E:00:00:FF:FF:00:00:00:AB:10:45:46]
[53:48:DA:00:C8:05:8B:00:00:80:D5:40:00:00:80:D3:C0:00:00:80:D1:40:00:00:80:D1:00:00:00:80:D0:00:00:00:80:BA:00:00:00:80:D1:C0:00:00:80:D4:80:00:00:80:D5:40:00:00:80:D3:C0:00:00:80:D0:80:00:00:80:CE:80:00:00:80:D0:80:00:00:80:D1:00:00:00:80:D1:80:00:00:80:D4:40:00:00:80:D0:80:00:00:80:D0:40:00:00:80:CF:40:00:00:80:D1:00:8D:54:C0:00:FF:FF:00:00:00:AB:10:45:46]
[53:48:DA:00:C8:05:8C:00:00:80:D2:80:00:00:80:D2:00:00:00:80:CE:40:00:00:80:D1:00:00:00:80:CD:40:00:00:80:CF:C0:00:00:80:C0:40:00:00:80:BD:00:00:00:80:D2:40:00:00:80:CF:40:00:00:80:CF:00:00:00:80:D2:80:00:00:80:D0:80:00:00:80:D1:40:00:00:80:D2:80:00:00:80:CF:00:00:00:80:D0:40:00:00:80:CA:C0:00:00:80:D2:80:00:00:80:D0:C0:8D:65:40:00:FF:FF:00:00:00:AB:10:45:46]
[53:48:DA:00:C8:05:8D:00:00:80:D1:C0:00:00:80:D3:40:00:00:80:D3:C0:00:00:80:CE:80:00:00:80:B4:80:00:00:80:D1:C0:00:00:80:D2:40:00:00:80:D1:80:00:00:80:D4:40:00:00:80:D1:80:00:00:80:C3:C0:00:00:80:D2:00:00:00:80:D2:C0:00:00:80:CE:80:00:00:80:D3:00:00:00:80:D0:80:00:00:80:D2:80:00:00:80:D1:80:00:00:80:D2:00:00:00:80:CE:C0:8D:6F:C0:00:FF:FF:00:00:00:AB:10:45:46]
[53:48:DA:00:C8:05:8E:00:00:80:CE:00:00:00:80:D5:00:00:00:80:D0:80:00:00:80:D0:80:00:00:80:D1:40:00:00:80:D4:00:00:00:80:D5:00:00:00:80:D2:00:00:00:80:D3:00:00:00:80:CF:00:00:00:80:D2:C0:00:00:80:CF:C0:00:00:80:D2:40:00:00:80:D2:00:00:00:80:C4:40:00:00:80:D2:40:00:00:80:D0:00:00:00:80:D2:00:00:00:80:CF:80:00:00:80:D0:00:8D:5D:00:00:FF:FF:00:00:00:AB:10:45:46]
[53:48:DA:00:C8:05:8F:00:00:80:D1:00:00:00:80:D3:40:00:00:80:D2:00:00:00:80:95:C0:00:00:80:D1:40:00:00:80:CE:40:00:00:80:CF:00:00:00:80:CE:00:00:00:80:CC:40:00:00:80:D2:40:00:00:80:D4:C0:00:00:80:D2:40:00:00:80:D0:80:00:00:80:D4:00:00:00:80:CF:C0:00:00:80:D2:C0:00:00:80:D0:80:00:00:80:CE:80:00:00:80:C0:80:00:00:80:CF:00:8D:71:C0:00:FF:FF:00:00:00:AB:10:45:46]
[53:48:DA:00:C8:05:90:00:00:80:D0:40:00:00:80:D7:00:00:00:80:D2:40:00:00:80:D4:40:00:00:80:D1:00:00:00:80:D1:C0:00:00:80:CD:40:00:00:80:CE:00:00:00:80:D1:80:00:00:80:CD:C0:00:00:80:D4:00:00:00:80:D5:80:00:00:80:D2:00:00:00:80:D2:C0:00:00:80:C7:00:00:00:80:D0:80:00:00:80:D2:40:00:00:80:CB:80:00:00:80:CF:C0:00:00:80:CD:00:8D:6B:80:00:FF:FF:00:00:00:AB:10:45:46]
[53:48:DA:00:C8:05:91:00:00:80:CF:C0:00:00:80:C4:00:00:00:80:69:00:00:00:80:D3:80:00:00:80:D1:40:00:00:80:CF:C0:00:00:80:D1:C0:00:00:80:D2:80:00:00:80:D0:80:00:00:80:CF:C0:00:00:80:CF:80:00:00:80:D1:00:00:00:80:D0:00:00:00:80:D0:C0:00:00:80:C9:00:00:00:80:CE:80:00:00:80:CE:C0:00:00:80:D0:40:00:00:80:CD:80:00:00:80:D1:80:8D:63:40:00:FF:FF:00:00:00:AB:10:45:46]
[53:48:DA:00:C8:05:92:00:00:80:CF:00:00:00:80:D0:00:00:00:80:CF:80:00:00:80:D1:80:00:00:80:D4:00:00:00:80:CA:00:00:00:80:CE:40:00:00:80:CF:40:00:00:80:CF:00:00:00:80:D3:40:00:00:80:D0:80:00:00:80:CD:00:00:00:80:D3:00:00:00:80:CE:40:00:00:80:D4:00:00:00:80:D0:C0:00:00:80:D1:40:00:00:80:CF:40:00:00:80:D2:40:00:00:80:CE:80:8D:5D:00:00:FF:FF:00:00:00:AB:10:45:46]
[53:48:DA:00:C8:05:93:00:00:80:CE:C0:00:00:80:4C:40:00:00:80:D2:00:00:00:80:CE:40:00:00:80:D2:00:00:00:80:D1:C0:00:00:80:CC:80:00:00:80:D3:80:00:00:80:CD:80:00:00:80:C1:40:00:00:80:D1:80:00:00:80:D1:C0:00:00:80:D3:80:00:00:80:D2:00:00:00:80:D1:C0:00:00:80:CE:80:00:00:80:D4:00:00:00:80:D3:80:00:00:80:CF:80:00:00:80:D0:40:8D:95:40:00:FF:FF:00:00:00:AB:10:45:46]
[53:48:DA:00:C8:05:94:00:00:80:CE:C0:00:00:80:D2:C0:00:00:80:D1:C0:00:00:80:CE:80:00:00:80:D1:C0:00:00:80:D2:00:00:00:80:D3:C0:00:00:80:D4:00:00:00:80:D2:40:00:00:80:D3:80:00:00:80:D2:C0:00:00:80:D0:40:00:00:80:D0:80:00:00:80:CC:C0:00:00:80:CD:C0:00:00:80:CF:C0:00:00:80:CD:80:00:00:80:D4:80:00:00:80:D2:C0:00:00:80:D1:C0:8D:72:C0:00:FF:FF:00:00:00:AB:10:45:46]
[53:48:DA:00:C8:05:95:00:00:80:5D:00:00:00:80:D2:00:00:00:80:D4:00:00:00:80:D4:80:00:00:80:D2:40:00:00:80:D3:40:00:00:80:D4:40:00:00:80:CF:80:00:00:80:D2:C0:00:00:80:D0:40:00:00:80:D2:80:00:00:80:D0:80:00:00:80:D3:40:00:00:80:CF:40:00:00:80:D2:40:00:00:80:D3:C0:00:00:80:D0:80:00:00:80:CA:C0:00:00:80:D4:40:00:00:80:D1:00:8D:71:C0:00:FF:FF:00:00:00:AB:10:45:46]
[53:48:DA:00:C8:05:96:00:00:80:CE:80:00:00:80:D5:80:00:00:80:CE:00:00:00:80:D5:00:00:00:80:D3:40:00:00:80:D0:80:00:00:80:D4:80:00:00:80:D0:40:00:00:80:CF:C0:00:00:80:D3:00:00:00:80:D2:80:00:00:80:D5:40:00:00:80:D1:40:00:00:80:D0:80:00:00:80:D2:00:00:00:80:D1:80:00:00:80:D3:C0:00:00:80:D1:80:00:00:80:D2:00:00:00:80:D2:C0:8D:68:80:00:FF:FF:00:00:00:AB:10:45:46]
[53:48:DA:00:C8:05:97:00:00:80:CA:00:00:00:80:C1:C0:00:00:80:D0:00:00:00:80:D5:40:00:00:80:D1:00:00:00:80:D3:00:00:00:80:D0:40:00:00:80:D4:C0:00:00:80:CF:80:00:00:80:D1:C0:00:00:80:D0:C0:00:00:80:CF:C0:00:00:80:D2:80:00:00:80:D1:C0:00:00:80:D4:00:00:00:80:D4:40:00:00:80:D4:40:00:00:80:D4:C0:00:00:80:D2:40:00:00:80:D2:C0:8D:6B:80:00:FF:FF:00:00:00:AB:10:45:46]
[53:48:DA:00:C8:05:98:00:00:80:CE:C0:00:00:80:D2:00:00:00:80:D2:40:00:00:80:D4:C0:00:00:80:CB:40:00:00:80:D1:C0:00:00:80:D3:C0:00:00:80:CE:C0:00:00:80:D8:40:00:00:80:CF:40:00:00:80:D3:80:00:00:80:D0:C0:00:00:80:D1:00:00:00:80:D2:80:00:00:80:D4:00:00:00:80:D2:C0:00:00:80:CE:80:00:00:80:D4:C0:00:00:80:D0:40:00:00:80:7B:00:8D:54:C0:00:FF:FF:00:00:00:AB:10:45:46]
[53:48:DA:00:C8:05:99:00:00:80:D0:40:00:00:80:D2:00:00:00:80:D4:40:00:00:80:D4:40:00:00:80:D5:C0:00:00:80:D4:00:00:00:80:D5:40:00:00:80:D1:C0:00:00:80:CC:40:00:00:80:D1:80:00:00:80:D0:C0:00:00:80:D4:00:00:00:80:D4:00:00:00:80:D3:C0:00:00:80:D1:C0:00:00:80:D4:00:00:00:80:D4:00:00:00:80:D3:40:00:00:80:D3:C0:00:00:80:D2:C0:8D:66:80:00:FF:FF:00:00:00:AB:10:45:46]
[53:48:DA:00:C8:05:9A:00:00:80:D2:00:00:00:80:D1:40:00:00:80:D0:80:00:00:80:D0:80:00:00:80:D2:80:00:00:80:CF:80:00:00:80:D2:C0:00:00:80:D1:00:00:00:80:D2:00:00:00:80:D4:C0:00:00:80:CE:40:00:00:80:D2:40:00:00:80:CC:80:00:00:80:D3:C0:00:00:80:D2:C0:00:00:80:D1:C0:00:00:80:D1:00:00:00:80:D1:00:00:00:80:86:00:00:00:80:D1:40:8D:7A:40:00:FF:FF:00:00:00:AB:10:45:46]
[53:48:DA:00:C8:05:9B:00:00:80:D4:00:00:00:80:CF:80:00:00:80:D4:40:00:00:80:D2:40:00:00:80:D0:00:00:00:80:CE:C0:00:00:80:D0:C0:00:00:80:D1:40:00:00:80:CE:40:00:00:80:D1:00:00:00:80:D4:00:00:00:80:D3:C0:00:00:80:D0:80:00:00:80:D2:00:00:00:80:D0:40:00:00:80:D4:80:00:00:80:CE:00:00:00:80:D4:00:00:00:80:D2:00:00:00:80:D1:80:8D:6E:C0:00:FF:FF:00:00:00:AB:10:45:46]
[53:48:DA:00:C8:05:9C:00:00:80:CD:80:00:00:80:D1:80:00:00:80:D1:80:00:00:80:CC:40:00:00:80:CF:C0:00:00:80:D2:00:00:00:80:CF:40:00:00:80:CF:00:00:00:80:D2:C0:00:00:80:CF:40:00:00:80:D1:40:00:00:80:D4:80:00:00:80:D1:C0:00:00:80:D2:80:00:00:80:D4:40:00:00:80:D1:00:00:00:80:D0:C0:00:00:80:5A:40:00:00:80:CD:C0:00:00:80:D2:C0:8D:80:40:00:FF:FF:00:00:00:AB:10:45:46]
[53:48:DA:00:C8:05:9D:00:00:80:D1:C0:00:00:80:D1:00:00:00:80:D1:C0:00:00:80:D0:C0:00:00:80:CE:00:00:00:80:CF:C0:00:00:80:D2:80:00:00:80:D0:40:00:00:80:D2:80:00:00:80:D2:00:00:00:80:CD:00:00:00:80:D2:40:00:00:80:D3:00:00:00:80:D0:00:00:00:80:CF:40:00:00:80:D6:C0:00:00:80:CE:80:00:00:80:CE:00:00:00:80:CD:C0:00:00:80:D0:80:8D:5E:00:00:FF:FF:00:00:00:AB:10:45:46]
[53:48:DA:00:C8:05:9E:00:00:80:CF:00:00:00:80:CF:80:00:00:80:D5:40:00:00:80:C3:80:00:00:80:C2:00:00:00:80:CE:C0:00:00:80:D0:00:00:00:80:D3:00:00:00:80:D0:00:00:00:80:CD:80:00:00:80:D2:C0:00:00:80:D1:C0:00:00:80:D2:40:00:00:80:D2:40:00:00:80:D1:40:00:00:80:D1:40:00:00:80:3D:80:00:00:80:D2:C0:00:00:80:D2:00:00:00:80:D1:80:8D:63:40:00:FF:FF:00:00:00:AB:10:45:46]
[53:48:DA:00:C8:05:9F:00:00:80:D1:C0:00:00:80:D2:80:00:00:80:D4:C0:00:00:80:D0:40:00:00:80:D5:40:00:00:80:D5:40:00:00:80:D3:80:00:00:80:A0:00:00:00:80:D4:00:00:00:80:D3:80:00:00:80:D2:C0:00:00:80:D2:40:00:00:80:D3:80:00:00:80:D2:00:00:00:80:D2:C0:00:00:80:D4:00:00:00:80:D2:C0:00:00:80:D3:00:00:00:80:D4:80:00:00:80:D3:00:8D:60:40:00:FF:FF:00:00:00:AB:10:45:46]
[53:48:DA:00:C8:05:A0:00:00:80:D2:C0:00:00:80:D3:40:00:00:80:D4:C0:00:00:80:D2:00:00:00:80:D2:00:00:00:80:D3:00:00:00:80:D3:40:00:00:80:D1:40:00:00:80:D1:00:00:00:80:D2:40:00:00:80:D1:C0:00:00:80:C7:00:00:00:80:D1:C0:00:00:80:D2:40:00:00:80:D3:C0:00:00:80:57:40:00:00:80:D1:80:00:00:80:CF:C0:00:00:80:CF:40:00:00:80:D2:00:8D:6B:80:00:FF:FF:00:00:00:AB:10:45:46]
[53:48:DA:00:C8:05:A1:00:00:80:D1:C0:00:00:80:D0:80:00:00:80:D2:C0:00:00:80:D4:C0:00:00:80:CF:C0:00:00:80:D3:00:00:00:80:D0:C0:00:00:80:D4:40:00:00:80:D1:00:00:00:80:D2:40:00:00:80:CF:40:00:00:80:D3:C0:00:00:80:D2:00:00:00:80:D2:80:00:00:80:CF:C0:00:00:80:CE:80:00:00:80:D3:C0:00:00:80:D2:40:00:00:80:D1:C0:00:00:80:D2:40:8D:6F:C0:00:FF:FF:00:00:00:AB:10:45:46]
[53:48:DA:00:C8:05:A2:00:00:80:D2:80:00:00:80:D1:40:00:00:80:D3:40:00:00:80:D1:80:00:00:80:D2:00:00:00:80:D2:00:00:00:80:D2:80:00:00:80:D4:80:00:00:80:D2:80:00:00:80:D1:00:00:00:80:D0:40:00:00:80:CA:40:00:00:80:D4:40:00:00:80:D3:80:00:00:80:77:00:00:00:80:D5:40:00:00:80:D1:80:00:00:80:D1:80:00:00:80:D2:00:00:00:80:CD:40:8D:6B:80:00:FF:FF:00:00:00:AB:10:45:46]
[53:48:DA:00:C8:05:A3:00:00:80:D3:00:00:00:80:D4:80:00:00:80:CF:40:00:00:80:D2:80:00:00:80:D1:40:00:00:80:CF:C0:00:00:80:D1:C0:00:00:80:D0:40:00:00:80:D5:00:00:00:80:D2:00:00:00:80:D2:80:00:00:80:D3:00:00:00:80:D4:80:00:00:80:D1:C0:00:00:80:D5:00:00:00:80:D1:C0:00:00:80:D3:00:00:00:80:D5:00:00:00:80:D1:00:00:00:80:D5:40:8D:78:00:00:FF:FF:00:00:00:AB:10:45:46]
[53:48:DA:00:C8:05:A4:00:00:80:D0:00:00:00:80:D0:40:00:00:80:CF:00:00:00:80:CA:C0:00:00:80:D1:80:00:00:80:CF:40:00:00:80:D4:C0:00:00:80:D1:40:00:00:80:D2:40:00:00:80:D1:40:00:00:80:CF:40:00:00:80:CF:80:00:00:80:D2:00:00:00:80:9B:C0:00:00:80:D2:00:00:00:80:CF:80:00:00:80:CE:80:00:00:80:CE:00:00:00:80:D1:80:00:00:80:D1:00:8D:7D:40:00:FF:FF:00:00:00:AB:10:45:46]
[53:48:DA:00:C8:05:A5:00:00:80:D1:00:00:00:80:D0:80:00:00:80:D3:C0:00:00:80:D2:80:00:00:80:D0:80:00:00:80:D0:40:00:00:80:CD:80:00:00:80:D0:00:00:00:80:D0:C0:00:00:80:CF:80:00:00:80:CE:80:00:00:80:CF:C0:00:00:80:D4:00:00:00:80:D2:00:00:00:80:D0:C0:00:00:80:D0:00:00:00:80:D1:40:00:00:80:D4:40:00:00:80:CF:C0:00:00:80:D0:80:8D:76:00:00:FF:FF:00:00:00:AB:10:45:46]
[53:48:DA:00:C8:05:A6:00:00:80:CE:C0:00:00:80:D2:40:00:00:80:D1:80:00:00:80:CF:80:00:00:80:D0:C0:00:00:80:D4:00:00:00:80:CE:40:00:00:80:D1:40:00:00:80:CF:80:00:00:80:D2:00:00:00:80:C6:80:00:00:80:D0:C0:00:00:80:D2:C0:00:00:80:D0:00:00:00:80:D2:80:00:00:80:D1:00:00:00:80:D1:00:00:00:80:D4:C0:00:00:80:CE:00:00:00:80:D1:00:8D:77:00:00:FF:FF:00:00:00:AB:10:45:46]
[53:48:DA:00:C8:05:A7:00:00:80:D1:40:00:00:80:D3:40:00:00:80:D5:40:00:00:80:CE:C0:00:00:80:D2:00:00:00:80:D3:C0:00:00:80:D0:C0:00:00:80:CF:00:00:00:80:D3:00:00:00:80:D3:80:00:00:80:CF:80:00:00:80:D4:40:00:00:80:D2:40:00:00:80:D0:80:00:00:80:CA:00:00:00:80:D0:00:00:00:80:D4:40:00:00:80:D3:40:00:00:80:D2:40:00:00:80:D5:40:8D:80:40:00:FF:FF:00:00:00:AB:10:45:46]
[53:48:DA:00:C8:05:A8:00:00:80:D0:00:00:00:80:CF:80:00:00:80:D0:C0:00:00:80:D1:40:00:00:80:D3:80:00:00:80:D1:80:00:00:80:D1:80:00:00:80:D3:80:00:00:80:D0:40:00:00:80:D0:C0:00:00:80:D1:40:00:00:80:D4:40:00:00:80:D1:C0:00:00:80:D2:C0:00:00:80:D3:40:00:00:80:D0:80:00:00:80:C9:80:00:00:80:D3:C0:00:00:80:D1:40:00:00:80:D3:80:8D:7E:40:00:FF:FF:00:00:00:AB:10:45:46]
[53:48:DA:00:C8:05:A9:00:00:80:D3:00:00:00:80:D2:40:00:00:80:D0:C0:00:00:80:D1:80:00:00:80:D3:00:00:00:80:D2:C0:00:00:80:D3:00:00:00:80:D3:80:00:00:80:D3:C0:00:00:80:D1:C0:00:00:80:CD:80:00:00:80:D1:80:00:00:80:CA:40:00:00:80:CF:40:00:00:80:D1:40:00:00:80:D2:40:00:00:80:D3:00:00:00:80:D3:C0:00:00:80:D2:40:00:00:80:D0:40:8D:8B:C0:00:FF:FF:00:00:00:AB:10:45:46]
[53:48:DA:00:C8:05:AA:00:00:80:CE:40:00:00:80:CA:00:00:00:80:C6:80:00:00:80:CD:80:00:00:80:D2:40:00:00:80:D1:00:00:00:80:CF:00:00:00:80:D3:80:00:00:80:CE:80:00:00:80:D0:C0:00:00:80:CF:00:00:00:80:D1:C0:00:00:80:CF:00:00:00:80:D0:C0:00:00:80:D1:00:00:00:80:D3:80:00:00:80:D4:C0:00:00:80:D2:40:00:00:80:D0:40:00:00:80:D1:40:8D:7F:40:00:FF:FF:00:00:00:AB:10:45:46]
[53:48:DA:00:C8:05:AB:00:00:80:D2:C0:00:00:80:CD:80:00:00:80:CF:40:00:00:80:D2:40:00:00:80:CF:C0:00:00:80:CD:40:00:00:80:D2:00:00:00:80:CF:40:00:00:80:D2:80:00:00:80:B4:00:00:00:80:CF:80:00:00:80:D2:00:00:00:80:D3:80:00:00:80:CF:C0:00:00:80:D0:C0:00:00:80:CF:40:00:00:80:BF:40:00:00:80:D1:00:00:00:80:D5:00:00:00:80:D4:40:8D:86:80:00:FF:FF:00:00:00:AB:10:45:46]
[53:48:DA:00:C8:05:AC:00:00:80:D1:C0:00:00:80:D1:C0:00:00:80:D2:C0:00:00:80:D3:00:00:00:80:CD:C0:00:00:80:CC:C0:00:00:80:D2:40:00:00:80:D1:40:00:00:80:D1:40:00:00:80:CE:00:00:00:80:CE:00:00:00:80:D3:00:00:00:80:D6:40:00:00:80:CF:C0:00:00:80:D0:80:00:00:80:D6:00:00:00:80:D2:C0:00:00:80:D0:80:00:00:80:D0:80:00:00:80:D0:C0:8D:8B:C0:00:FF:FF:00:00:00:AB:10:45:46]
[53:48:DA:00:C8:05:AD:00:00:80:D1:80:00:00:80:CD:80:00:00:80:CF:40:00:00:80:D3:40:00:00:80:CD:80:00:00:80:D3:00:00:00:80:D1:80:00:00:80:D1:C0:00:00:80:A8:40:00:00:80:CF:00:00:00:80:CE:40:00:00:80:CF:80:00:00:80:D3:C0:00:00:80:CD:40:00:00:80:D2:40:00:00:80:D1:40:00:00:80:D5:00:00:00:80:D2:80:00:00:80:D0:80:00:00:80:D3:40:8D:67:80:00:FF:FF:00:00:00:AB:10:45:46]
[53:48:DA:00:C8:05:AE:00:00:80:CF:40:00:00:80:D1:00:00:00:80:D2:40:00:00:80:D5:00:00:00:80:D1:C0:00:00:80:D2:40:00:00:80:D3:40:00:00:80:D5:00:00:00:80:D0:00:00:00:80:D3:00:00:00:80:D1:40:00:00:80:D1:40:00:00:80:D1:C0:00:00:80:D2:80:00:00:80:D0:00:00:00:80:CD:C0:00:00:80:D4:40:00:00:80:CF:00:00:00:80:D3:40:00:00:80:D0:00:8D:85:80:00:FF:FF:00:00:00:AB:10:45:46]
[53:48:DA:00:C8:05:AF:00:00:80:D4:00:00:00:80:D3:80:00:00:80:D2:80:00:00:80:D2:40:00:00:80:CF:80:00:00:80:CE:80:00:00:80:D1:40:00:00:80:74:00:00:00:80:D4:00:00:00:80:D1:40:00:00:80:D3:80:00:00:80:D3:80:00:00:80:D2:40:00:00:80:D1:C0:00:00:80:D2:80:00:00:80:D3:40:00:00:80:D2:40:00:00:80:D5:80:00:00:80:D0:00:00:00:80:D2:40:8D:67:80:00:FF:FF:00:00:00:AB:10:45:46]
[53:48:DA:00:C8:05:B0:00:00:80:CB:40:00:00:80:C0:00:00:00:80:D1:80:00:00:80:D0:00:00:00:80:D4:00:00:00:80:D5:00:00:00:80:D1:C0:00:00:80:D5:80:00:00:80:D6:00:00:00:80:D3:00:00:00:80:D1:80:00:00:80:D3:C0:00:00:80:D0:80:00:00:80:CF:80:00:00:80:D6:C0:00:00:80:D4:00:00:00:80:D5:C0:00:00:80:D2:C0:00:00:80:D3:40:00:00:80:D1:40:8D:7D:40:00:FF:FF:00:00:00:AB:10:45:46]
[53:48:DA:00:C8:05:B1:00:00:80:D1:C0:00:00:80:D3:00:00:00:80:D1:80:00:00:80:D4:00:00:00:80:CD:00:00:00:80:D2:80:00:00:80:3D:00:00:00:80:D1:C0:00:00:80:D1:80:00:00:80:D3:80:00:00:80:D0:C0:00:00:80:D5:00:00:00:80:D3:80:00:00:80:D2:00:00:00:80:D2:40:00:00:80:D3:00:00:00:80:D2:40:00:00:80:D3:00:00:00:80:D2:C0:00:00:80:CF:C0:8D:7F:40:00:FF:FF:00:00:00:AB:10:45:46]
[53:48:DA:00:C8:05:B2:00:00:80:D0:80:00:00:80:D1:00:00:00:80:D0:C0:00:00:80:D0:80:00:00:80:CF:80:00:00:80:CD:40:00:00:80:C7:C0:00:00:80:CD:C0:00:00:80:D1:40:00:00:80:D0:40:00:00:80:D3:00:00:00:80:CE:40:00:00:80:CF:C0:00:00:80:D3:40:00:00:80:CF:80:00:00:80:D1:C0:00:00:80:D3:C0:00:00:80:D0:00:00:00:80:D1:C0:00:00:80:D0:40:8D:8A:C0:00:FF:FF:00:00:00:AB:10:45:46]
[53:48:DA:00:C8:05:B3:00:00:80:D5:00:00:00:80:D3:80:00:00:80:CF:00:00:00:80:D1:80:00:00:80:D3:00:00:00:80:37:C0:00:00:80:CF:00:00:00:80:CE:40:00:00:80:D1:00:00:00:80:D3:40:00:00:80:CD:00:00:00:80:D0:00:00:00:80:CC:C0:00:00:80:D3:C0:00:00:80:D2:C0:00:00:80:D1:00:00:00:80:CE:80:00:00:80:D2:80:00:00:80:D0:00:00:00:80:D3:C0:8D:7C:40:00:FF:FF:00:00:00:AB:10:45:46]
[53:48:DA:00:C8:05:B4:00:00:80:D5:C0:00:00:80:D0:C0:00:00:80:D1:80:00:00:80:D2:80:00:00:80:CF:40:00:00:80:D1:80:00:00:80:D1:80:00:00:80:D2:80:00:00:80:D0:C0:00:00:80:D3:40:00:00:80:D1:00:00:00:80:D1:80:00:00:80:D4:00:00:00:80:D0:80:00:00:80:D3:40:00:00:80:D3:40:00:00:80:CF:40:00:00:80:D0:00:00:00:80:D3:80:00:00:80:D3:40:8D:82:80:00:FF:FF:00:00:00:AB:10:45:46]
[53:48:DA:00:C8:05:B5:00:00:80:CC:C0:00:00:80:D4:00:00:00:80:D2:80:00:00:80:D0:C0:00:00:80:52:80:00:00:80:D2:80:00:00:80:D2:00:00:00:80:D2:00:00:00:80:CC:C0:00:00:80:CF:40:00:00:80:D4:80:00:00:80:D4:C0:00:00:80:CE:C0:00:00:80:CF:00:00:00:80:D3:00:00:00:80:D3:C0:00:00:80:D2:80:00:00:80:D3:40:00:00:80:CF:40:00:00:80:C9:40:8D:99:40:00:FF:FF:00:00:00:AB:10:45:46]
[53:48:DA:00:C8:05:B6:00:00:80:C9:C0:00:00:80:D0:40:00:00:80:D2:00:00:00:80:CF:C0:00:00:80:D0:80:00:00:80:CE:C0:00:00:80:D2:40:00:00:80:D3:00:00:00:80:C6:C0:00:00:80:D0:80:00:00:80:D1:40:00:00:80:D3:80:00:00:80:D0:C0:00:00:80:CF:00:00:00:80:CF:80:00:00:80:D2:C0:00:00:80:D2:C0:00:00:80:D0:80:00:00:80:D1:80:00:00:80:D2:80:8D:93:00:00:FF:FF:00:00:00:AB:10:45:46]
[53:48:DA:00:C8:05:05:00:00:80:CC:80:00:00:80:D0:00:00:00:80:D1:00:00:00:80:D3:00:00:00:80:D0:C0:00:00:80:D0:40:00:00:80:D1:40:00:00:80:D3:80:00:00:80:D1:C0:00:00:80:D4:80:00:00:80:D1:40:00:00:80:D1:C0:00:00:80:CE:C0:00:00:80:D0:80:00:00:80:D3:80:00:00:80:D2:00:00:00:80:D6:00:00:00:80:CF:C0:00:00:80:D3:80:00:00:80:D3:40:8D:EE:80:00:FF:FF:00:00:00:AB:10:45:46]
[53:48:DA:00:C8:05:06:00:00:80:D3:00:00:00:80:BF:00:00:00:80:D6:C0:00:00:80:D0:00:00:00:80:D4:00:00:00:80:D3:40:00:00:80:D0:80:00:00:80:D3:00:00:00:80:CE:C0:00:00:80:CB:C0:00:00:80:CD:C0:00:00:80:D1:80:00:00:80:D4:00:00:00:80:D0:00:00:00:80:D0:00:00:00:80:D0:40:00:00:80:CF:00:00:00:80:D0:00:00:00:80:D3:00:00:00:80:D2:C0:8D:E9:40:00:FF:FF:00:00:00:AB:10:45:46]
[53:48:DA:00:C8:05:07:00:00:80:D1:00:00:00:80:CE:40:00:00:80:D5:C0:00:00:80:D1:40:00:00:80:D2:40:00:00:80:D0:00:00:00:80:CF:80:00:00:80:D3:00:00:00:80:D1:00:00:00:80:D0:40:00:00:80:CC:C0:00:00:80:D2:C0:00:00:80:D1:C0:00:00:80:D3:C0:00:00:80:D0:80:00:00:80:D4:00:00:00:80:D0:40:00:00:80:D6:80:00:00:80:D2:80:00:00:80:D4:80:8D:F0:80:00:FF:FF:00:00:00:AB:10:45:46]
[53:48:DA:00:C8:05:08:00:00:80:C6:80:00:00:80:D2:C0:00:00:80:D3:40:00:00:80:D0:80:00:00:80:D3:00:00:00:80:D1:00:00:00:80:D1:40:00:00:80:D4:40:00:00:80:CE:80:00:00:80:D2:00:00:00:80:D1:C0:00:00:80:D0:00:00:00:80:CF:80:00:00:80:D4:00:00:00:80:D2:00:00:00:80:D2:40:00:00:80:D3:00:00:00:80:D0:40:00:00:80:D0:C0:00:00:80:CF:40:8D:EA:40:00:FF:FF:00:00:00:AB:10:45:46]
[53:48:DA:00:C8:05:09:00:00:80:CF:40:00:00:80:D1:80:00:00:80:D3:40:00:00:80:D0:40:00:00:80:D1:C0:00:00:80:D3:00:00:00:80:D0:C0:00:00:80:D2:C0:00:00:80:CF:00:00:00:80:D1:80:00:00:80:D1:C0:00:00:80:D0:00:00:00:80:CD:40:00:00:80:D1:C0:00:00:80:D3:80:00:00:80:D2:80:00:00:80:D5:80:00:00:80:D3:00:00:00:80:D4:00:00:00:80:CF:C0:8D:FB:00:00:FF:FF:00:00:00:AB:10:45:46]
[53:48:DA:00:C8:05:0A:00:00:80:D2:80:00:00:80:D5:40:00:00:80:D2:80:00:00:80:D0:80:00:00:80:D9:40:00:00:80:D1:00:00:00:80:D2:00:00:00:80:CF:C0:00:00:80:D4:40:00:00:80:D3:00:00:00:80:D1:00:00:00:80:D2:00:00:00:80:D2:80:00:00:80:D2:00:00:00:80:D2:80:00:00:80:D3:00:00:00:80:D3:80:00:00:80:D4:C0:00:00:80:D5:80:00:00:80:D0:40:8D:E6:40:00:FF:FF:00:00:00:AB:10:45:46]
[53:48:DA:00:C8:05:0B:00:00:80:D1:40:00:00:80:D4:40:00:00:80:D0:C0:00:00:80:D5:C0:00:00:80:D3:40:00:00:80:D3:80:00:00:80:D2:80:00:00:80:D4:80:00:00:80:D5:00:00:00:80:D3:C0:00:00:80:D1:80:00:00:80:D3:00:00:00:80:D4:80:00:00:80:D3:40:00:00:80:D2:40:00:00:80:D2:40:00:00:80:D1:40:00:00:80:D3:00:00:00:80:D5:00:00:00:80:D3:00:8D:EB:80:00:FF:FF:00:00:00:AB:10:45:46]
[53:48:DA:00:C8:05:0C:00:00:80:D2:C0:00:00:80:D4:80:00:00:80:D4:80:00:00:80:D4:00:00:00:80:D7:C0:00:00:80:D2:40:00:00:80:D3:40:00:00:80:D4:00:00:00:80:D8:00:00:00:80:C8:40:00:00:80:D2:80:00:00:80:D4:00:00:00:80:D2:00:00:00:80:D3:C0:00:00:80:D1:C0:00:00:80:D6:40:00:00:80:D6:40:00:00:80:D5:00:00:00:80:D3:C0:00:00:80:D4:00:8D:E6:40:00:FF:FF:00:00:00:AB:10:45:46]
[53:48:DA:00:C8:05:0D:00:00:80:D4:C0:00:00:80:D2:C0:00:00:80:D0:80:00:00:80:D1:40:00:00:80:D6:40:00:00:80:D4:C0:00:00:80:D2:00:00:00:80:D1:C0:00:00:80:D4:40:00:00:80:D7:80:00:00:80:D2:00:00:00:80:D4:C0:00:00:80:CD:00:00:00:80:D3:80:00:00:80:D2:80:00:00:80:D5:C0:00:00:80:D3:00:00:00:80:D3:00:00:00:80:9C:80:00:00:80:D6:40:8D:FE:00:00:FF:FF:00:00:00:AB:10:45:46]
[53:48:DA:00:C8:05:0E:00:00:80:D6:80:00:00:80:D3:C0:00:00:80:D1:00:00:00:80:CF:80:00:00:80:D3:C0:00:00:80:D4:00:00:00:80:D3:40:00:00:80:D6:00:00:00:80:D1:40:00:00:80:D1:80:00:00:80:D2:C0:00:00:80:D4:40:00:00:80:D4:40:00:00:80:D4:40:00:00:80:D5:40:00:00:80:D3:40:00:00:80:D5:80:00:00:80:CE:00:00:00:80:D4:C0:00:00:80:D4:00:8D:D7:C0:00:FF:FF:00:00:00:AB:10:45:46]
[53:48:DA:00:C8:05:0F:00:00:80:D7:40:00:00:80:D1:40:00:00:80:D4:80:00:00:80:CF:40:00:00:80:D1:40:00:00:80:D3:C0:00:00:80:C7:80:00:00:80:D0:40:00:00:80:D4:00:00:00:80:D4:00:00:00:80:CF:00:00:00:80:D5:00:00:00:80:D5:00:00:00:80:D5:00:00:00:80:D6:00:00:00:80:D4:00:00:00:80:D5:80:00:00:80:D3:00:00:00:80:D2:40:00:00:80:D2:40:8D:EE:80:00:FF:FF:00:00:00:AB:10:45:46]
[53:48:DA:00:C8:05:10:00:00:80:D3:C0:00:00:80:D5:00:00:00:80:D3:40:00:00:80:D4:C0:00:00:80:D1:80:00:00:80:D5:40:00:00:80:D2:80:00:00:80:D5:80:00:00:80:D3:40:00:00:80:D2:80:00:00:80:D5:40:00:00:80:D3:C0:00:00:80:D2:40:00:00:80:D4:80:00:00:80:D0:C0:00:00:80:D5:40:00:00:80:C6:C0:00:00:80:D2:C0:00:00:80:D4:80:00:00:80:D2:C0:8D:E9:40:00:FF:FF:00:00:00:AB:10:45:46]
[53:48:DA:00:C8:05:11:00:00:80:D6:00:00:00:80:C6:C0:00:00:80:D6:00:00:00:80:D5:40:00:00:80:D6:00:00:00:80:D7:C0:00:00:80:D3:00:00:00:80:D5:C0:00:00:80:D2:C0:00:00:80:D3:C0:00:00:80:D5:40:00:00:80:D4:40:00:00:80:D4:80:00:00:80:D7:00:00:00:80:D4:80:00:00:80:D4:00:00:00:80:D4:00:00:00:80:D1:00:00:00:80:D2:C0:00:00:80:D4:40:8E:15:00:00:FF:FF:00:00:00:AB:10:45:46]
[53:48:DA:00:C8:05:12:00:00:80:D6:40:00:00:80:D3:00:00:00:80:D2:00:00:00:80:D0:40:00:00:80:D2:40:00:00:80:CC:C0:00:00:80:D2:40:00:00:80:D6:C0:00:00:80:D4:00:00:00:80:D5:40:00:00:80:D2:80:00:00:80:D2:C0:00:00:80:D5:00:00:00:80:D5:00:00:00:80:D2:00:00:00:80:A4:C0:00:00:80:D3:80:00:00:80:D2:40:00:00:80:D5:C0:00:00:80:CD:C0:8E:05:40:00:FF:FF:00:00:00:AB:10:45:46]
[53:48:DA:00:C8:05:13:00:00:80:D6:00:00:00:80:D2:40:00:00:80:D4:00:00:00:80:CF:40:00:00:80:D1:00:00:00:80:D4:00:00:00:80:D2:00:00:00:80:D2:40:00:00:80:D4:C0:00:00:80:CD:C0:00:00:80:D3:00:00:00:80:D1:00:00:00:80:D3:00:00:00:80:D4:00:00:00:80:D2:C0:00:00:80:D3:C0:00:00:80:D2:80:00:00:80:D1:C0:00:00:80:D1:80:00:00:80:D3:C0:8E:04:40:00:FF:FF:00:00:00:AB:10:45:46]
[53:48:DA:00:C8:05:14:00:00:80:D3:00:00:00:80:D4:80:00:00:80:D1:C0:00:00:80:D3:C0:00:00:80:CF:40:00:00:80:D2:80:00:00:80:D1:80:00:00:80:D3:00:00:00:80:D1:40:00:00:80:D6:40:00:00:80:D3:00:00:00:80:D5:00:00:00:80:D1:80:00:00:80:D1:C0:00:00:80:73:C0:00:00:80:D6:00:00:00:80:D2:80:00:00:80:D4:00:00:00:80:D3:C0:00:00:80:D2:00:8E:04:40:00:FF:FF:00:00:00:AB:10:45:46]
[53:48:DA:00:C8:05:15:00:00:80:D2:40:00:00:80:D1:40:00:00:80:D1:40:00:00:80:C6:40:00:00:80:D2:80:00:00:80:D3:40:00:00:80:D3:00:00:00:80:D8:80:00:00:80:D4:80:00:00:80:D2:40:00:00:80:D8:80:00:00:80:D3:40:00:00:80:D7:00:00:00:80:CF:80:00:00:80:D2:00:00:00:80:D1:80:00:00:80:D5:40:00:00:80:C3:40:00:00:80:D2:C0:00:00:80:D3:80:8D:FD:00:00:FF:FF:00:00:00:AB:10:45:46]
[53:48:DA:00:C8:05:16:00:00:80:D2:C0:00:00:80:D2:C0:00:00:80:D0:40:00:00:80:CC:00:00:00:80:CC:40:00:00:80:CF:C0:00:00:80:D3:00:00:00:80:D3:80:00:00:80:D2:00:00:00:80:D1:40:00:00:80:D1:C0:00:00:80:D4:80:00:00:80:D0:C0:00:00:80:3B:80:00:00:80:D2:C0:00:00:80:CC:40:00:00:80:D4:00:00:00:80:D0:80:00:00:80:D1:00:00:00:80:D1:80:8E:11:C0:00:FF:FF:00:00:00:AB:10:45:46]
[53:48:DA:00:C8:05:17:00:00:80:CA:00:00:00:80:D2:C0:00:00:80:D0:C0:00:00:80:D0:C0:00:00:80:D2:80:00:00:80:D4:40:00:00:80:D2:40:00:00:80:D4:40:00:00:80:D2:80:00:00:80:D1:80:00:00:80:CC:C0:00:00:80:CF:00:00:00:80:CF:C0:00:00:80:C8:C0:00:00:80:C9:40:00:00:80:C5:00:00:00:80:C4:80:00:00:80:BC:C0:00:00:80:BA:40:00:00:80:AF:C0:8D:F1:C0:00:FF:FF:00:00:00:AB:10:45:46]
[53:48:DA:00:C8:05:18:00:00:80:9D:40:00:00:80:8A:80:00:00:80:78:40:00:00:80:58:40:00:00:80:1E:C0:00:00:7F:F6:40:00:00:7F:A8:00:00:00:7F:4F:C0:00:00:7E:FC:00:00:00:7E:6E:40:00:00:7E:14:C0:00:00:7D:95:00:00:00:7C:90:00:00:00:7C:E7:80:00:00:7C:88:80:00:00:7C:1F:80:00:00:7B:D7:40:00:00:7B:3D:40:00:00:7B:07:00:00:00:7A:C1:00:8D:F2:C0:00:FF:FF:00:00:00:AB:10:45:46]
[53:48:DA:00:C8:05:19:00:00:7A:42:00:00:00:79:E1:00:00:00:79:AF:40:00:00:79:E9:40:00:00:79:93:C0:00:00:79:8B:40:00:00:79:33:40:00:00:79:2E:00:00:00:79:01:00:00:00:79:0D:00:00:00:78:E2:80:00:00:78:A2:00:00:00:78:61:C0:00:00:78:36:80:00:00:77:FF:40:00:00:77:79:40:00:00:77:46:80:00:00:77:0A:00:00:00:77:1A:40:00:00:76:BE:00:8D:FC:00:00:FF:FF:00:00:00:AB:10:45:46]
[53:48:DA:00:C8:05:1A:00:00:76:37:00:00:00:76:47:C0:00:00:75:C3:40:00:00:75:A9:40:00:00:75:FD:80:00:00:75:A3:80:00:00:75:F2:40:00:00:75:38:80:00:00:75:B0:80:00:00:75:DA:40:00:00:75:61:C0:00:00:75:68:40:00:00:76:3A:C0:00:00:76:1A:00:00:00:76:4C:C0:00:00:76:40:C0:00:00:76:36:C0:00:00:76:D7:C0:00:00:76:82:40:00:00:76:43:C0:8E:07:80:00:FF:FF:00:00:00:AB:10:45:46]
[53:48:DA:00:C8:05:1B:00:00:76:82:80:00:00:76:B0:40:00:00:76:FC:80:00:00:77:4E:40:00:00:77:58:40:00:00:77:4F:00:00:00:77:24:C0:00:00:77:A2:40:00:00:76:F0:40:00:00:77:13:80:00:00:77:8E:C0:00:00:77:74:40:00:00:77:D4:40:00:00:77:C8:80:00:00:78:25:40:00:00:78:65:C0:00:00:78:A3:40:00:00:78:D0:00:00:00:79:33:40:00:00:79:7A:80:8E:1F:40:00:FF:FF:00:00:00:AB:10:45:46]
[53:48:DA:00:C8:05:1C:00:00:7A:36:40:00:00:7A:16:80:00:00:7A:58:40:00:00:7A:47:80:00:00:7A:B8:C0:00:00:7A:DC:80:00:00:7B:03:00:00:00:7A:FC:00:00:00:7B:51:40:00:00:7B:6E:00:00:00:7B:42:40:00:00:7B:CE:C0:00:00:7C:50:80:00:00:7C:39:80:00:00:7C:4A:40:00:00:7C:C3:00:00:00:7C:F7:00:00:00:7D:4D:00:00:00:7D:17:40:00:00:7D:5F:40:8D:EE:80:00:FF:FF:00:00:00:AB:10:45:46]
[53:48:DA:00:C8:05:1D:00:00:7D:EA:C0:00:00:7E:27:C0:00:00:7E:2E:C0:00:00:7E:5D:80:00:00:7E:7F:00:00:00:7E:9D:00:00:00:7E:CD:00:00:00:7F:0E:80:00:00:7F:18:80:00:00:7F:42:40:00:00:7F:72:00:00:00:7F:99:C0:00:00:7F:B7:C0:00:00:7F:DB:C0:00:00:7F:FC:40:00:00:80:08:00:00:00:80:16:40:00:00:80:25:C0:00:00:80:26:00:00:00:80:2F:40:8D:FF:40:00:FF:FF:00:00:00:AB:10:45:46]
[53:48:DA:00:C8:05:1E:00:00:80:4A:80:00:00:80:59:40:00:00:80:51:80:00:00:80:3D:40:00:00:80:4C:C0:00:00:80:6C:00:00:00:80:6F:00:00:00:80:7E:40:00:00:80:8E:80:00:00:80:67:00:00:00:80:AD:80:00:00:80:C7:80:00:00:80:D3:00:00:00:80:E0:40:00:00:80:E4:40:00:00:80:E4:00:00:00:80:DA:40:00:00:80:CC:C0:00:00:80:CB:40:00:00:80:C5:40:8E:03:40:00:FF:FF:00:00:00:AB:10:45:46]
[53:48:DA:00:C8:05:1F:00:00:80:C4:80:00:00:80:C9:80:00:00:80:CD:80:00:00:80:CF:80:00:00:80:D4:00:00:00:80:D2:C0:00:00:80:D6:80:00:00:80:C6:00:00:00:80:D8:80:00:00:80:DE:40:00:00:80:D8:40:00:00:80:DD:40:00:00:80:DB:C0:00:00:80:D8:80:00:00:80:DC:80:00:00:80:DF:00:00:00:80:E0:40:00:00:80:D2:00:00:00:80:DA:80:00:00:80:DA:80:8D:F5:C0:00:FF:FF:00:00:00:AB:10:45:46]
[53:48:DA:00:C8:05:20:00:00:80:D7:00:00:00:80:D5:00:00:00:80:CB:40:00:00:80:CE:40:00:00:80:C9:80:00:00:80:CD:80:00:00:80:C8:00:00:00:80:CC:C0:00:00:80:95:40:00:00:80:CD:80:00:00:80:D3:40:00:00:80:D0:00:00:00:80:D4:80:00:00:80:D8:C0:00:00:80:D8:C0:00:00:80:DA:00:00:00:80:CF:C0:00:00:80:D6:80:00:00:80:D3:80:00:00:80:D4:80:8E:16:00:00:FF:FF:00:00:00:AB:10:45:46]
[53:48:DA:00:C8:05:21:00:00:80:CC:80:00:00:80:D4:40:00:00:80:DB:80:00:00:80:DC:00:00:00:80:DB:80:00:00:80:E1:00:00:00:80:E2:00:00:00:80:E5:80:00:00:80:E4:80:00:00:80:E5:C0:00:00:80:E3:40:00:00:80:E3:40:00:00:80:DD:80:00:00:80:DD:40:00:00:80:DE:80:00:00:80:D7:C0:00:00:80:CE:00:00:00:80:D8:C0:00:00:80:CC:C0:00:00:80:DA:00:8E:05:40:00:FF:FF:00:00:00:AB:10:45:46]
[53:48:DA:00:C8:05:22:00:00:80:D1:40:00:00:80:C7:40:00:00:80:D2:C0:00:00:80:D5:00:00:00:80:D3:80:00:00:80:D5:80:00:00:80:D5:00:00:00:80:8D:C0:00:00:80:D9:00:00:00:80:CD:80:00:00:80:D6:00:00:00:80:D0:40:00:00:80:D8:40:00:00:80:D8:00:00:00:80:D2:C0:00:00:80:CD:00:00:00:80:D2:80:00:00:80:D8:00:00:00:80:D5:40:00:00:80:D6:80:8E:01:40:00:FF:FF:00:00:00:AB:10:45:46]
[53:48:DA:00:C8:05:23:00:00:80:D6:C0:00:00:80:D6:40:00:00:80:D8:40:00:00:80:D6:80:00:00:80:D7:40:00:00:80:D6:C0:00:00:80:D5:00:00:00:80:D0:00:00:00:80:D5:C0:00:00:80:DA:00:00:00:80:D6:00:00:00:80:D3:40:00:00:80:D6:80:00:00:80:D6:C0:00:00:80:D6:80:00:00:80:CB:C0:00:00:80:D5:00:00:00:80:D8:00:00:00:80:D7:40:00:00:80:D7:40:8D:F3:C0:00:FF:FF:00:00:00:AB:10:45:46]
[53:48:DA:00:C8:05:24:00:00:80:D2:00:00:00:80:D7:40:00:00:80:BC:80:00:00:80:D3:C0:00:00:80:D7:80:00:00:80:D6:40:00:00:80:78:80:00:00:80:D4:C0:00:00:80:D4:C0:00:00:80:D6:80:00:00:80:D8:C0:00:00:80:D9:80:00:00:80:D8:00:00:00:80:D9:80:00:00:80:CD:40:00:00:80:CF:80:00:00:80:D3:00:00:00:80:D4:00:00:00:80:D6:40:00:00:80:D0:80:8D:FA:00:00:FF:FF:00:00:00:AB:10:45:46]
[53:48:DA:00:C8:05:25:00:00:80:D2:C0:00:00:80:D5:40:00:00:80:D6:40:00:00:80:D2:40:00:00:80:D2:40:00:00:80:D4:00:00:00:80:C8:C0:00:00:80:D4:40:00:00:80:D3:C0:00:00:80:D2:C0:00:00:80:D5:00:00:00:80:D3:80:00:00:80:D4:C0:00:00:80:D8:40:00:00:80:C5:C0:00:00:80:D3:40:00:00:80:D5:40:00:00:80:D7:40:00:00:80:D5:C0:00:00:80:D4:40:8E:07:80:00:FF:FF:00:00:00:AB:10:45:46]
[53:48:DA:00:C8:05:26:00:00:80:D8:00:00:00:80:D6:40:00:00:80:D5:00:00:00:80:D2:C0:00:00:80:D3:00:00:00:80:9D:00:00:00:80:D6:40:00:00:80:D3:80:00:00:80:D4:C0:00:00:80:D3:C0:00:00:80:CD:C0:00:00:80:D4:C0:00:00:80:D3:40:00:00:80:C8:00:00:00:80:D4:C0:00:00:80:D2:40:00:00:80:D7:C0:00:00:80:D6:40:00:00:80:D6:80:00:00:80:D4:00:8E:08:80:00:FF:FF:00:00:00:AB:10:45:46]
[53:48:DA:00:C8:05:27:00:00:80:D4:80:00:00:80:D4:C0:00:00:80:D1:80:00:00:80:D5:80:00:00:80:D5:C0:00:00:80:D4:40:00:00:80:D3:C0:00:00:80:D5:C0:00:00:80:D7:00:00:00:80:D3:40:00:00:80:D5:40:00:00:80:D8:40:00:00:80:D7:80:00:00:80:C5:40:00:00:80:CF:00:00:00:80:D8:00:00:00:80:D2:00:00:00:80:D5:C0:00:00:80:D5:80:00:00:80:D5:00:8D:FA:00:00:FF:FF:00:00:00:AB:10:45:46]
[53:48:DA:00:C8:05:28:00:00:80:D3:C0:00:00:80:D0:C0:00:00:80:D3:C0:00:00:80:D3:40:00:00:80:AA:80:00:00:80:D7:40:00:00:80:D4:00:00:00:80:D9:80:00:00:80:D4:40:00:00:80:D8:00:00:00:80:D5:00:00:00:80:D6:80:00:00:80:C9:40:00:00:80:D7:40:00:00:80:D9:00:00:00:80:D4:C0:00:00:80:D8:80:00:00:80:D5:40:00:00:80:D0:80:00:00:80:D4:80:8E:05:40:00:FF:FF:00:00:00:AB:10:45:46]
[53:48:DA:00:C8:05:29:00:00:80:D6:00:00:00:80:D3:40:00:00:80:D6:00:00:00:80:D9:00:00:00:80:D3:80:00:00:80:D5:40:00:00:80:D6:C0:00:00:80:D4:C0:00:00:80:D5:80:00:00:80:D5:80:00:00:80:D7:00:00:00:80:D5:80:00:00:80:D1:40:00:00:80:D2:00:00:00:80:D6:00:00:00:80:D6:C0:00:00:80:D2:40:00:00:80:D4:40:00:00:80:D7:80:00:00:80:D5:40:8E:03:40:00:FF:FF:00:00:00:AB:10:45:46]
[53:48:DA:00:C8:05:2A:00:00:80:D3:C0:00:00:80:CF:C0:00:00:80:D6:80:00:00:80:CC:80:00:00:80:D9:80:00:00:80:D8:00:00:00:80:D6:00:00:00:80:D6:C0:00:00:80:D1:00:00:00:80:D6:80:00:00:80:D5:80:00:00:80:CC:C0:00:00:80:D5:00:00:00:80:D4:40:00:00:80:D5:C0:00:00:80:D3:C0:00:00:80:D5:40:00:00:80:D6:C0:00:00:80:D4:00:00:00:80:D4:C0:8E:03:40:00:FF:FF:00:00:00:AB:10:45:46]
[53:48:DA:00:C8:05:2B:00:00:80:D7:40:00:00:80:DA:00:00:00:80:D5:40:00:00:80:D7:40:00:00:80:D4:80:00:00:80:D4:00:00:00:80:D5:40:00:00:80:D6:C0:00:00:80:D1:00:00:00:80:D2:40:00:00:80:D0:40:00:00:80:CD:00:00:00:80:D2:C0:00:00:80:D3:C0:00:00:80:D2:80:00:00:80:D2:40:00:00:80:D3:00:00:00:80:D4:40:00:00:80:D2:40:00:00:80:D6:40:8D:FE:00:00:FF:FF:00:00:00:AB:10:45:46]
[53:48:DA:00:C8:05:2C:00:00:80:D6:80:00:00:80:D6:00:00:00:80:D8:00:00:00:80:D6:40:00:00:80:D5:C0:00:00:80:D5:C0:00:00:80:D7:00:00:00:80:D1:C0:00:00:80:D6:80:00:00:80:C7:C0:00:00:80:C8:C0:00:00:80:D6:80:00:00:80:D4:40:00:00:80:D9:00:00:00:80:D6:00:00:00:80:D5:00:00:00:80:D5:00:00:00:80:D4:C0:00:00:80:D5:00:00:00:80:D5:C0:8E:06:80:00:FF:FF:00:00:00:AB:10:45:46]
[53:48:DA:00:C8:05:2D:00:00:80:D5:C0:00:00:80:D4:40:00:00:80:D7:80:00:00:80:D0:40:00:00:80:D6:40:00:00:80:D3:00:00:00:80:D3:80:00:00:80:D6:00:00:00:80:D2:40:00:00:80:D6:C0:00:00:80:C7:C0:00:00:80:D4:40:00:00:80:D6:80:00:00:80:C6:C0:00:00:80:D5:40:00:00:80:D4:80:00:00:80:D8:00:00:00:80:D6:00:00:00:80:D6:80:00:00:80:D6:00:8D:F7:C0:00:FF:FF:00:00:00:AB:10:45:46]
[53:48:DA:00:C8:05:2E:00:00:80:D7:00:00:00:80:D6:80:00:00:80:D3:80:00:00:80:D5:00:00:00:80:D5:C0:00:00:80:D4:C0:00:00:80:D3:80:00:00:80:D2:80:00:00:80:D7:00:00:00:80:C1:40:00:00:80:D2:40:00:00:80:D2:80:00:00:80:D1:80:00:00:80:D2:C0:00:00:80:CF:C0:00:00:80:D3:00:00:00:80:D2:80:00:00:80:CE:80:00:00:80:D2:80:00:00:80:D5:00:8D:FB:00:00:FF:FF:00:00:00:AB:10:45:46]
[53:48:DA:00:C8:05:2F:00:00:80:D2:40:00:00:80:D6:C0:00:00:80:D6:40:00:00:80:D3:C0:00:00:80:D7:80:00:00:80:D4:00:00:00:80:D5:00:00:00:80:D3:40:00:00:80:D5:40:00:00:80:CF:80:00:00:80:D4:40:00:00:80:D4:80:00:00:80:D4:40:00:00:80:D7:00:00:00:80:D2:00:00:00:80:D3:80:00:00:80:D2:40:00:00:80:D5:80:00:00:80:D2:40:00:00:80:D1:80:8E:01:40:00:FF:FF:00:00:00:AB:10:45:46]
[53:48:DA:00:C8:05:30:00:00:80:CB:00:00:00:80:D2:00:00:00:80:D5:80:00:00:80:D2:00:00:00:80:D5:40:00:00:80:D3:C0:00:00:80:D3:00:00:00:80:D1:00:00:00:80:C4:40:00:00:80:D3:40:00:00:80:D4:40:00:00:80:D5:00:00:00:80:D3:00:00:00:80:D1:C0:00:00:80:D4:80:00:00:80:D2:00:00:00:80:D4:00:00:00:80:D2:C0:00:00:80:D0:00:00:00:80:D3:00:8D:FF:40:00:FF:FF:00:00:00:AB:10:45:46]
[53:48:DA:00:C8:05:31:00:00:80:D2:40:00:00:80:D3:00:00:00:80:D4:00:00:00:80:D2:80:00:00:80:D3:C0:00:00:80:D4:00:00:00:80:D4:00:00:00:80:D1:40:00:00:80:D5:00:00:00:80:D3:40:00:00:80:D1:C0:00:00:80:D3:00:00:00:80:D3:80:00:00:80:D0:C0:00:00:80:CF:80:00:00:80:D4:40:00:00:80:CF:80:00:00:80:D1:C0:00:00:80:CF:C0:00:00:80:D2:00:8E:22:80:00:FF:FF:00:00:00:AB:10:45:46]
[53:48:DA:00:C8:05:32:00:00:80:D2:00:00:00:80:D6:80:00:00:80:D5:00:00:00:80:D1:80:00:00:80:D3:00:00:00:80:D2:40:00:00:80:D4:00:00:00:80:C2:00:00:00:80:CD:80:00:00:80:D1:40:00:00:80:D0:40:00:00:80:D2:00:00:00:80:CE:00:00:00:80:CE:C0:00:00:80:CF:80:00:00:80:CF:40:00:00:80:CD:80:00:00:80:CB:80:00:00:80:CC:00:00:00:80:BC:80:8E:29:C0:00:FF:FF:00:00:00:AB:10:45:46]
[53:48:DA:00:C8:05:33:00:00:80:CB:80:00:00:80:C8:40:00:00:80:CA:00:00:00:80:CA:80:00:00:80:CC:C0:00:00:80:C8:C0:00:00:80:CC:00:00:00:80:C1:00:00:00:80:CC:00:00:00:80:CB:00:00:00:80:CD:C0:00:00:80:CA:C0:00:00:80:B8:C0:00:00:80:C8:80:00:00:80:C8:80:00:00:80:C7:80:00:00:80:C6:00:00:00:80:C5:40:00:00:80:C4:80:00:00:80:C1:40:8E:24:80:00:FF:FF:00:00:00:AB:10:45:46]
[53:48:DA:00:C8:05:34:00:00:80:BF:C0:00:00:80:C0:40:00:00:80:BC:C0:00:00:80:BC:80:00:00:80:BB:80:00:00:80:B8:00:00:00:80:A8:40:00:00:80:B9:00:00:00:80:B6:80:00:00:80:B9:C0:00:00:80:B8:80:00:00:80:B9:00:00:00:80:BB:C0:00:00:80:B7:80:00:00:80:B4:80:00:00:80:B0:80:00:00:80:9C:C0:00:00:80:A7:40:00:00:80:7D:80:00:00:80:A5:80:8E:04:40:00:FF:FF:00:00:00:AB:10:45:46]
[53:48:DA:00:C8:05:35:00:00:80:9C:80:00:00:80:98:40:00:00:80:90:80:00:00:80:8E:C0:00:00:80:88:80:00:00:80:87:80:00:00:80:83:40:00:00:80:81:00:00:00:80:80:40:00:00:80:7B:C0:00:00:80:79:80:00:00:80:71:C0:00:00:80:72:80:00:00:80:70:40:00:00:80:6B:80:00:00:80:67:80:00:00:80:66:40:00:00:80:67:C0:00:00:80:63:00:00:00:80:63:00:8D:FC:00:00:FF:FF:00:00:00:AB:10:45:46]
[53:48:DA:00:C8:05:36:00:00:80:6E:C0:00:00:80:76:80:00:00:80:7A:C0:00:00:80:99:40:00:00:80:AB:00:00:00:80:B6:C0:00:00:80:E3:00:00:00:81:01:00:00:00:81:1E:40:00:00:81:39:00:00:00:81:51:80:00:00:81:86:C0:00:00:81:A3:C0:00:00:81:F5:C0:00:00:82:85:80:00:00:83:4E:C0:00:00:84:17:80:00:00:85:82:00:00:00:87:CD:40:00:00:8A:0C:80:8E:1A:40:00:FF:FF:00:00:00:AB:10:45:46]
[53:48:DA:00:C8:05:37:00:00:90:F0:00:00:00:96:BF:80:00:00:95:0F:00:00:00:92:D3:40:00:00:96:8B:C0:00:00:9C:D0:80:00:00:9C:45:40:00:00:9E:19:40:00:00:98:40:C0:00:00:96:DA:80:00:00:93:E0:00:00:00:90:51:00:00:00:96:1F:80:00:00:94:1C:40:00:00:93:5B:00:00:00:8E:4A:00:00:00:92:C7:00:00:00:93:07:C0:00:00:91:57:C0:00:00:8C:66:C0:8E:01:40:00:FF:FF:00:00:00:AB:10:45:46]
[53:48:DA:00:C8:05:38:00:00:8D:52:80:00:00:91:FA:C0:00:00:8F:95:C0:00:00:8D:3F:40:00:00:90:58:00:00:00:8B:1D:40:00:00:8C:86:C0:00:00:8B:75:40:00:00:8E:18:80:00:00:8D:1C:C0:00:00:8A:F6:C0:00:00:8D:3A:00:00:00:88:F5:00:00:00:85:E8:40:00:00:89:B9:40:00:00:8B:44:80:00:00:8A:41:80:00:00:8C:58:80:00:00:89:24:40:00:00:89:9A:C0:8E:14:00:00:FF:FF:00:00:00:AB:10:45:46]
[53:48:DA:00:C8:05:39:00:00:88:6F:C0:00:00:84:71:80:00:00:85:D9:80:00:00:88:34:00:00:00:84:A7:40:00:00:85:39:40:00:00:86:63:00:00:00:85:C4:80:00:00:86:76:80:00:00:84:C8:00:00:00:85:83:C0:00:00:85:30:C0:00:00:85:24:40:00:00:84:B7:C0:00:00:85:B4:C0:00:00:84:0B:40:00:00:85:0F:C0:00:00:84:8D:C0:00:00:84:65:C0:00:00:82:A6:C0:8E:19:00:00:FF:FF:00:00:00:AB:10:45:46]
[53:48:DA:00:C8:05:3A:00:00:84:D6:40:00:00:83:C1:00:00:00:82:D4:80:00:00:83:8D:40:00:00:83:A9:40:00:00:83:31:80:00:00:82:F1:80:00:00:83:11:80:00:00:83:63:80:00:00:82:FF:00:00:00:83:41:40:00:00:83:10:40:00:00:83:4C:40:00:00:82:F5:80:00:00:83:39:80:00:00:82:BA:80:00:00:82:C6:00:00:00:82:CA:80:00:00:82:62:C0:00:00:82:B3:40:8E:29:C0:00:FF:FF:00:00:00:AB:10:45:46]
[53:48:DA:00:C8:05:3B:00:00:82:7A:80:00:00:82:18:00:00:00:81:63:00:00:00:82:3F:40:00:00:81:E2:80:00:00:82:3D:C0:00:00:82:2C:80:00:00:82:90:00:00:00:81:FA:00:00:00:82:10:C0:00:00:81:DA:C0:00:00:81:6E:00:00:00:81:E5:00:00:00:81:80:00:00:00:81:55:00:00:00:81:BE:80:00:00:81:62:C0:00:00:81:56:40:00:00:81:7A:00:00:00:81:6E:C0:8E:04:40:00:FF:FF:00:00:00:AB:10:45:46]
[53:48:DA:00:C8:05:3C:00:00:81:50:40:00:00:81:8F:C0:00:00:80:EC:00:00:00:81:89:80:00:00:81:61:80:00:00:81:85:80:00:00:81:81:80:00:00:81:6D:80:00:00:81:70:40:00:00:81:91:80:00:00:81:49:00:00:00:81:48:80:00:00:81:5D:C0:00:00:81:6E:C0:00:00:81:24:C0:00:00:81:50:80:00:00:81:4E:80:00:00:81:36:C0:00:00:81:22:40:00:00:81:5F:40:8D:F4:C0:00:FF:FF:00:00:00:AB:10:45:46]
[53:48:DA:00:C8:05:3D:00:00:81:4F:40:00:00:81:2B:80:00:00:81:3A:C0:00:00:81:41:40:00:00:81:3F:40:00:00:81:35:00:00:00:81:3E:00:00:00:80:FC:C0:00:00:81:35:C0:00:00:81:25:C0:00:00:81:15:00:00:00:81:23:00:00:00:81:36:00:00:00:81:18:80:00:00:81:1F:00:00:00:81:30:40:00:00:81:10:40:00:00:81:30:40:00:00:81:35:40:00:00:81:35:C0:8D:FF:40:00:FF:FF:00:00:00:AB:10:45:46]
[53:48:DA:00:C8:05:3E:00:00:80:FF:40:00:00:81:1D:00:00:00:81:1D:40:00:00:81:1C:80:00:00:81:18:40:00:00:81:08:00:00:00:80:F4:C0:00:00:81:13:00:00:00:81:1B:80:00:00:80:FD:C0:00:00:81:19:C0:00:00:81:1F:00:00:00:81:18:C0:00:00:80:DA:C0:00:00:81:11:C0:00:00:81:07:00:00:00:81:1E:00:00:00:81:09:80:00:00:81:04:40:00:00:81:0C:40:8E:31:00:00:FF:FF:00:00:00:AB:10:45:46]
[53:48:DA:00:C8:05:3F:00:00:80:F0:00:00:00:81:11:C0:00:00:81:09:C0:00:00:81:00:00:00:00:80:F8:80:00:00:81:09:C0:00:00:81:14:40:00:00:81:0E:C0:00:00:81:16:80:00:00:81:10:80:00:00:80:F5:40:00:00:81:07:80:00:00:81:00:40:00:00:80:FA:00:00:00:80:F5:80:00:00:80:EE:40:00:00:80:F1:00:00:00:80:ED:80:00:00:80:F5:80:00:00:80:FA:00:8E:10:C0:00:FF:FF:00:00:00:AB:10:45:46]
[53:48:DA:00:C8:05:40:00:00:80:F6:40:00:00:80:F8:40:00:00:80:F4:40:00:00:80:EF:40:00:00:80:E9:C0:00:00:80:EE:C0:00:00:80:EB:80:00:00:80:EC:40:00:00:80:FB:00:00:00:80:F2:00:00:00:80:F3:80:00:00:80:EF:C0:00:00:80:CA:00:00:00:80:F3:00:00:00:80:EB:00:00:00:80:FF:00:00:00:80:F4:C0:00:00:80:FB:80:00:00:80:FC:40:00:00:80:FA:40:8E:06:80:00:FF:FF:00:00:00:AB:10:45:46]
[53:48:DA:00:C8:05:41:00:00:80:EC:80:00:00:80:EF:00:00:00:80:EB:C0:00:00:80:EE:40:00:00:80:ED:80:00:00:80:EB:40:00:00:80:EB:00:00:00:80:F3:80:00:00:80:EC:80:00:00:80:EC:00:00:00:80:E9:40:00:00:80:E8:40:00:00:80:EC:80:00:00:80:EE:C0:00:00:80:EC:C0:00:00:80:E3:80:00:00:80:ED:00:00:00:80:EC:C0:00:00:80:D5:C0:00:00:80:E9:C0:8D:FC:00:00:FF:FF:00:00:00:AB:10:45:46]
[53:48:DA:00:C8:05:42:00:00:80:E9:40:00:00:80:E8:00:00:00:80:ED:80:00:00:80:ED:00:00:00:80:EA:40:00:00:80:E8:C0:00:00:80:E8:00:00:00:80:E9:C0:00:00:80:E6:00:00:00:80:E6:40:00:00:80:E1:40:00:00:80:A1:40:00:00:80:E3:80:00:00:80:EA:00:00:00:80:E6:40:00:00:80:E8:80:00:00:80:E3:00:00:00:80:E4:40:00:00:80:E3:00:00:00:80:E2:80:8E:23:80:00:FF:FF:00:00:00:AB:10:45:46]
[53:48:DA:00:C8:05:43:00:00:80:E3:40:00:00:80:DF:80:00:00:80:E6:00:00:00:80:E3:00:00:00:80:E1:C0:00:00:80:E0:80:00:00:80:DD:C0:00:00:80:E4:80:00:00:80:E7:40:00:00:80:E8:00:00:00:80:E2:80:00:00:80:DC:C0:00:00:80:E3:C0:00:00:80:E0:C0:00:00:80:E7:40:00:00:80:E3:40:00:00:80:E1:80:00:00:80:E1:40:00:00:80:E5:40:00:00:80:E0:00:8E:0B:80:00:FF:FF:00:00:00:AB:10:45:46]
[53:48:DA:00:C8:05:44:00:00:80:E6:C0:00:00:80:E7:00:00:00:80:DF:00:00:00:80:E1:00:00:00:80:E0:00:00:00:80:D7:00:00:00:80:D3:C0:00:00:80:E1:40:00:00:80:E2:00:00:00:80:E7:80:00:00:80:90:80:00:00:80:E1:C0:00:00:80:E0:40:00:00:80:E0:40:00:00:80:E1:80:00:00:80:DE:C0:00:00:80:E1:40:00:00:80:DF:00:00:00:80:DD:C0:00:00:80:E2:80:8E:02:40:00:FF:FF:00:00:00:AB:10:45:46]
[53:48:DA:00:C8:05:45:00:00:80:DE:80:00:00:80:D7:80:00:00:80:D9:80:00:00:80:DA:40:00:00:80:D6:80:00:00:80:D6:00:00:00:80:D6:80:00:00:80:D5:80:00:00:80:D5:C0:00:00:80:C9:00:00:00:80:D4:C0:00:00:80:D1:80:00:00:80:D4:00:00:00:80:D3:C0:00:00:80:D1:40:00:00:80:D2:80:00:00:80:D3:80:00:00:80:D2:80:00:00:80:D1:40:00:00:80:D3:C0:8E:06:80:00:FF:FF:00:00:00:AB:10:45:46]
[53:48:DA:00:C8:05:46:00:00:80:D4:40:00:00:80:D4:40:00:00:80:D5:C0:00:00:80:D5:00:00:00:80:D3:C0:00:00:80:D3:80:00:00:80:CF:C0:00:00:80:D5:00:00:00:80:D2:C0:00:00:80:88:40:00:00:80:D2:C0:00:00:80:D5:80:00:00:80:D3:C0:00:00:80:C9:80:00:00:80:D4:C0:00:00:80:D1:40:00:00:80:D3:00:00:00:80:D2:C0:00:00:80:D3:80:00:00:80:D0:80:8E:11:C0:00:FF:FF:00:00:00:AB:10:45:46]
[53:48:DA:00:C8:05:47:00:00:80:D2:40:00:00:80:D2:C0:00:00:80:D3:80:00:00:80:D4:C0:00:00:80:D4:00:00:00:80:D3:40:00:00:80:D6:00:00:00:80:D3:C0:00:00:80:D7:00:00:00:80:D5:40:00:00:80:D3:00:00:00:80:D5:00:00:00:80:D4:C0:00:00:80:D3:C0:00:00:80:D5:00:00:00:80:D4:C0:00:00:80:D1:C0:00:00:80:C9:C0:00:00:80:D3:80:00:00:80:D4:40:8E:14:00:00:FF:FF:00:00:00:AB:10:45:46]
[53:48:DA:00:C8:05:48:00:00:80:D1:C0:00:00:80:D2:C0:00:00:80:D0:40:00:00:80:D3:40:00:00:80:D0:80:00:00:80:D4:40:00:00:80:D5:40:00:00:80:D7:80:00:00:80:9D:80:00:00:80:D2:40:00:00:80:D1:C0:00:00:80:D4:00:00:00:80:D2:80:00:00:80:D1:C0:00:00:80:D3:40:00:00:80:D4:00:00:00:80:CF:00:00:00:80:D5:00:00:00:80:D3:80:00:00:80:D1:40:8E:1D:40:00:FF:FF:00:00:00:AB:10:45:46]
[53:48:DA:00:C8:05:49:00:00:80:B8:C0:00:00:80:CD:40:00:00:80:D4:00:00:00:80:D4:40:00:00:80:D3:C0:00:00:80:D2:80:00:00:80:D3:00:00:00:80:D3:C0:00:00:80:D6:40:00:00:80:D1:C0:00:00:80:D3:80:00:00:80:D3:C0:00:00:80:D4:80:00:00:80:D3:80:00:00:80:D8:00:00:00:80:D6:80:00:00:80:D3:40:00:00:80:D4:00:00:00:80:D2:00:00:00:80:D4:00:8E:03:40:00:FF:FF:00:00:00:AB:10:45:46]
[53:48:DA:00:C8:05:4A:00:00:80:D2:00:00:00:80:D4:00:00:00:80:D2:C0:00:00:80:D5:00:00:00:80:BD:C0:00:00:80:D6:00:00:00:80:D6:80:00:00:80:B9:00:00:00:80:D2:00:00:00:80:D1:40:00:00:80:D3:00:00:00:80:D3:00:00:00:80:D2:00:00:00:80:D4:40:00:00:80:D4:80:00:00:80:CD:40:00:00:80:D7:40:00:00:80:D7:80:00:00:80:D3:80:00:00:80:D2:C0:8E:18:00:00:FF:FF:00:00:00:AB:10:45:46]
[53:48:DA:00:C8:05:4B:00:00:80:D2:40:00:00:80:D5:00:00:00:80:D2:40:00:00:80:D4:00:00:00:80:D2:C0:00:00:80:D1:80:00:00:80:D3:C0:00:00:80:D2:C0:00:00:80:C2:80:00:00:80:D0:C0:00:00:80:D6:C0:00:00:80:D5:80:00:00:80:D3:C0:00:00:80:D1:40:00:00:80:D4:40:00:00:80:D1:80:00:00:80:D1:C0:00:00:80:D3:40:00:00:80:D2:40:00:00:80:D6:00:8E:0C:C0:00:FF:FF:00:00:00:AB:10:45:46]
[53:48:DA:00:C8:05:4C:00:00:80:D3:80:00:00:80:D4:80:00:00:80:D4:80:00:00:80:D5:40:00:00:80:D3:00:00:00:80:D2:80:00:00:80:D2:80:00:00:80:D0:40:00:00:80:D3:C0:00:00:80:D2:C0:00:00:80:D0:40:00:00:80:D4:00:00:00:80:C6:80:00:00:80:D3:80:00:00:80:D0:40:00:00:80:D1:40:00:00:80:D3:40:00:00:80:D5:80:00:00:80:D5:80:00:00:80:D5:C0:8E:09:80:00:FF:FF:00:00:00:AB:10:45:46]
[53:48:DA:00:C8:05:4D:00:00:80:D4:80:00:00:80:D1:C0:00:00:80:D2:80:00:00:80:D3:C0:00:00:80:D2:C0:00:00:80:D6:80:00:00:80:D1:C0:00:00:80:D1:C0:00:00:80:D4:C0:00:00:80:D1:C0:00:00:80:D0:00:00:00:80:D2:40:00:00:80:D3:40:00:00:80:D2:40:00:00:80:D0:C0:00:00:80:D4:80:00:00:80:C9:C0:00:00:80:D2:40:00:00:80:D2:40:00:00:80:CF:C0:8E:05:40:00:FF:FF:00:00:00:AB:10:45:46]
[53:48:DA:00:C8:05:01:00:00:80:D1:C0:00:00:80:CE:80:00:00:80:D4:00:00:00:80:D3:00:00:00:80:D2:40:00:00:80:D0:40:00:00:80:CF:C0:00:00:80:D0:40:00:00:80:D0:00:00:00:80:B0:00:00:00:80:CF:40:00:00:80:D5:00:00:00:80:D7:00:00:00:80:D1:00:00:00:80:D4:00:00:00:80:D5:40:00:00:80:D1:80:00:00:80:D1:C0:00:00:80:D3:00:00:00:80:D1:40:8D:F2:C0:00:FF:FF:00:00:00:AB:10:45:46]
[53:48:DA:00:C8:05:02:00:00:80:D1:C0:00:00:80:D2:C0:00:00:80:D3:40:00:00:80:BA:00:00:00:80:D5:80:00:00:80:D3:C0:00:00:80:D3:80:00:00:80:D3:00:00:00:80:D6:00:00:00:80:CE:80:00:00:80:D6:C0:00:00:80:D4:00:00:00:80:D2:40:00:00:80:D1:C0:00:00:80:C7:00:00:00:80:D4:00:00:00:80:D2:C0:00:00:80:D1:40:00:00:80:D4:00:00:00:80:D3:80:8D:FD:00:00:FF:FF:00:00:00:AB:10:45:46]
[53:48:DA:00:C8:05:03:00:00:80:D4:80:00:00:80:D6:40:00:00:80:D0:80:00:00:80:D4:C0:00:00:80:D1:80:00:00:80:D2:40:00:00:80:D2:80:00:00:80:D3:80:00:00:80:A5:C0:00:00:80:D2:80:00:00:80:D1:00:00:00:80:D0:00:00:00:80:D2:80:00:00:80:D1:40:00:00:80:D3:C0:00:00:80:D0:40:00:00:80:D0:40:00:00:80:D2:00:00:00:80:D4:00:00:00:80:C7:C0:8E:02:40:00:FF:FF:00:00:00:AB:10:45:46]
[53:48:DA:00:C8:05:04:00:00:80:D3:80:00:00:80:D1:00:00:00:80:D3:00:00:00:80:D1:C0:00:00:80:D0:00:00:00:80:CF:40:00:00:80:D0:40:00:00:80:D3:00:00:00:80:D2:80:00:00:80:D3:40:00:00:80:D5:00:00:00:80:D3:40:00:00:80:D3:00:00:00:80:D2:00:00:00:80:D0:40:00:00:80:CF:80:00:00:80:D0:80:00:00:80:D0:00:00:00:80:D1:00:00:00:80:CF:40:8E:2E:00:00:FF:FF:00:00:00:AB:10:45:46]
[53:48:DA:00:C8:05:05:00:00:80:D2:80:00:00:80:CE:C0:00:00:80:D1:C0:00:00:80:D1:00:00:00:80:CE:C0:00:00:80:D2:40:00:00:80:CF:80:00:00:80:9F:80:00:00:80:D0:40:00:00:80:D1:C0:00:00:80:D2:40:00:00:80:D1:C0:00:00:80:D4:00:00:00:80:D2:C0:00:00:80:D0:C0:00:00:80:D1:00:00:00:80:D7:00:00:00:80:D4:80:00:00:80:D0:00:00:00:80:D4:80:8D:FC:00:00:FF:FF:00:00:00:AB:10:45:46]
[53:48:DA:00:C8:05:06:00:00:80:D4:40:00:00:80:CC:80:00:00:80:D8:80:00:00:80:CB:80:00:00:80:D2:C0:00:00:80:D1:40:00:00:80:D7:00:00:00:80:D6:00:00:00:80:D5:40:00:00:80:D7:00:00:00:80:D2:40:00:00:80:D7:80:00:00:80:D4:C0:00:00:80:D8:40:00:00:80:D3:C0:00:00:80:D4:C0:00:00:80:D8:40:00:00:80:D1:40:00:00:80:CE:80:00:00:80:D2:C0:8E:16:00:00:FF:FF:00:00:00:AB:10:45:46]
[53:48:DA:00:C8:05:07:00:00:80:D6:40:00:00:80:D4:40:00:00:80:D4:C0:00:00:80:D7:00:00:00:80:D7:C0:00:00:80:D5:40:00:00:80:94:C0:00:00:80:D6:C0:00:00:80:D4:40:00:00:80:D7:00:00:00:80:D5:80:00:00:80:D1:C0:00:00:80:D3:00:00:00:80:D5:00:00:00:80:D5:C0:00:00:80:D7:00:00:00:80:D5:40:00:00:80:D7:80:00:00:80:D5:40:00:00:80:D2:C0:8E:2C:C0:00:FF:FF:00:00:00:AB:10:45:46]
[53:48:DA:00:C8:05:08:00:00:80:D4:C0:00:00:80:D6:00:00:00:80:D5:40:00:00:80:D4:80:00:00:80:D6:00:00:00:80:D2:40:00:00:80:D3:00:00:00:80:D4:C0:00:00:80:D1:C0:00:00:80:D2:40:00:00:80:D5:40:00:00:80:D5:C0:00:00:80:D5:80:00:00:80:D4:80:00:00:80:D2:C0:00:00:80:D1:80:00:00:80:D5:40:00:00:80:D3:C0:00:00:80:D3:C0:00:00:80:D6:00:8E:32:00:00:FF:FF:00:00:00:AB:10:45:46]
[53:48:DA:00:C8:05:09:00:00:80:D4:80:00:00:80:D5:40:00:00:80:D3:00:00:00:80:D3:00:00:00:80:D3:00:00:00:80:A4:40:00:00:80:D2:40:00:00:80:D2:C0:00:00:80:D1:00:00:00:80:D5:00:00:00:80:D0:C0:00:00:80:D1:C0:00:00:80:D1:00:00:00:80:D2:80:00:00:80:D3:80:00:00:80:D2:40:00:00:80:D4:C0:00:00:80:D8:40:00:00:80:CF:00:00:00:80:D2:80:8E:37:40:00:FF:FF:00:00:00:AB:10:45:46]
[53:48:DA:00:C8:05:0A:00:00:80:D0:00:00:00:80:D6:C0:00:00:80:D0:40:00:00:80:D1:80:00:00:80:D2:80:00:00:80:D4:C0:00:00:80:D2:00:00:00:80:D3:80:00:00:80:D2:40:00:00:80:D2:40:00:00:80:CF:00:00:00:80:D2:00:00:00:80:D0:40:00:00:80:D4:00:00:00:80:D4:40:00:00:80:D3:40:00:00:80:D3:C0:00:00:80:CF:C0:00:00:80:D2:00:00:00:80:D0:80:8E:1C:40:00:FF:FF:00:00:00:AB:10:45:46]
[53:48:DA:00:C8:05:0B:00:00:80:D1:40:00:00:80:D1:00:00:00:80:D4:80:00:00:80:D1:00:00:00:80:B0:40:00:00:80:D2:00:00:00:80:C8:40:00:00:80:D4:80:00:00:80:D4:C0:00:00:80:D2:40:00:00:80:D3:00:00:00:80:D2:40:00:00:80:CE:00:00:00:80:D1:C0:00:00:80:D5:80:00:00:80:D3:C0:00:00:80:D2:40:00:00:80:D0:C0:00:00:80:D1:C0:00:00:80:CE:C0:8E:2E:00:00:FF:FF:00:00:00:AB:10:45:46]
[53:48:DA:00:C8:05:0C:00:00:80:D0:40:00:00:80:D5:40:00:00:80:D5:40:00:00:80:D4:C0:00:00:80:CF:00:00:00:80:D2:40:00:00:80:D2:80:00:00:80:D0:C0:00:00:80:D4:40:00:00:80:D2:80:00:00:80:D3:40:00:00:80:D4:40:00:00:80:D0:C0:00:00:80:D2:80:00:00:80:D2:00:00:00:80:D0:80:00:00:80:D0:C0:00:00:80:D0:80:00:00:80:D0:00:00:00:80:D3:00:8E:0E:C0:00:FF:FF:00:00:00:AB:10:45:46]
[53:48:DA:00:C8:05:0D:00:00:80:D2:00:00:00:80:D2:00:00:00:80:D3:00:00:00:80:C4:00:00:00:80:D1:40:00:00:80:CE:80:00:00:80:D0:C0:00:00:80:CF:00:00:00:80:D1:80:00:00:80:CE:80:00:00:80:D1:C0:00:00:80:D0:00:00:00:80:D1:40:00:00:80:D4:40:00:00:80:D1:40:00:00:80:CC:40:00:00:80:D0:40:00:00:80:D2:C0:00:00:80:D0:40:00:00:80:CF:C0:8E:35:40:00:FF:FF:00:00:00:AB:10:45:46]
[53:48:DA:00:C8:05:0E:00:00:80:D0:80:00:00:80:CF:C0:00:00:80:D2:00:00:00:80:CB:00:00:00:80:D2:C0:00:00:80:D0:40:00:00:80:D0:80:00:00:80:CE:40:00:00:80:CF:C0:00:00:80:D3:40:00:00:80:D1:C0:00:00:80:D0:40:00:00:80:D3:C0:00:00:80:CE:40:00:00:80:D1:00:00:00:80:D3:C0:00:00:80:D1:00:00:00:80:D1:C0:00:00:80:D1:C0:00:00:80:CC:80:8E:3F:80:00:FF:FF:00:00:00:AB:10:45:46]
[53:48:DA:00:C8:05:0F:00:00:80:CE:40:00:00:80:D2:C0:00:00:80:CC:C0:00:00:80:CF:80:00:00:80:CD:80:00:00:80:CF:C0:00:00:80:C7:C0:00:00:80:D1:40:00:00:80:D0:C0:00:00:80:D1:80:00:00:80:CD:40:00:00:80:D1:40:00:00:80:CD:40:00:00:80:D2:80:00:00:80:D0:C0:00:00:80:D4:40:00:00:80:D1:00:00:00:80:CF:40:00:00:80:CE:C0:00:00:80:D2:00:8E:38:40:00:FF:FF:00:00:00:AB:10:45:46]
[53:48:DA:00:C8:05:10:00:00:80:D1:00:00:00:80:CC:80:00:00:80:D0:40:00:00:80:D3:00:00:00:80:D0:00:00:00:80:D2:40:00:00:80:CF:40:00:00:80:D0:80:00:00:80:CF:80:00:00:80:CE:40:00:00:80:D1:40:00:00:80:CE:C0:00:00:80:D5:00:00:00:80:D6:00:00:00:80:D5:40:00:00:80:D6:00:00:00:80:D5:00:00:00:80:D2:80:00:00:80:D4:40:00:00:80:D3:00:8E:51:40:00:FF:FF:00:00:00:AB:10:45:46]
[53:48:DA:00:C8:05:11:00:00:80:D3:00:00:00:80:D1:40:00:00:80:D2:80:00:00:80:CF:80:00:00:80:D0:40:00:00:80:D0:C0:00:00:80:D1:00:00:00:80:D2:00:00:00:80:D2:40:00:00:80:D0:00:00:00:80:D5:00:00:00:80:D6:00:00:00:80:D1:C0:00:00:80:D4:C0:00:00:80:D2:40:00:00:80:D0:40:00:00:80:D4:40:00:00:80:D2:80:00:00:80:D2:40:00:00:80:D3:C0:8E:44:C0:00:FF:FF:00:00:00:AB:10:45:46]
[53:48:DA:00:C8:05:12:00:00:80:D1:C0:00:00:80:CE:C0:00:00:80:D4:40:00:00:80:D3:40:00:00:80:BE:00:00:00:80:D4:40:00:00:80:D2:40:00:00:80:D4:80:00:00:80:D4:80:00:00:80:D1:40:00:00:80:D4:00:00:00:80:D3:40:00:00:80:D3:80:00:00:80:D3:C0:00:00:80:D2:80:00:00:80:D6:80:00:00:80:D2:00:00:00:80:D3:80:00:00:80:D1:40:00:00:80:D5:40:8E:4A:00:00:FF:FF:00:00:00:AB:10:45:46]
[53:48:DA:00:C8:05:13:00:00:80:D0:80:00:00:80:D2:C0:00:00:80:D5:40:00:00:80:D3:40:00:00:80:D4:40:00:00:80:D2:C0:00:00:80:D4:80:00:00:80:D3:80:00:00:80:C8:C0:00:00:80:D1:80:00:00:80:D5:40:00:00:80:D0:80:00:00:80:D3:40:00:00:80:D3:80:00:00:80:CF:80:00:00:80:D4:80:00:00:80:D5:C0:00:00:80:D5:C0:00:00:80:D1:C0:00:00:80:D3:00:8E:3A:80:00:FF:FF:00:00:00:AB:10:45:46]
[53:48:DA:00:C8:05:14:00:00:80:D1:80:00:00:80:D1:C0:00:00:80:D4:80:00:00:80:D3:C0:00:00:80:D4:80:00:00:80:D5:40:00:00:80:D2:C0:00:00:80:D4:40:00:00:80:D5:40:00:00:80:D5:C0:00:00:80:D2:40:00:00:80:D6:C0:00:00:80:CD:40:00:00:80:D2:C0:00:00:80:D3:40:00:00:80:D0:40:00:00:80:D2:40:00:00:80:D3:80:00:00:80:D3:40:00:00:80:D1:40:8E:41:C0:00:FF:FF:00:00:00:AB:10:45:46]
[53:48:DA:00:C8:05:15:00:00:80:D4:00:00:00:80:D3:00:00:00:80:D4:00:00:00:80:D1:C0:00:00:80:D1:C0:00:00:80:D4:00:00:00:80:D4:C0:00:00:80:D4:80:00:00:80:D5:80:00:00:80:D5:C0:00:00:80:D1:40:00:00:80:D2:40:00:00:80:D3:80:00:00:80:D1:80:00:00:80:D0:00:00:00:80:D0:80:00:00:80:CF:00:00:00:80:D5:40:00:00:80:D3:C0:00:00:80:C2:C0:8E:2C:C0:00:FF:FF:00:00:00:AB:10:45:46]
[53:48:DA:00:C8:05:16:00:00:80:D1:00:00:00:80:D4:40:00:00:80:D3:00:00:00:80:D3:00:00:00:80:D1:00:00:00:80:D1:C0:00:00:80:D3:C0:00:00:80:D1:40:00:00:80:D4:C0:00:00:80:D6:C0:00:00:80:D5:40:00:00:80:D8:00:00:00:80:D3:C0:00:00:80:D3:80:00:00:80:D2:00:00:00:80:D4:00:00:00:80:D2:00:00:00:80:D3:40:00:00:80:D3:C0:00:00:80:D1:80:8E:41:C0:00:FF:FF:00:00:00:AB:10:45:46]
[53:48:DA:00:C8:05:17:00:00:80:D6:40:00:00:80:D5:80:00:00:80:D1:C0:00:00:80:D3:80:00:00:80:D2:80:00:00:80:D3:40:00:00:80:D1:40:00:00:80:D4:C0:00:00:80:D0:C0:00:00:80:D2:40:00:00:80:D3:C0:00:00:80:D3:C0:00:00:80:D3:00:00:00:80:D2:C0:00:00:80:D3:C0:00:00:80:D1:40:00:00:80:D5:80:00:00:80:D3:C0:00:00:80:B7:00:00:00:80:D7:40:8E:2C:C0:00:FF:FF:00:00:00:AB:10:45:46]
[53:48:DA:00:C8:05:18:00:00:80:D6:00:00:00:80:D2:C0:00:00:80:D5:00:00:00:80:BE:00:00:00:80:D4:40:00:00:80:D4:C0:00:00:80:D4:40:00:00:80:D5:00:00:00:80:D3:00:00:00:80:D6:00:00:00:80:D2:40:00:00:80:D4:80:00:00:80:D5:00:00:00:80:D4:40:00:00:80:D2:C0:00:00:80:D6:C0:00:00:80:D2:40:00:00:80:D0:40:00:00:80:D1:40:00:00:80:D3:80:8E:3A:80:00:FF:FF:00:00:00:AB:10:45:46]
[53:48:DA:00:C8:05:19:00:00:80:D1:00:00:00:80:D3:C0:00:00:80:D5:C0:00:00:80:D5:C0:00:00:80:D5:C0:00:00:80:D2:C0:00:00:80:D3:80:00:00:80:CC:40:00:00:80:D4:40:00:00:80:D6:C0:00:00:80:D4:C0:00:00:80:D6:C0:00:00:80:D8:40:00:00:80:D6:00:00:00:80:D4:40:00:00:80:D4:C0:00:00:80:D5:C0:00:00:80:8A:C0:00:00:80:D9:40:00:00:80:D7:40:8E:46:C0:00:FF:FF:00:00:00:AB:10:45:46]
[53:48:DA:00:C8:05:1A:00:00:80:D7:40:00:00:80:D6:80:00:00:80:D8:C0:00:00:80:D7:00:00:00:80:D4:80:00:00:80:D8:C0:00:00:80:D4:80:00:00:80:D7:00:00:00:80:DA:40:00:00:80:D7:00:00:00:80:D9:40:00:00:80:D3:40:00:00:80:D7:00:00:00:80:D6:80:00:00:80:D8:80:00:00:80:DB:80:00:00:80:D9:00:00:00:80:D6:80:00:00:80:D8:40:00:00:80:D5:C0:8E:4A:00:00:FF:FF:00:00:00:AB:10:45:46]
[53:48:DA:00:C8:05:1B:00:00:80:DA:00:00:00:80:D8:00:00:00:80:D6:40:00:00:80:D6:00:00:00:80:D3:40:00:00:80:D4:40:00:00:80:D6:80:00:00:80:D3:80:00:00:80:D4:00:00:00:80:D7:C0:00:00:80:D9:00:00:00:80:D5:40:00:00:80:D5:C0:00:00:80:D6:40:00:00:80:D6:80:00:00:80:D2:80:00:00:80:5C:00:00:00:80:D7:80:00:00:80:D6:80:00:00:80:D7:00:8E:31:00:00:FF:FF:00:00:00:AB:10:45:46]
[53:48:DA:00:C8:05:1C:00:00:80:D3:00:00:00:80:D3:40:00:00:80:D6:C0:00:00:80:D0:80:00:00:80:D6:C0:00:00:80:D4:40:00:00:80:D5:40:00:00:80:D6:40:00:00:80:D6:40:00:00:80:D6:C0:00:00:80:D7:40:00:00:80:D6:40:00:00:80:D7:C0:00:00:80:D2:00:00:00:80:D4:00:00:00:80:D4:C0:00:00:80:D7:C0:00:00:80:D2:40:00:00:80:D3:80:00:00:80:D2:00:8E:4E:00:00:FF:FF:00:00:00:AB:10:45:46]
[53:48:DA:00:C8:05:1D:00:00:80:D6:00:00:00:80:D5:C0:00:00:80:D2:00:00:00:80:CE:00:00:00:80:D4:00:00:00:80:D4:C0:00:00:80:D0:00:00:00:80:D4:00:00:00:80:D3:40:00:00:80:D3:C0:00:00:80:D5:C0:00:00:80:D4:80:00:00:80:D2:C0:00:00:80:D7:40:00:00:80:D3:C0:00:00:80:67:C0:00:00:80:D6:80:00:00:80:D2:00:00:00:80:D5:00:00:00:80:D3:00:8E:4A:00:00:FF:FF:00:00:00:AB:10:45:46]
[53:48:DA:00:C8:05:1E:00:00:80:D4:C0:00:00:80:C8:80:00:00:80:BC:00:00:00:80:D2:40:00:00:80:D5:80:00:00:80:D3:C0:00:00:80:CF:80:00:00:80:D6:00:00:00:80:D3:40:00:00:80:D4:40:00:00:80:D4:80:00:00:80:CF:C0:00:00:80:D3:00:00:00:80:D4:80:00:00:80:D4:80:00:00:80:D3:80:00:00:80:D1:C0:00:00:80:D1:80:00:00:80:D0:00:00:00:80:D4:80:8E:31:00:00:FF:FF:00:00:00:AB:10:45:46]
[53:48:DA:00:C8:05:1F:00:00:80:D1:80:00:00:80:CE:00:00:00:80:CB:C0:00:00:80:CE:00:00:00:80:D1:40:00:00:80:D2:40:00:00:80:BB:C0:00:00:80:D3:40:00:00:80:CE:C0:00:00:80:CF:40:00:00:80:CE:C0:00:00:80:C8:C0:00:00:80:CA:40:00:00:80:C9:00:00:00:80:59:40:00:00:80:C9:80:00:00:80:CB:40:00:00:80:C5:C0:00:00:80:C9:80:00:00:80:CA:C0:8E:3B:80:00:FF:FF:00:00:00:AB:10:45:46]
[53:48:DA:00:C8:05:20:00:00:80:CB:C0:00:00:80:C8:C0:00:00:80:CA:80:00:00:80:C8:40:00:00:80:CA:00:00:00:80:C3:40:00:00:80:C5:00:00:00:80:C7:80:00:00:80:C5:40:00:00:80:C7:40:00:00:80:CB:40:00:00:80:CC:C0:00:00:80:CA:40:00:00:80:D0:00:00:00:80:CD:00:00:00:80:CB:C0:00:00:80:D0:40:00:00:80:D2:40:00:00:80:D0:80:00:00:80:CE:00:8E:3D:80:00:FF:FF:00:00:00:AB:10:45:46]
[53:48:DA:00:C8:05:21:00:00:80:CB:00:00:00:80:C9:40:00:00:80:D2:00:00:00:80:CE:80:00:00:80:D1:80:00:00:80:CB:00:00:00:80:CF:80:00:00:80:CE:C0:00:00:80:CF:40:00:00:80:CF:C0:00:00:80:CB:C0:00:00:80:CF:00:00:00:80:D1:00:00:00:80:7E:00:00:00:80:CC:00:00:00:80:CE:C0:00:00:80:D2:C0:00:00:80:CF:00:00:00:80:D0:80:00:00:80:CE:00:8E:4D:00:00:FF:FF:00:00:00:AB:10:45:46]
[53:48:DA:00:C8:05:22:00:00:80:CE:40:00:00:80:CF:80:00:00:80:D1:C0:00:00:80:D2:00:00:00:80:D0:00:00:00:80:D3:80:00:00:80:D1:80:00:00:80:D3:80:00:00:80:D5:40:00:00:80:D0:80:00:00:80:D0:80:00:00:80:D3:00:00:00:80:D4:C0:00:00:80:D3:40:00:00:80:D4:80:00:00:80:D2:00:00:00:80:D1:80:00:00:80:D3:00:00:00:80:CE:40:00:00:80:D2:00:8E:34:40:00:FF:FF:00:00:00:AB:10:45:46]
[53:48:DA:00:C8:05:23:00:00:80:CD:00:00:00:80:D3:80:00:00:80:D1:C0:00:00:80:D4:C0:00:00:80:D0:00:00:00:80:D1:C0:00:00:80:D2:40:00:00:80:D2:80:00:00:80:D4:C0:00:00:80:D6:00:00:00:80:D2:40:00:00:80:D4:00:00:00:80:9E:C0:00:00:80:D2:00:00:00:80:D3:80:00:00:80:D2:00:00:00:80:D1:00:00:00:80:D4:00:00:00:80:D3:00:00:00:80:CF:C0:8E:34:40:00:FF:FF:00:00:00:AB:10:45:46]
[53:48:DA:00:C8:05:24:00:00:80:D4:C0:00:00:80:BA:80:00:00:80:D2:00:00:00:80:D2:00:00:00:80:D1:C0:00:00:80:D2:C0:00:00:80:CF:00:00:00:80:D2:80:00:00:80:D2:00:00:00:80:CC:00:00:00:80:D2:C0:00:00:80:D1:80:00:00:80:D3:C0:00:00:80:CD:00:00:00:80:D2:40:00:00:80:D0:00:00:00:80:D0:C0:00:00:80:D3:00:00:00:80:D1:40:00:00:80:CF:80:8E:46:C0:00:FF:FF:00:00:00:AB:10:45:46]
[53:48:DA:00:C8:05:25:00:00:80:D0:00:00:00:80:D0:40:00:00:80:D0:00:00:00:80:CC:C0:00:00:80:D5:C0:00:00:80:C6:80:00:00:80:D2:80:00:00:80:D0:00:00:00:80:D3:80:00:00:80:D3:80:00:00:80:D3:C0:00:00:80:72:C0:00:00:80:D3:00:00:00:80:CF:40:00:00:80:D3:40:00:00:80:D0:00:00:00:80:D0:00:00:00:80:D5:40:00:00:80:CF:80:00:00:80:D1:80:8E:3B:80:00:FF:FF:00:00:00:AB:10:45:46]
[53:48:DA:00:C8:05:26:00:00:80:D2:C0:00:00:80:D2:80:00:00:80:D3:80:00:00:80:D1:40:00:00:80:D1:80:00:00:80:D1:00:00:00:80:D2:80:00:00:80:CA:40:00:00:80:D5:80:00:00:80:CD:00:00:00:80:D0:40:00:00:80:D6:80:00:00:80:D4:00:00:00:80:D1:80:00:00:80:D1:80:00:00:80:D2:80:00:00:80:D2:80:00:00:80:D3:00:00:00:80:D1:C0:00:00:80:CD:80:8E:35:40:00:FF:FF:00:00:00:AB:10:45:46]
[53:48:DA:00:C8:05:27:00:00:80:D2:00:00:00:80:D0:40:00:00:80:D4:40:00:00:80:D0:40:00:00:80:CD:80:00:00:80:CD:00:00:00:80:CB:00:00:00:80:C4:80:00:00:80:C1:40:00:00:80:B9:80:00:00:80:47:C0:00:00:80:AE:40:00:00:80:A0:80:00:00:80:8F:80:00:00:80:80:40:00:00:80:60:40:00:00:80:41:40:00:00:80:07:40:00:00:7F:C6:80:00:00:7F:7E:00:8E:2A:C0:00:FF:FF:00:00:00:AB:10:45:46]
[53:48:DA:00:C8:05:28:00:00:7E:E0:40:00:00:7E:31:00:00:00:7E:22:40:00:00:7D:8F:80:00:00:7C:F7:80:00:00:7C:E5:80:00:00:7C:76:C0:00:00:7C:52:40:00:00:7B:DC:00:00:00:7B:BD:00:00:00:7B:4B:40:00:00:7B:19:00:00:00:7A:D4:40:00:00:7A:DA:C0:00:00:7A:80:40:00:00:7A:35:80:00:00:7A:72:C0:00:00:7A:34:C0:00:00:7A:92:40:00:00:7A:44:40:8E:41:C0:00:FF:FF:00:00:00:AB:10:45:46]
[53:48:DA:00:C8:05:29:00:00:7A:46:C0:00:00:79:E7:40:00:00:79:CD:40:00:00:79:57:C0:00:00:79:AF:80:00:00:79:BD:C0:00:00:79:58:C0:00:00:79:50:80:00:00:79:1E:40:00:00:78:D3:80:00:00:78:FE:C0:00:00:78:D5:80:00:00:78:DE:80:00:00:79:2B:C0:00:00:79:51:40:00:00:79:9E:80:00:00:79:A5:00:00:00:79:D4:40:00:00:79:FE:40:00:00:7A:24:80:8E:3A:80:00:FF:FF:00:00:00:AB:10:45:46]
[53:48:DA:00:C8:05:2A:00:00:7A:24:C0:00:00:7A:8F:C0:00:00:7A:9B:00:00:00:7A:F7:00:00:00:7A:E8:C0:00:00:7B:35:40:00:00:7B:67:80:00:00:7B:89:C0:00:00:7B:F7:80:00:00:7C:49:C0:00:00:7C:3B:00:00:00:7C:87:C0:00:00:7C:8D:80:00:00:7C:98:40:00:00:7C:81:00:00:00:7C:AF:C0:00:00:7C:B1:00:00:00:7C:C8:00:00:00:7C:93:80:00:00:7C:C2:C0:8E:4E:00:00:FF:FF:00:00:00:AB:10:45:46]
[53:48:DA:00:C8:05:2B:00:00:7C:CF:80:00:00:7C:E0:40:00:00:7C:D4:00:00:00:7D:2D:80:00:00:7C:E6:C0:00:00:7D:3C:00:00:00:7D:53:00:00:00:7D:50:80:00:00:7D:39:C0:00:00:7D:88:C0:00:00:7D:9E:00:00:00:7D:DB:00:00:00:7D:E9:80:00:00:7D:ED:80:00:00:7E:3E:40:00:00:7E:3F:40:00:00:7E:46:80:00:00:7E:85:C0:00:00:7E:60:00:00:00:7E:65:80:8E:44:C0:00:FF:FF:00:00:00:AB:10:45:46]
[53:48:DA:00:C8:05:2C:00:00:7E:70:00:00:00:7E:76:00:00:00:7E:96:C0:00:00:7E:95:00:00:00:7E:AB:40:00:00:7E:BA:00:00:00:7E:F4:40:00:00:7E:CF:40:00:00:7E:E8:80:00:00:7F:34:00:00:00:7F:3D:00:00:00:7F:62:80:00:00:7F:73:80:00:00:7F:99:40:00:00:7F:BC:C0:00:00:7F:C5:00:00:00:7F:C9:40:00:00:7F:D1:C0:00:00:7F:ED:40:00:00:7F:F9:40:8E:53:40:00:FF:FF:00:00:00:AB:10:45:46]
[53:48:DA:00:C8:05:2D:00:00:7F:FE:40:00:00:7F:FA:00:00:00:7F:F8:80:00:00:7F:E4:80:00:00:7F:F1:40:00:00:7F:C8:40:00:00:7F:EC:C0:00:00:7F:B8:00:00:00:7F:FE:00:00:00:7F:F5:C0:00:00:80:19:00:00:00:80:17:C0:00:00:80:1F:C0:00:00:80:1E:00:00:00:80:3D:C0:00:00:80:2A:40:00:00:80:3E:00:00:00:80:4A:C0:00:00:80:4E:80:00:00:80:57:80:8E:62:00:00:FF:FF:00:00:00:AB:10:45:46]
[53:48:DA:00:C8:05:2E:00:00:80:6A:40:00:00:80:69:40:00:00:80:6D:C0:00:00:80:6F:00:00:00:80:7B:C0:00:00:80:81:00:00:00:80:80:80:00:00:80:8D:00:00:00:80:91:C0:00:00:80:98:80:00:00:80:93:C0:00:00:80:9C:00:00:00:80:9B:80:00:00:80:A0:40:00:00:80:A3:C0:00:00:80:A4:40:00:00:80:A9:40:00:00:80:B5:C0:00:00:80:B4:40:00:00:80:B6:00:8E:6F:80:00:FF:FF:00:00:00:AB:10:45:46]
[53:48:DA:00:C8:05:2F:00:00:80:B2:C0:00:00:80:AD:00:00:00:80:AB:40:00:00:80:AB:C0:00:00:80:AB:00:00:00:80:AA:C0:00:00:80:AA:80:00:00:80:AB:80:00:00:80:AD:80:00:00:80:B5:00:00:00:80:B7:40:00:00:80:BD:C0:00:00:80:C4:40:00:00:80:C8:C0:00:00:80:BB:40:00:00:80:C4:C0:00:00:80:DA:00:00:00:80:D8:40:00:00:80:DD:80:00:00:80:D8:00:8E:50:40:00:FF:FF:00:00:00:AB:10:45:46]
[53:48:DA:00:C8:05:30:00:00:80:D4:80:00:00:80:D5:80:00:00:80:D2:00:00:00:80:D0:40:00:00:80:CF:00:00:00:80:D0:40:00:00:80:D2:40:00:00:80:D3:C0:00:00:80:D2:C0:00:00:80:D6:C0:00:00:80:DB:00:00:00:80:D3:00:00:00:80:DE:00:00:00:80:DC:40:00:00:80:D6:40:00:00:80:D9:00:00:00:80:D8:80:00:00:80:DA:40:00:00:80:C6:00:00:00:80:D6:80:8E:5E:C0:00:FF:FF:00:00:00:AB:10:45:46]
[53:48:DA:00:C8:05:31:00:00:80:D7:40:00:00:80:D6:80:00:00:80:CE:40:00:00:80:C2:00:00:00:80:C4:80:00:00:80:D5:00:00:00:80:D6:40:00:00:80:D6:40:00:00:80:D7:80:00:00:80:D5:00:00:00:80:D7:C0:00:00:80:D5:80:00:00:80:D5:40:00:00:80:C8:80:00:00:80:D4:40:00:00:80:D4:40:00:00:80:D1:40:00:00:80:D2:40:00:00:80:D2:C0:00:00:80:C8:80:8E:42:C0:00:FF:FF:00:00:00:AB:10:45:46]
[53:48:DA:00:C8:05:32:00:00:80:CF:80:00:00:80:CF:80:00:00:80:D1:C0:00:00:80:D2:00:00:00:80:CB:80:00:00:80:D9:00:00:00:80:D9:C0:00:00:80:CD:C0:00:00:80:DC:00:00:00:80:DE:C0:00:00:80:DB:00:00:00:80:DC:80:00:00:80:DD:00:00:00:80:D3:40:00:00:80:D7:40:00:00:80:D7:00:00:00:80:D5:00:00:00:80:D1:40:00:00:80:CE:C0:00:00:80:D1:00:8E:40:80:00:FF:FF:00:00:00:AB:10:45:46]
[53:48:DA:00:C8:05:33:00:00:80:D2:00:00:00:80:D0:80:00:00:80:D3:C0:00:00:80:D0:80:00:00:80:D2:C0:00:00:80:D3:80:00:00:80:D1:40:00:00:80:D5:40:00:00:80:D5:40:00:00:80:D1:C0:00:00:80:D8:00:00:00:80:C8:40:00:00:80:CA:C0:00:00:80:D4:80:00:00:80:D4:40:00:00:80:D4:00:00:00:80:D4:00:00:00:80:D1:C0:00:00:80:D1:80:00:00:80:D1:80:8E:5D:C0:00:FF:FF:00:00:00:AB:10:45:46]
[53:48:DA:00:C8:05:34:00:00:80:D7:00:00:00:80:D4:C0:00:00:80:D3:80:00:00:80:BD:C0:00:00:80:D4:80:00:00:80:D2:00:00:00:80:CF:C0:00:00:80:D3:80:00:00:80:D3:40:00:00:80:D3:40:00:00:80:D4:C0:00:00:80:D6:00:00:00:80:D9:00:00:00:80:D9:C0:00:00:80:D9:40:00:00:80:D1:80:00:00:80:D8:40:00:00:80:D8:40:00:00:80:D4:C0:00:00:80:D5:00:8E:53:40:00:FF:FF:00:00:00:AB:10:45:46]
[53:48:DA:00:C8:05:35:00:00:80:D6:C0:00:00:80:D4:80:00:00:80:D2:00:00:00:80:D4:00:00:00:80:D2:C0:00:00:80:D2:80:00:00:80:D2:00:00:00:80:D1:00:00:00:80:D0:C0:00:00:80:D3:80:00:00:80:D2:80:00:00:80:CA:00:00:00:80:D8:C0:00:00:80:D7:C0:00:00:80:D9:40:00:00:80:D8:00:00:00:80:D9:C0:00:00:80:D9:00:00:00:80:D3:40:00:00:80:D0:40:8E:3E:80:00:FF:FF:00:00:00:AB:10:45:46]
[53:48:DA:00:C8:05:36:00:00:80:D4:00:00:00:80:D2:00:00:00:80:9D:00:00:00:80:D1:C0:00:00:80:D4:40:00:00:80:D4:80:00:00:80:D5:40:00:00:80:D0:80:00:00:80:D1:C0:00:00:80:D3:00:00:00:80:D2:80:00:00:80:D3:40:00:00:80:D7:80:00:00:80:D7:40:00:00:80:D4:80:00:00:80:D3:40:00:00:80:D8:40:00:00:80:D4:40:00:00:80:D4:40:00:00:80:D5:80:8E:3F:80:00:FF:FF:00:00:00:AB:10:45:46]
[53:48:DA:00:C8:05:37:00:00:80:D4:80:00:00:80:DA:C0:00:00:80:BF:40:00:00:80:D8:00:00:00:80:D8:00:00:00:80:D5:00:00:00:80:D2:80:00:00:80:D1:40:00:00:80:D0:80:00:00:80:D0:80:00:00:80:C4:C0:00:00:80:D2:C0:00:00:80:D4:00:00:00:80:D5:80:00:00:80:D9:80:00:00:80:D7:C0:00:00:80:D8:80:00:00:80:D8:40:00:00:80:D5:C0:00:00:80:D5:C0:8E:37:40:00:FF:FF:00:00:00:AB:10:45:46]
[53:48:DA:00:C8:05:38:00:00:80:D7:80:00:00:80:89:00:00:00:80:D1:80:00:00:80:D2:C0:00:00:80:D1:C0:00:00:80:D3:C0:00:00:80:C4:80:00:00:80:D4:C0:00:00:80:D4:00:00:00:80:D6:C0:00:00:80:D0:80:00:00:80:D1:80:00:00:80:D6:40:00:00:80:C3:80:00:00:80:D6:40:00:00:80:D2:00:00:00:80:D3:40:00:00:80:D1:40:00:00:80:D3:C0:00:00:80:D1:C0:8E:48:00:00:FF:FF:00:00:00:AB:10:45:46]
[53:48:DA:00:C8:05:39:00:00:80:D2:40:00:00:80:D2:00:00:00:80:D2:00:00:00:80:D5:00:00:00:80:D2:40:00:00:80:D3:C0:00:00:80:D1:40:00:00:80:D6:00:00:00:80:D1:40:00:00:80:C2:C0:00:00:80:C4:80:00:00:80:D0:C0:00:00:80:D0:00:00:00:80:D0:00:00:00:80:D2:40:00:00:80:D1:00:00:00:80:D3:40:00:00:80:D0:80:00:00:80:D4:00:00:00:80:D6:C0:8E:45:C0:00:FF:FF:00:00:00:AB:10:45:46]
[53:48:DA:00:C8:05:3A:00:00:80:83:C0:00:00:80:D4:40:00:00:80:D4:40:00:00:80:D1:C0:00:00:80:CF:00:00:00:80:D2:80:00:00:80:CF:00:00:00:80:CE:C0:00:00:80:CE:C0:00:00:80:CF:00:00:00:80:D0:40:00:00:80:D3:40:00:00:80:D2:00:00:00:80:D2:C0:00:00:80:CC:80:00:00:80:D4:40:00:00:80:D6:40:00:00:80:D2:80:00:00:80:CE:40:00:00:80:CE:40:8E:52:40:00:FF:FF:00:00:00:AB:10:45:46]
[53:48:DA:00:C8:05:3B:00:00:80:C8:C0:00:00:80:CA:00:00:00:80:CB:00:00:00:80:C6:00:00:00:80:C8:40:00:00:80:CB:00:00:00:80:CB:80:00:00:80:CF:80:00:00:80:C2:40:00:00:80:CC:00:00:00:80:D0:40:00:00:80:CC:80:00:00:80:D1:C0:00:00:80:CF:80:00:00:80:D3:40:00:00:80:D5:80:00:00:80:D5:80:00:00:80:D7:40:00:00:80:D3:40:00:00:80:DE:C0:8E:4B:00:00:FF:FF:00:00:00:AB:10:45:46]
[53:48:DA:00:C8:05:3C:00:00:80:DF:C0:00:00:80:DF:80:00:00:80:DF:40:00:00:80:DC:00:00:00:80:DC:C0:00:00:80:DC:40:00:00:80:D9:C0:00:00:80:D5:00:00:00:80:DA:80:00:00:80:D5:00:00:00:80:D8:C0:00:00:80:D7:80:00:00:80:D1:C0:00:00:80:D3:40:00:00:80:D3:00:00:00:80:D2:00:00:00:80:D4:40:00:00:80:D4:40:00:00:80:D4:80:00:00:80:D8:C0:8E:39:40:00:FF:FF:00:00:00:AB:10:45:46]
[53:48:DA:00:C8:05:3D:00:00:80:D6:80:00:00:80:D3:80:00:00:80:D7:40:00:00:80:D3:40:00:00:80:D7:C0:00:00:80:D7:00:00:00:80:D3:40:00:00:80:C8:40:00:00:80:D4:00:00:00:80:D4:80:00:00:80:D6:00:00:00:80:D2:80:00:00:80:D1:80:00:00:80:D3:40:00:00:80:D6:00:00:00:80:D5:C0:00:00:80:CF:80:00:00:80:D3:80:00:00:80:D6:80:00:00:80:9E:80:8E:41:C0:00:FF:FF:00:00:00:AB:10:45:46]
[53:48:DA:00:C8:05:3E:00:00:80:D7:00:00:00:80:D7:80:00:00:80:D6:00:00:00:80:D3:C0:00:00:80:D6:00:00:00:80:C3:C0:00:00:80:D0:80:00:00:80:D6:00:00:00:80:D6:40:00:00:80:D4:80:00:00:80:D4:80:00:00:80:D6:40:00:00:80:D5:C0:00:00:80:D9:80:00:00:80:DA:80:00:00:80:DA:C0:00:00:80:D3:C0:00:00:80:D7:40:00:00:80:D9:00:00:00:80:D9:00:8E:5D:C0:00:FF:FF:00:00:00:AB:10:45:46]
[53:48:DA:00:C8:05:3F:00:00:80:D5:00:00:00:80:D8:40:00:00:80:D3:40:00:00:80:D0:00:00:00:80:D3:00:00:00:80:D3:00:00:00:80:C3:00:00:00:80:D5:C0:00:00:80:D6:80:00:00:80:C7:00:00:00:80:D8:00:00:00:80:D9:00:00:00:80:D8:40:00:00:80:D7:C0:00:00:80:D7:80:00:00:80:D8:00:00:00:80:D4:C0:00:00:80:D7:40:00:00:80:A8:80:00:00:80:D4:80:8E:33:00:00:FF:FF:00:00:00:AB:10:45:46]
[53:48:DA:00:C8:05:40:00:00:80:D3:80:00:00:80:D8:80:00:00:80:D5:00:00:00:80:D6:C0:00:00:80:D4:C0:00:00:80:CA:80:00:00:80:D4:40:00:00:80:D0:00:00:00:80:CE:80:00:00:80:CC:40:00:00:80:C7:C0:00:00:80:C9:40:00:00:80:D1:00:00:00:80:C6:00:00:00:80:D5:00:00:00:80:D5:C0:00:00:80:D2:C0:00:00:80:D2:80:00:00:80:CF:80:00:00:80:D1:80:8E:44:C0:00:FF:FF:00:00:00:AB:10:45:46]
[53:48:DA:00:C8:05:41:00:00:80:D1:00:00:00:80:CD:80:00:00:80:D2:00:00:00:80:D0:00:00:00:80:D3:40:00:00:80:C4:C0:00:00:80:D2:80:00:00:80:D1:C0:00:00:80:D4:80:00:00:80:D2:40:00:00:80:D1:00:00:00:80:D2:00:00:00:80:D4:00:00:00:80:D5:80:00:00:80:D5:00:00:00:80:D4:40:00:00:80:D3:80:00:00:80:A8:80:00:00:80:D2:40:00:00:80:D1:C0:8E:4F:40:00:FF:FF:00:00:00:AB:10:45:46]
[53:48:DA:00:C8:05:42:00:00:80:D7:C0:00:00:80:CF:00:00:00:80:D2:80:00:00:80:D1:C0:00:00:80:C8:80:00:00:80:D1:80:00:00:80:D0:40:00:00:80:CF:C0:00:00:80:CE:40:00:00:80:CB:40:00:00:80:D0:40:00:00:80:CC:C0:00:00:80:CE:40:00:00:80:CD:40:00:00:80:C7:00:00:00:80:CA:00:00:00:80:C7:80:00:00:80:C3:C0:00:00:80:C4:00:00:00:80:C8:00:8E:50:40:00:FF:FF:00:00:00:AB:10:45:46]
[53:48:DA:00:C8:05:43:00:00:80:BB:00:00:00:80:C0:80:00:00:80:BD:C0:00:00:80:BA:00:00:00:80:A0:C0:00:00:80:AF:40:00:00:80:A7:C0:00:00:80:9F:80:00:00:80:A1:00:00:00:80:9D:C0:00:00:80:9B:80:00:00:80:9F:40:00:00:80:A0:80:00:00:80:A7:00:00:00:80:B1:00:00:00:80:B7:80:00:00:80:9F:40:00:00:80:C6:80:00:00:80:D2:80:00:00:80:E0:C0:8E:58:80:00:FF:FF:00:00:00:AB:10:45:46]
[53:48:DA:00:C8:05:44:00:00:80:F0:80:00:00:80:FC:80:00:00:81:00:80:00:00:80:F7:00:00:00:81:03:C0:00:00:81:0C:80:00:00:81:17:00:00:00:81:2B:C0:00:00:81:39:C0:00:00:81:53:80:00:00:81:76:80:00:00:81:C7:40:00:00:81:E7:80:00:00:82:95:80:00:00:83:65:00:00:00:84:F8:80:00:00:87:68:C0:00:00:89:3C:00:00:00:8F:4E:00:00:00:91:D5:80:8E:4B:00:00:FF:FF:00:00:00:AB:10:45:46]
[53:48:DA:00:C8:05:45:00:00:8F:37:40:00:00:97:49:40:00:00:9C:F3:80:00:00:91:F5:C0:00:00:96:A2:40:00:00:9C:DF:40:00:00:A3:D0:80:00:00:9E:B0:40:00:00:9E:ED:40:00:00:94:0A:40:00:00:93:65:00:00:00:9A:C2:80:00:00:A6:74:C0:00:00:94:C2:C0:00:00:A2:BA:80:00:00:9B:46:40:00:00:9C:BC:00:00:00:92:5E:C0:00:00:91:C6:00:00:00:9B:A0:40:8E:4B:00:00:FF:FF:00:00:00:AB:10:45:46]
[53:48:DA:00:C8:05:46:00:00:86:03:40:00:00:8D:5C:40:00:00:96:38:80:00:00:90:9A:C0:00:00:8E:E2:40:00:00:88:EC:40:00:00:88:D0:80:00:00:8E:DA:40:00:00:91:8A:80:00:00:8C:58:80:00:00:96:0C:00:00:00:92:07:C0:00:00:8D:71:C0:00:00:87:76:40:00:00:8C:6F:40:00:00:89:F0:40:00:00:88:8B:C0:00:00:8A:ED:00:00:00:8B:56:00:00:00:88:F7:00:8E:4D:00:00:FF:FF:00:00:00:AB:10:45:46]
[53:48:DA:00:C8:05:47:00:00:89:19:00:00:00:8C:29:40:00:00:85:9D:00:00:00:8B:B2:C0:00:00:8C:3E:C0:00:00:87:BF:40:00:00:8B:06:80:00:00:89:BB:40:00:00:87:CC:00:00:00:88:24:40:00:00:86:12:00:00:00:86:D1:40:00:00:88:4F:80:00:00:88:6C:80:00:00:88:4C:C0:00:00:86:56:00:00:00:85:95:00:00:00:86:8D:80:00:00:85:E2:C0:00:00:84:A2:40:8E:2C:C0:00:FF:FF:00:00:00:AB:10:45:46]
[53:48:DA:00:C8:05:48:00:00:83:A7:40:00:00:84:12:00:00:00:84:ED:80:00:00:83:2F:80:00:00:83:F1:C0:00:00:82:A8:80:00:00:83:D3:80:00:00:82:66:80:00:00:84:7E:C0:00:00:84:21:80:00:00:83:5C:40:00:00:83:3D:C0:00:00:83:55:80:00:00:82:E2:00:00:00:82:67:80:00:00:82:C7:C0:00:00:82:ED:80:00:00:82:B2:40:00:00:82:B7:40:00:00:83:5D:40:8E:60:C0:00:FF:FF:00:00:00:AB:10:45:46]
[53:48:DA:00:C8:05:49:00:00:82:FC:00:00:00:82:0A:40:00:00:82:CF:00:00:00:82:6B:C0:00:00:83:CF:00:00:00:82:74:40:00:00:82:83:C0:00:00:81:DE:40:00:00:81:C8:C0:00:00:82:46:00:00:00:82:17:80:00:00:81:E6:80:00:00:82:1B:40:00:00:81:AC:80:00:00:83:00:80:00:00:82:AD:00:00:00:82:66:00:00:00:82:58:C0:00:00:82:E5:C0:00:00:82:28:C0:8E:56:80:00:FF:FF:00:00:00:AB:10:45:46]
[53:48:DA:00:C8:05:4A:00:00:81:53:80:00:00:82:A9:80:00:00:82:8D:C0:00:00:82:03:40:00:00:81:BA:80:00:00:81:CD:C0:00:00:81:BC:00:00:00:81:D9:C0:00:00:81:6C:C0:00:00:82:61:40:00:00:81:B9:40:00:00:81:96:C0:00:00:81:69:40:00:00:81:42:80:00:00:81:31:80:00:00:81:BF:80:00:00:81:24:00:00:00:81:2A:40:00:00:81:2A:40:00:00:81:45:00:8E:50:40:00:FF:FF:00:00:00:AB:10:45:46]
[53:48:DA:00:C8:05:4B:00:00:81:28:00:00:00:81:02:80:00:00:81:09:C0:00:00:80:F7:40:00:00:80:FA:00:00:00:80:DC:40:00:00:81:0D:C0:00:00:80:F7:00:00:00:81:3A:80:00:00:81:02:C0:00:00:81:22:80:00:00:81:43:40:00:00:81:00:80:00:00:81:3F:80:00:00:80:E6:80:00:00:80:E3:C0:00:00:81:27:00:00:00:81:1C:80:00:00:80:F2:80:00:00:80:FF:80:8E:6A:40:00:FF:FF:00:00:00:AB:10:45:46]
[53:48:DA:00:C8:05:4C:00:00:80:FB:80:00:00:80:EC:00:00:00:81:26:40:00:00:81:09:C0:00:00:80:F8:80:00:00:80:E5:00:00:00:80:F6:80:00:00:80:F3:80:00:00:80:F3:C0:00:00:80:DF:80:00:00:80:F8:00:00:00:80:DC:00:00:00:80:FF:C0:00:00:81:04:00:00:00:80:E2:C0:00:00:80:F9:80:00:00:80:E8:80:00:00:80:F9:80:00:00:80:E1:C0:00:00:80:E4:40:8E:4E:00:00:FF:FF:00:00:00:AB:10:45:46]
[53:48:DA:00:C8:05:4D:00:00:81:01:C0:00:00:80:E9:00:00:00:81:1B:80:00:00:80:FD:40:00:00:80:EF:80:00:00:80:F9:C0:00:00:80:EB:C0:00:00:80:E0:00:00:00:80:DB:40:00:00:80:E2:80:00:00:80:FE:40:00:00:80:EC:80:00:00:80:F2:40:00:00:80:DF:40:00:00:80:EE:40:00:00:80:D4:00:00:00:80:DE:80:00:00:80:D4:80:00:00:80:E8:80:00:00:80:D2:C0:8E:4D:00:00:FF:FF:00:00:00:AB:10:45:46]
[53:48:DA:00:C8:05:4E:00:00:80:E0:C0:00:00:80:D8:40:00:00:80:DB:C0:00:00:80:D0:00:00:00:80:DC:40:00:00:80:E7:C0:00:00:80:E7:40:00:00:80:DE:00:00:00:80:D5:C0:00:00:80:D6:00:00:00:80:DB:80:00:00:80:E1:C0:00:00:80:DE:C0:00:00:80:E1:40:00:00:80:DE:00:00:00:80:F3:00:00:00:80:F0:40:00:00:80:E9:00:00:00:80:DC:40:00:00:80:D0:80:8E:57:80:00:FF:FF:00:00:00:AB:10:45:46]
[53:48:DA:00:C8:05:4F:00:00:80:DE:80:00:00:80:DD:80:00:00:80:D9:C0:00:00:80:D8:80:00:00:80:DB:80:00:00:80:E3:C0:00:00:80:DC:40:00:00:80:E1:40:00:00:80:E7:40:00:00:80:EA:C0:00:00:80:F0:80:00:00:80:F0:00:00:00:80:E7:80:00:00:80:DD:C0:00:00:80:E6:80:00:00:80:EE:40:00:00:80:E9:40:00:00:80:E4:C0:00:00:80:DD:00:00:00:80:DC:40:8E:6C:40:00:FF:FF:00:00:00:AB:10:45:46]
[53:48:DA:00:C8:05:50:00:00:80:E2:40:00:00:80:E5:80:00:00:80:C0:40:00:00:80:E3:00:00:00:80:DF:40:00:00:80:DE:C0:00:00:80:E3:00:00:00:80:E2:80:00:00:80:E5:80:00:00:80:E3:80:00:00:80:D8:00:00:00:80:D6:80:00:00:80:DA:00:00:00:80:DF:00:00:00:80:D5:C0:00:00:80:D8:C0:00:00:80:D2:40:00:00:80:E1:80:00:00:80:E4:40:00:00:80:E2:80:8E:5E:C0:00:FF:FF:00:00:00:AB:10:45:46]
[53:48:DA:00:C8:05:51:00:00:80:DB:80:00:00:80:E2:80:00:00:80:E1:00:00:00:80:E1:80:00:00:80:DE:80:00:00:80:DB:80:00:00:80:C7:C0:00:00:80:D5:00:00:00:80:DA:C0:00:00:80:D9:80:00:00:80:D9:80:00:00:80:DB:80:00:00:80:D6:80:00:00:80:D5:80:00:00:80:D9:00:00:00:80:D4:C0:00:00:80:D5:80:00:00:80:D7:80:00:00:80:DB:C0:00:00:80:D6:C0:8E:54:40:00:FF:FF:00:00:00:AB:10:45:46]
[53:48:DA:00:C8:05:52:00:00:80:D5:80:00:00:80:D9:00:00:00:80:D4:80:00:00:80:D1:80:00:00:80:D4:00:00:00:80:D5:C0:00:00:80:D7:80:00:00:80:D8:40:00:00:80:D3:80:00:00:80:D4:C0:00:00:80:C3:C0:00:00:80:D3:C0:00:00:80:D9:80:00:00:80:DF:00:00:00:80:D7:40:00:00:80:D9:00:00:00:80:D2:C0:00:00:80:D4:80:00:00:80:D9:00:00:00:80:D1:00:8E:67:00:00:FF:FF:00:00:00:AB:10:45:46]
[53:48:DA:00:C8:05:53:00:00:80:CE:C0:00:00:80:CC:00:00:00:80:D3:40:00:00:80:CC:C0:00:00:80:CA:C0:00:00:80:CF:80:00:00:80:D0:40:00:00:80:CD:C0:00:00:80:D1:00:00:00:80:CF:80:00:00:80:D2:C0:00:00:80:CF:C0:00:00:80:D5:80:00:00:80:D4:80:00:00:80:C8:80:00:00:80:D3:80:00:00:80:CE:C0:00:00:80:D3:C0:00:00:80:D1:C0:00:00:80:D6:40:8E:77:C0:00:FF:FF:00:00:00:AB:10:45:46]
[53:48:DA:00:C8:05:54:00:00:80:D5:40:00:00:80:D4:00:00:00:80:D6:00:00:00:80:D6:C0:00:00:80:D4:80:00:00:80:D0:00:00:00:80:D7:80:00:00:80:C9:00:00:00:80:D4:80:00:00:80:CF:40:00:00:80:D9:00:00:00:80:D4:80:00:00:80:D3:C0:00:00:80:D2:40:00:00:80:D6:80:00:00:80:D5:40:00:00:80:D2:C0:00:00:80:D6:00:00:00:80:CE:80:00:00:80:D5:C0:8E:5C:C0:00:FF:FF:00:00:00:AB:10:45:46]
[53:48:DA:00:C8:05:55:00:00:80:D7:80:00:00:80:D5:40:00:00:80:D6:40:00:00:80:D8:C0:00:00:80:D8:00:00:00:80:D6:C0:00:00:80:D7:80:00:00:80:D2:40:00:00:80:D1:C0:00:00:80:D5:C0:00:00:80:D5:00:00:00:80:D3:40:00:00:80:D3:80:00:00:80:D6:80:00:00:80:D6:40:00:00:80:D4:40:00:00:80:D3:C0:00:00:80:D5:00:00:00:80:D8:80:00:00:80:D2:00:8E:67:00:00:FF:FF:00:00:00:AB:10:45:46]
[53:48:DA:00:C8:05:56:00:00:80:D6:00:00:00:80:D2:00:00:00:80:D2:00:00:00:80:D5:C0:00:00:80:D3:C0:00:00:80:D3:80:00:00:80:BD:00:00:00:80:D6:40:00:00:80:D6:40:00:00:80:D3:00:00:00:80:D3:C0:00:00:80:D6:80:00:00:80:D7:40:00:00:80:D9:C0:00:00:80:D6:40:00:00:80:D8:00:00:00:80:D7:00:00:00:80:D9:00:00:00:80:D5:00:00:00:80:D4:00:8E:66:00:00:FF:FF:00:00:00:AB:10:45:46]
[53:48:DA:00:C8:05:57:00:00:80:D5:C0:00:00:80:D8:00:00:00:80:D4:00:00:00:80:D7:40:00:00:80:D6:C0:00:00:80:BD:40:00:00:80:D6:40:00:00:80:D6:00:00:00:80:D7:C0:00:00:80:D5:00:00:00:80:D7:00:00:00:80:D5:C0:00:00:80:D9:80:00:00:80:D1:C0:00:00:80:D6:40:00:00:80:D5:80:00:00:80:D8:00:00:00:80:D4:C0:00:00:80:D5:00:00:00:80:D8:80:8E:4D:00:00:FF:FF:00:00:00:AB:10:45:46]
[53:48:DA:00:C8:05:58:00:00:80:D4:C0:00:00:80:D2:80:00:00:80:D4:80:00:00:80:D5:C0:00:00:80:D4:80:00:00:80:AF:C0:00:00:80:D4:00:00:00:80:D7:80:00:00:80:D5:40:00:00:80:C7:80:00:00:80:D7:80:00:00:80:D6:40:00:00:80:D5:00:00:00:80:D9:40:00:00:80:D7:40:00:00:80:D5:40:00:00:80:D4:00:00:00:80:D5:00:00:00:80:D4:40:00:00:80:D3:C0:8E:70:80:00:FF:FF:00:00:00:AB:10:45:46]
[53:48:DA:00:C8:05:59:00:00:80:D3:80:00:00:80:D0:C0:00:00:80:D3:00:00:00:80:D5:00:00:00:80:D2:00:00:00:80:D0:C0:00:00:80:D2:80:00:00:80:D0:40:00:00:80:D4:00:00:00:80:D2:80:00:00:80:CF:00:00:00:80:D1:C0:00:00:80:D5:00:00:00:80:CC:40:00:00:80:D7:40:00:00:80:D4:C0:00:00:80:D3:00:00:00:80:D3:40:00:00:80:D4:40:00:00:80:D7:40:8E:50:40:00:FF:FF:00:00:00:AB:10:45:46]
[53:48:DA:00:C8:05:5A:00:00:80:D3:80:00:00:80:D6:00:00:00:80:D5:40:00:00:80:D4:80:00:00:80:99:40:00:00:80:D5:00:00:00:80:D4:40:00:00:80:D5:40:00:00:80:D6:00:00:00:80:D4:C0:00:00:80:D7:40:00:00:80:D5:40:00:00:80:D5:40:00:00:80:D0:40:00:00:80:D2:C0:00:00:80:D1:00:00:00:80:D2:80:00:00:80:C8:C0:00:00:80:D1:00:00:00:80:D3:00:8E:6F:80:00:FF:FF:00:00:00:AB:10:45:46]
[53:48:DA:00:C8:05:5B:00:00:80:D1:00:00:00:80:D3:00:00:00:80:D2:C0:00:00:80:D1:C0:00:00:80:D1:40:00:00:80:D3:80:00:00:80:D6:80:00:00:80:D3:40:00:00:80:D3:C0:00:00:80:D3:80:00:00:80:D4:00:00:00:80:D5:40:00:00:80:D6:80:00:00:80:D7:80:00:00:80:D7:40:00:00:80:D7:00:00:00:80:D5:C0:00:00:80:D4:C0:00:00:80:D5:00:00:00:80:D6:00:8E:5E:C0:00:FF:FF:00:00:00:AB:10:45:46]
[53:48:DA:00:C8:05:5C:00:00:80:D1:80:00:00:80:D3:C0:00:00:80:D5:C0:00:00:80:8B:80:00:00:80:D5:80:00:00:80:D4:00:00:00:80:D8:40:00:00:80:D5:40:00:00:80:D5:00:00:00:80:D4:C0:00:00:80:D3:00:00:00:80:D5:80:00:00:80:D6:40:00:00:80:D5:C0:00:00:80:D6:40:00:00:80:D6:40:00:00:80:D5:40:00:00:80:D4:00:00:00:80:D3:C0:00:00:80:D0:40:8E:4B:00:00:FF:FF:00:00:00:AB:10:45:46]
[53:48:DA:00:C8:05:5D:00:00:80:D3:40:00:00:80:D3:C0:00:00:80:D1:C0:00:00:80:D5:00:00:00:80:BC:80:00:00:80:D2:C0:00:00:80:D2:40:00:00:80:D2:C0:00:00:80:D2:00:00:00:80:D2:40:00:00:80:D2:40:00:00:80:D7:80:00:00:80:D4:C0:00:00:80:D7:00:00:00:80:D3:80:00:00:80:D3:80:00:00:80:D5:C0:00:00:80:D4:00:00:00:80:D3:C0:00:00:80:D2:40:8E:51:40:00:FF:FF:00:00:00:AB:10:45:46]
[53:48:DA:00:C8:05:05:00:00:80:D2:C0:00:00:80:D5:80:00:00:80:D5:00:00:00:80:D4:00:00:00:80:CE:40:00:00:80:D5:40:00:00:80:C5:C0:00:00:80:D4:40:00:00:80:D1:80:00:00:80:D2:40:00:00:80:D0:80:00:00:80:D3:C0:00:00:80:D4:00:00:00:80:D5:40:00:00:80:D3:40:00:00:80:D1:00:00:00:80:D3:C0:00:00:80:D3:40:00:00:80:D0:C0:00:00:80:D2:40:8E:26:80:00:FF:FF:00:00:00:AB:10:45:46]
[53:48:DA:00:C8:05:06:00:00:80:D1:40:00:00:80:D0:80:00:00:80:D4:40:00:00:80:A9:00:00:00:80:D2:00:00:00:80:CE:40:00:00:80:D6:40:00:00:80:D2:40:00:00:80:D3:80:00:00:80:D3:C0:00:00:80:D4:00:00:00:80:D5:00:00:00:80:D2:C0:00:00:80:D3:00:00:00:80:D3:40:00:00:80:D3:80:00:00:80:D4:C0:00:00:80:D2:80:00:00:80:D3:40:00:00:80:D3:40:8E:2B:C0:00:FF:FF:00:00:00:AB:10:45:46]
[53:48:DA:00:C8:05:07:00:00:80:C7:80:00:00:80:D4:80:00:00:80:D1:00:00:00:80:D3:C0:00:00:80:D1:80:00:00:80:D2:C0:00:00:80:D0:C0:00:00:80:D3:40:00:00:80:D7:80:00:00:80:D4:00:00:00:80:D7:00:00:00:80:D7:00:00:00:80:D4:C0:00:00:80:D5:40:00:00:80:D3:40:00:00:80:D5:C0:00:00:80:D5:00:00:00:80:D2:C0:00:00:80:D4:40:00:00:80:D5:80:8E:45:C0:00:FF:FF:00:00:00:AB:10:45:46]
[53:48:DA:00:C8:05:08:00:00:80:D4:C0:00:00:80:D4:00:00:00:80:8E:80:00:00:80:D2:00:00:00:80:D2:40:00:00:80:D4:00:00:00:80:D5:80:00:00:80:D3:80:00:00:80:D4:00:00:00:80:D3:00:00:00:80:D3:40:00:00:80:D5:00:00:00:80:D4:40:00:00:80:D3:00:00:00:80:D1:C0:00:00:80:D1:80:00:00:80:D7:40:00:00:80:D2:40:00:00:80:D1:80:00:00:80:D7:00:8E:33:00:00:FF:FF:00:00:00:AB:10:45:46]
[53:48:DA:00:C8:05:09:00:00:80:D4:C0:00:00:80:D2:C0:00:00:80:D3:80:00:00:80:D2:80:00:00:80:D5:00:00:00:80:C8:00:00:00:80:D4:40:00:00:80:D5:00:00:00:80:D3:00:00:00:80:D1:00:00:00:80:D1:40:00:00:80:D2:80:00:00:80:D1:00:00:00:80:D4:00:00:00:80:D3:00:00:00:80:D7:00:00:00:80:D3:80:00:00:80:D4:C0:00:00:80:D0:00:00:00:80:D1:80:8E:3F:80:00:FF:FF:00:00:00:AB:10:45:46]
[53:48:DA:00:C8:05:0A:00:00:80:D0:80:00:00:80:67:40:00:00:80:D0:00:00:00:80:D4:C0:00:00:80:D3:C0:00:00:80:D5:80:00:00:80:D2:00:00:00:80:D2:80:00:00:80:D5:00:00:00:80:D2:40:00:00:80:D5:00:00:00:80:D5:40:00:00:80:D4:C0:00:00:80:D7:C0:00:00:80:D2:C0:00:00:80:D4:80:00:00:80:D3:40:00:00:80:D3:00:00:00:80:D7:40:00:00:80:D1:40:8E:55:80:00:FF:FF:00:00:00:AB:10:45:46]
[53:48:DA:00:C8:05:0B:00:00:80:D4:00:00:00:80:D1:00:00:00:80:D6:40:00:00:80:D2:00:00:00:80:D1:80:00:00:80:D5:40:00:00:80:CE:00:00:00:80:D3:40:00:00:80:D1:C0:00:00:80:D7:40:00:00:80:D3:40:00:00:80:D2:80:00:00:80:D1:40:00:00:80:D4:C0:00:00:80:D4:40:00:00:80:D0:C0:00:00:80:D4:C0:00:00:80:D5:00:00:00:80:D4:80:00:00:80:D2:C0:8E:3A:80:00:FF:FF:00:00:00:AB:10:45:46]
[53:48:DA:00:C8:05:0C:00:00:80:68:80:00:00:80:D2:C0:00:00:80:CE:00:00:00:80:D4:00:00:00:80:D5:C0:00:00:80:D5:80:00:00:80:D1:40:00:00:80:D4:80:00:00:80:D3:40:00:00:80:D2:00:00:00:80:D2:80:00:00:80:D4:00:00:00:80:D6:C0:00:00:80:D6:80:00:00:80:D2:40:00:00:80:D5:00:00:00:80:D5:40:00:00:80:D4:C0:00:00:80:D2:C0:00:00:80:D4:40:8E:44:C0:00:FF:FF:00:00:00:AB:10:45:46]
[53:48:DA:00:C8:05:0D:00:00:80:D2:C0:00:00:80:D2:80:00:00:80:D6:80:00:00:80:D3:40:00:00:80:D6:80:00:00:80:D5:40:00:00:80:D2:00:00:00:80:D2:40:00:00:80:D5:00:00:00:80:D4:C0:00:00:80:D3:C0:00:00:80:D6:40:00:00:80:CF:80:00:00:80:D6:40:00:00:80:D3:C0:00:00:80:D5:40:00:00:80:D6:40:00:00:80:D4:40:00:00:80:D5:40:00:00:80:D7:00:8E:45:C0:00:FF:FF:00:00:00:AB:10:45:46]
[53:48:DA:00:C8:05:0E:00:00:80:D6:00:00:00:80:D3:80:00:00:80:AE:C0:00:00:80:D5:40:00:00:80:D6:80:00:00:80:D5:40:00:00:80:D1:00:00:00:80:D2:80:00:00:80:D3:00:00:00:80:D4:40:00:00:80:D6:80:00:00:80:D6:80:00:00:80:D4:40:00:00:80:D6:C0:00:00:80:D5:80:00:00:80:D8:80:00:00:80:D4:40:00:00:80:D3:80:00:00:80:D4:80:00:00:80:D4:40:8E:2F:00:00:FF:FF:00:00:00:AB:10:45:46]
[53:48:DA:00:C8:05:0F:00:00:80:D4:80:00:00:80:D4:40:00:00:80:D7:80:00:00:80:D5:00:00:00:80:D6:80:00:00:80:D6:00:00:00:80:CC:40:00:00:80:D4:40:00:00:80:D3:C0:00:00:80:D6:40:00:00:80:D2:C0:00:00:80:D3:C0:00:00:80:D4:00:00:00:80:D7:00:00:00:80:D6:80:00:00:80:D7:40:00:00:80:D4:80:00:00:80:D8:C0:00:00:80:D7:C0:00:00:80:74:00:8E:3B:80:00:FF:FF:00:00:00:AB:10:45:46]
[53:48:DA:00:C8:05:10:00:00:80:CE:C0:00:00:80:D8:00:00:00:80:D5:80:00:00:80:D5:C0:00:00:80:D6:40:00:00:80:D3:80:00:00:80:CF:40:00:00:80:D5:40:00:00:80:D3:00:00:00:80:CB:80:00:00:80:D2:80:00:00:80:D2:00:00:00:80:D2:80:00:00:80:D3:00:00:00:80:D4:C0:00:00:80:D6:80:00:00:80:D6:C0:00:00:80:D3:80:00:00:80:CF:C0:00:00:80:CA:80:8E:4D:00:00:FF:FF:00:00:00:AB:10:45:46]
[53:48:DA:00:C8:05:11:00:00:80:D5:00:00:00:80:D6:00:00:00:80:D1:40:00:00:80:D0:80:00:00:80:D2:C0:00:00:80:D1:C0:00:00:80:D2:80:00:00:80:D3:40:00:00:80:D1:C0:00:00:80:D2:40:00:00:80:D3:00:00:00:80:D0:80:00:00:80:D1:80:00:00:80:D6:80:00:00:80:D5:00:00:00:80:D1:80:00:00:80:D3:C0:00:00:80:D3:00:00:00:80:6E:80:00:00:80:D3:00:8E:59:80:00:FF:FF:00:00:00:AB:10:45:46]
[53:48:DA:00:C8:05:12:00:00:80:D1:00:00:00:80:D5:C0:00:00:80:D2:80:00:00:80:CF:40:00:00:80:D3:80:00:00:80:D4:40:00:00:80:D1:C0:00:00:80:D4:80:00:00:80:D3:40:00:00:80:D4:80:00:00:80:D1:40:00:00:80:D2:00:00:00:80:D6:40:00:00:80:D6:00:00:00:80:D3:00:00:00:80:D2:40:00:00:80:D4:C0:00:00:80:D4:00:00:00:80:D4:80:00:00:80:D9:40:8E:3A:80:00:FF:FF:00:00:00:AB:10:45:46]
[53:48:DA:00:C8:05:13:00:00:80:D3:00:00:00:80:CF:80:00:00:80:D6:00:00:00:80:D4:40:00:00:80:D4:80:00:00:80:D8:40:00:00:80:D3:40:00:00:80:D4:00:00:00:80:D6:C0:00:00:80:D4:00:00:00:80:D5:00:00:00:80:D4:80:00:00:80:D9:80:00:00:80:D3:C0:00:00:80:D3:80:00:00:80:D4:80:00:00:80:D5:40:00:00:80:90:C0:00:00:80:D4:C0:00:00:80:D0:C0:8E:27:C0:00:FF:FF:00:00:00:AB:10:45:46]
[53:48:DA:00:C8:05:14:00:00:80:D3:00:00:00:80:D3:00:00:00:80:D5:80:00:00:80:D2:C0:00:00:80:D4:80:00:00:80:D5:80:00:00:80:D4:40:00:00:80:D6:80:00:00:80:D5:80:00:00:80:D1:C0:00:00:80:D3:00:00:00:80:D4:00:00:00:80:D7:C0:00:00:80:D3:40:00:00:80:D1:40:00:00:80:D2:00:00:00:80:D4:80:00:00:80:D2:80:00:00:80:D1:80:00:00:80:D3:00:8E:3E:80:00:FF:FF:00:00:00:AB:10:45:46]
[53:48:DA:00:C8:05:15:00:00:80:D5:80:00:00:80:D3:00:00:00:80:CF:40:00:00:80:D3:80:00:00:80:D0:00:00:00:80:D2:00:00:00:80:D2:40:00:00:80:D3:00:00:00:80:D5:80:00:00:80:D4:40:00:00:80:D4:00:00:00:80:D4:80:00:00:80:D2:C0:00:00:80:CE:00:00:00:80:D3:C0:00:00:80:D5:00:00:00:80:6A:00:00:00:80:D4:40:00:00:80:D1:80:00:00:80:D1:80:8E:2A:C0:00:FF:FF:00:00:00:AB:10:45:46]
[53:48:DA:00:C8:05:16:00:00:80:CF:00:00:00:80:D6:40:00:00:80:D3:00:00:00:80:D3:80:00:00:80:D0:00:00:00:80:D7:00:00:00:80:C6:C0:00:00:80:D2:80:00:00:80:D1:00:00:00:80:D1:80:00:00:80:D4:40:00:00:80:D3:C0:00:00:80:CE:00:00:00:80:CF:C0:00:00:80:D3:40:00:00:80:D1:C0:00:00:80:D2:00:00:00:80:D4:40:00:00:80:D5:80:00:00:80:D2:80:8E:41:C0:00:FF:FF:00:00:00:AB:10:45:46]
[53:48:DA:00:C8:05:17:00:00:80:D2:C0:00:00:80:D4:40:00:00:80:CE:C0:00:00:80:D1:80:00:00:80:D4:80:00:00:80:D5:40:00:00:80:D2:80:00:00:80:D2:00:00:00:80:D4:80:00:00:80:D4:00:00:00:80:CB:80:00:00:80:D0:80:00:00:80:D3:C0:00:00:80:D5:00:00:00:80:D4:C0:00:00:80:56:00:00:00:80:D6:40:00:00:80:D7:40:00:00:80:D5:40:00:00:80:D1:00:8E:40:80:00:FF:FF:00:00:00:AB:10:45:46]
[53:48:DA:00:C8:05:18:00:00:80:D1:80:00:00:80:D1:00:00:00:80:D2:40:00:00:80:D2:40:00:00:80:D0:80:00:00:80:D3:C0:00:00:80:D1:80:00:00:80:D1:40:00:00:80:D3:40:00:00:80:D3:40:00:00:80:D1:C0:00:00:80:D3:80:00:00:80:D1:80:00:00:80:D4:00:00:00:80:D0:C0:00:00:80:D5:80:00:00:80:D2:80:00:00:80:D5:80:00:00:80:D3:C0:00:00:80:D2:40:8E:46:C0:00:FF:FF:00:00:00:AB:10:45:46]
[53:48:DA:00:C8:05:19:00:00:80:CD:00:00:00:80:D4:40:00:00:80:D1:C0:00:00:80:D4:40:00:00:80:D5:00:00:00:80:D7:C0:00:00:80:D4:00:00:00:80:D3:C0:00:00:80:D2:40:00:00:80:D5:80:00:00:80:D4:C0:00:00:80:D3:40:00:00:80:D5:80:00:00:80:D6:00:00:00:80:6E:00:00:00:80:D5:00:00:00:80:D1:C0:00:00:80:D4:80:00:00:80:CC:00:00:00:80:D5:C0:8E:59:80:00:FF:FF:00:00:00:AB:10:45:46]
[53:48:DA:00:C8:05:1A:00:00:80:D4:00:00:00:80:D5:C0:00:00:80:D8:C0:00:00:80:D2:40:00:00:80:D4:80:00:00:80:D7:40:00:00:80:D4:80:00:00:80:D8:00:00:00:80:D3:00:00:00:80:D5:80:00:00:80:D2:80:00:00:80:D4:80:00:00:80:D6:00:00:00:80:D3:C0:00:00:80:D1:00:00:00:80:D2:C0:00:00:80:D4:C0:00:00:80:D2:C0:00:00:80:D2:80:00:00:80:D0:80:8E:55:80:00:FF:FF:00:00:00:AB:10:45:46]
[53:48:DA:00:C8:05:1B:00:00:80:D4:C0:00:00:80:C5:40:00:00:80:D0:80:00:00:80:D6:80:00:00:80:D2:80:00:00:80:D3:00:00:00:80:D5:40:00:00:80:D0:C0:00:00:80:D4:80:00:00:80:D3:40:00:00:80:D3:40:00:00:80:D5:40:00:00:80:D2:C0:00:00:80:A3:40:00:00:80:CF:C0:00:00:80:D3:C0:00:00:80:D4:80:00:00:80:D3:00:00:00:80:D1:40:00:00:80:D4:00:8E:34:40:00:FF:FF:00:00:00:AB:10:45:46]
[53:48:DA:00:C8:05:1C:00:00:80:D0:C0:00:00:80:D5:40:00:00:80:D1:40:00:00:80:D7:40:00:00:80:D1:80:00:00:80:D1:80:00:00:80:D7:C0:00:00:80:D5:40:00:00:80:D6:40:00:00:80:D4:00:00:00:80:D5:00:00:00:80:D1:40:00:00:80:D5:C0:00:00:80:D0:40:00:00:80:CB:00:00:00:80:C8:00:00:00:80:C3:40:00:00:80:B8:C0:00:00:80:B0:80:00:00:80:9E:00:8E:5D:C0:00:FF:FF:00:00:00:AB:10:45:46]
[53:48:DA:00:C8:05:1D:00:00:80:75:40:00:00:80:52:80:00:00:80:2A:00:00:00:7F:F2:80:00:00:7F:B9:C0:00:00:7F:6D:00:00:00:7F:0D:80:00:00:7E:5D:00:00:00:7D:D4:C0:00:00:7D:6D:C0:00:00:7D:22:40:00:00:7C:A2:00:00:00:7C:09:80:00:00:7B:D5:80:00:00:7B:13:80:00:00:7A:85:80:00:00:7A:3C:00:00:00:79:AC:C0:00:00:79:67:C0:00:00:78:D2:C0:8E:58:80:00:FF:FF:00:00:00:AB:10:45:46]
[53:48:DA:00:C8:05:1E:00:00:78:19:00:00:00:77:AA:C0:00:00:76:DE:80:00:00:77:3D:00:00:00:76:95:40:00:00:76:14:C0:00:00:76:06:00:00:00:75:99:40:00:00:75:B0:40:00:00:75:6B:80:00:00:75:72:C0:00:00:75:4D:00:00:00:75:6B:40:00:00:75:60:80:00:00:75:52:00:00:00:75:49:C0:00:00:75:7E:40:00:00:75:85:40:00:00:76:2D:C0:00:00:75:E7:40:8E:66:00:00:FF:FF:00:00:00:AB:10:45:46]
[53:48:DA:00:C8:05:1F:00:00:76:60:80:00:00:76:AF:40:00:00:77:55:80:00:00:76:CD:C0:00:00:77:94:C0:00:00:77:C3:80:00:00:78:05:C0:00:00:78:66:C0:00:00:78:8F:00:00:00:78:F5:40:00:00:79:5E:80:00:00:79:E1:C0:00:00:7A:0F:80:00:00:7A:42:C0:00:00:7A:96:C0:00:00:7A:E8:00:00:00:7B:7E:80:00:00:7B:93:40:00:00:7B:CA:80:00:00:7C:19:00:8E:54:40:00:FF:FF:00:00:00:AB:10:45:46]
[53:48:DA:00:C8:05:20:00:00:7C:87:40:00:00:7C:F0:00:00:00:7C:DD:00:00:00:7C:EE:40:00:00:7D:34:00:00:00:7D:7E:00:00:00:7D:9C:00:00:00:7D:C4:80:00:00:7D:E6:40:00:00:7D:F9:80:00:00:7D:EA:00:00:00:7E:14:C0:00:00:7E:30:40:00:00:7E:44:80:00:00:7E:48:C0:00:00:7E:64:80:00:00:7E:66:40:00:00:7E:AE:80:00:00:7F:07:C0:00:00:7F:0A:80:8E:49:00:00:FF:FF:00:00:00:AB:10:45:46]
[53:48:DA:00:C8:05:21:00:00:7F:62:80:00:00:7F:8D:40:00:00:7F:AD:C0:00:00:7F:B7:C0:00:00:7F:F1:80:00:00:80:04:40:00:00:80:12:00:00:00:80:1D:C0:00:00:80:23:80:00:00:80:38:00:00:00:80:3F:C0:00:00:80:31:00:00:00:80:37:80:00:00:80:32:C0:00:00:80:3A:80:00:00:80:33:C0:00:00:80:3B:80:00:00:80:39:C0:00:00:80:2F:40:00:00:80:37:80:8E:59:80:00:FF:FF:00:00:00:AB:10:45:46]
[53:48:DA:00:C8:05:22:00:00:80:2A:80:00:00:80:31:C0:00:00:80:33:00:00:00:80:37:80:00:00:80:31:80:00:00:80:45:C0:00:00:80:40:80:00:00:80:40:40:00:00:80:3A:40:00:00:80:44:C0:00:00:80:4F:40:00:00:80:51:00:00:00:80:56:00:00:00:80:51:00:00:00:80:4C:C0:00:00:80:53:80:00:00:80:4C:C0:00:00:80:56:C0:00:00:80:65:80:00:00:80:75:40:8E:5C:C0:00:FF:FF:00:00:00:AB:10:45:46]
[53:48:DA:00:C8:05:23:00:00:80:76:80:00:00:80:87:00:00:00:80:8B:80:00:00:80:98:00:00:00:80:A7:00:00:00:80:AE:00:00:00:80:BB:80:00:00:80:C4:C0:00:00:80:C0:00:00:00:80:C9:80:00:00:80:CB:C0:00:00:80:C4:C0:00:00:80:C1:00:00:00:80:BB:C0:00:00:80:BA:40:00:00:80:BC:80:00:00:80:C0:80:00:00:80:B9:C0:00:00:80:C3:C0:00:00:80:C5:80:8E:50:40:00:FF:FF:00:00:00:AB:10:45:46]
[53:48:DA:00:C8:05:24:00:00:80:C8:C0:00:00:80:CC:C0:00:00:80:CC:00:00:00:80:CF:40:00:00:80:D1:00:00:00:80:D3:40:00:00:80:D5:40:00:00:80:D8:C0:00:00:80:CA:00:00:00:80:DE:80:00:00:80:E0:80:00:00:80:E0:40:00:00:80:D9:C0:00:00:80:DC:00:00:00:80:DB:00:00:00:80:D8:00:00:00:80:D1:00:00:00:80:D1:C0:00:00:80:CB:C0:00:00:80:C9:00:8E:5D:C0:00:FF:FF:00:00:00:AB:10:45:46]
[53:48:DA:00:C8:05:25:00:00:80:CF:00:00:00:80:D0:C0:00:00:80:D0:00:00:00:80:D0:C0:00:00:80:D4:00:00:00:80:D5:C0:00:00:80:D6:C0:00:00:80:D5:80:00:00:80:DB:C0:00:00:80:D9:C0:00:00:80:D9:C0:00:00:80:DB:40:00:00:80:D5:00:00:00:80:D4:80:00:00:80:D8:80:00:00:80:D5:C0:00:00:80:CC:40:00:00:80:DA:00:00:00:80:D6:C0:00:00:80:D8:80:8E:40:80:00:FF:FF:00:00:00:AB:10:45:46]
[53:48:DA:00:C8:05:26:00:00:80:DA:80:00:00:80:DB:C0:00:00:80:CA:40:00:00:80:DC:40:00:00:80:DC:80:00:00:80:DA:C0:00:00:80:DB:40:00:00:80:B1:C0:00:00:80:D9:C0:00:00:80:D7:80:00:00:80:D7:80:00:00:80:D9:00:00:00:80:D8:00:00:00:80:D9:80:00:00:80:D5:00:00:00:80:D3:C0:00:00:80:D2:80:00:00:80:D1:C0:00:00:80:D2:C0:00:00:80:D2:80:8E:56:80:00:FF:FF:00:00:00:AB:10:45:46]
[53:48:DA:00:C8:05:27:00:00:80:D5:C0:00:00:80:D1:80:00:00:80:D5:40:00:00:80:D1:40:00:00:80:D1:C0:00:00:80:D1:80:00:00:80:D1:80:00:00:80:D2:40:00:00:80:CA:C0:00:00:80:CC:C0:00:00:80:D1:C0:00:00:80:CE:C0:00:00:80:D0:C0:00:00:80:D3:40:00:00:80:D1:80:00:00:80:D3:00:00:00:80:D1:40:00:00:80:D4:40:00:00:80:CF:C0:00:00:80:D2:00:8E:57:80:00:FF:FF:00:00:00:AB:10:45:46]
[53:48:DA:00:C8:05:28:00:00:80:CA:00:00:00:80:CE:C0:00:00:80:D0:00:00:00:80:C8:C0:00:00:80:C2:C0:00:00:80:D3:00:00:00:80:8E:00:00:00:80:CC:40:00:00:80:CF:40:00:00:80:D0:C0:00:00:80:D2:40:00:00:80:CF:40:00:00:80:D1:00:00:00:80:D4:40:00:00:80:D2:00:00:00:80:D2:00:00:00:80:D2:40:00:00:80:D0:C0:00:00:80:CF:40:00:00:80:D1:40:8E:5D:C0:00:FF:FF:00:00:00:AB:10:45:46]
[53:48:DA:00:C8:05:29:00:00:80:CE:40:00:00:80:D0:00:00:00:80:CE:80:00:00:80:CE:C0:00:00:80:CB:00:00:00:80:CC:80:00:00:80:CB:C0:00:00:80:C7:80:00:00:80:C7:C0:00:00:80:C7:40:00:00:80:C9:C0:00:00:80:C6:00:00:00:80:C6:80:00:00:80:C7:80:00:00:80:C4:C0:00:00:80:C5:40:00:00:80:C5:C0:00:00:80:C6:40:00:00:80:C9:40:00:00:80:BC:00:8E:56:80:00:FF:FF:00:00:00:AB:10:45:46]
[53:48:DA:00:C8:05:2A:00:00:80:C3:80:00:00:80:C4:80:00:00:80:C8:80:00:00:80:C8:C0:00:00:80:C5:C0:00:00:80:6E:00:00:00:80:C4:00:00:00:80:C2:80:00:00:80:BB:C0:00:00:80:BE:40:00:00:80:BE:40:00:00:80:AD:80:00:00:80:C0:00:00:00:80:C2:00:00:00:80:C2:C0:00:00:80:BF:80:00:00:80:C5:00:00:00:80:C2:80:00:00:80:BF:80:00:00:80:C0:00:8E:74:80:00:FF:FF:00:00:00:AB:10:45:46]
[53:48:DA:00:C8:05:2B:00:00:80:BF:80:00:00:80:BE:80:00:00:80:B8:40:00:00:80:B9:40:00:00:80:B8:40:00:00:80:B4:00:00:00:80:AE:40:00:00:80:AE:00:00:00:80:AC:C0:00:00:80:A7:C0:00:00:80:A7:C0:00:00:80:A3:C0:00:00:80:A1:C0:00:00:80:9C:00:00:00:80:9C:00:00:00:80:90:00:00:00:80:96:00:00:00:80:9A:C0:00:00:80:92:40:00:00:80:96:80:8E:63:00:00:FF:FF:00:00:00:AB:10:45:46]
[53:48:DA:00:C8:05:2C:00:00:80:94:40:00:00:80:89:00:00:00:80:8B:40:00:00:80:8B:40:00:00:80:33:40:00:00:80:88:C0:00:00:80:8B:00:00:00:80:88:40:00:00:80:85:00:00:00:80:7F:00:00:00:80:7C:40:00:00:80:75:00:00:00:80:71:40:00:00:80:6D:C0:00:00:80:6F:40:00:00:80:6B:40:00:00:80:61:00:00:00:80:63:00:00:00:80:64:C0:00:00:80:5B:40:8E:4C:00:00:FF:FF:00:00:00:AB:10:45:46]
[53:48:DA:00:C8:05:2D:00:00:80:5B:C0:00:00:80:6B:00:00:00:80:6A:40:00:00:80:6C:00:00:00:80:73:C0:00:00:80:84:80:00:00:80:8B:00:00:00:80:9C:40:00:00:80:A7:80:00:00:80:BF:40:00:00:80:CC:80:00:00:80:E4:80:00:00:80:F6:00:00:00:81:0A:40:00:00:81:16:40:00:00:81:2B:00:00:00:81:4D:40:00:00:81:99:40:00:00:81:E4:80:00:00:82:91:80:8E:62:00:00:FF:FF:00:00:00:AB:10:45:46]
[53:48:DA:00:C8:05:2E:00:00:84:B3:80:00:00:86:4C:40:00:00:88:71:80:00:00:8B:0D:C0:00:00:8D:B9:00:00:00:91:20:80:00:00:93:00:80:00:00:94:71:80:00:00:97:59:80:00:00:96:F2:C0:00:00:94:E0:00:00:00:97:CB:00:00:00:91:6C:80:00:00:91:96:C0:00:00:94:E6:80:00:00:91:4C:80:00:00:8E:C9:C0:00:00:8F:44:40:00:00:8E:B6:C0:00:00:8E:E1:00:8E:77:C0:00:FF:FF:00:00:00:AB:10:45:46]
[53:48:DA:00:C8:05:2F:00:00:8F:14:80:00:00:8D:5C:00:00:00:8B:B5:C0:00:00:8C:0E:40:00:00:8A:47:C0:00:00:8B:43:80:00:00:8C:1D:00:00:00:8A:6B:40:00:00:89:72:80:00:00:89:47:00:00:00:8A:9E:C0:00:00:89:B8:40:00:00:88:51:40:00:00:89:82:80:00:00:87:BE:40:00:00:88:6E:C0:00:00:88:80:80:00:00:87:8C:00:00:00:88:D4:C0:00:00:86:CF:C0:8E:50:40:00:FF:FF:00:00:00:AB:10:45:46]
[53:48:DA:00:C8:05:30:00:00:87:0C:40:00:00:85:65:00:00:00:86:C4:C0:00:00:87:75:C0:00:00:85:1C:C0:00:00:85:BC:00:00:00:85:27:00:00:00:85:36:80:00:00:85:82:80:00:00:86:16:40:00:00:84:83:C0:00:00:84:31:80:00:00:84:BC:C0:00:00:85:3B:80:00:00:84:10:80:00:00:83:F7:00:00:00:83:ED:00:00:00:84:04:80:00:00:82:D1:80:00:00:84:14:40:8E:67:00:00:FF:FF:00:00:00:AB:10:45:46]
[53:48:DA:00:C8:05:31:00:00:83:67:C0:00:00:83:78:80:00:00:82:C0:40:00:00:82:B7:00:00:00:82:D0:00:00:00:82:90:40:00:00:82:4A:80:00:00:82:C0:80:00:00:82:88:C0:00:00:82:6C:40:00:00:82:92:00:00:00:82:8A:C0:00:00:82:63:00:00:00:82:0F:00:00:00:82:1E:80:00:00:82:3A:80:00:00:82:18:C0:00:00:81:CB:C0:00:00:81:C2:40:00:00:81:EE:00:8E:65:00:00:FF:FF:00:00:00:AB:10:45:46]
[53:48:DA:00:C8:05:32:00:00:81:CA:80:00:00:81:73:80:00:00:81:B1:40:00:00:81:CA:C0:00:00:81:97:C0:00:00:81:80:80:00:00:81:A7:00:00:00:81:92:C0:00:00:81:8D:40:00:00:81:7E:C0:00:00:81:8B:00:00:00:81:82:00:00:00:81:7F:80:00:00:81:80:00:00:00:81:5F:40:00:00:81:6D:C0:00:00:81:97:40:00:00:81:4F:40:00:00:81:57:80:00:00:81:5D:40:8E:54:40:00:FF:FF:00:00:00:AB:10:45:46]
[53:48:DA:00:C8:05:33:00:00:81:69:40:00:00:81:42:00:00:00:81:3F:80:00:00:81:2D:80:00:00:81:2D:00:00:00:81:26:40:00:00:81:26:80:00:00:81:3E:40:00:00:81:39:C0:00:00:81:27:00:00:00:81:37:80:00:00:81:25:40:00:00:81:16:80:00:00:81:44:00:00:00:81:1E:00:00:00:81:2B:00:00:00:81:06:C0:00:00:81:1C:40:00:00:81:17:80:00:00:81:14:C0:8E:6E:40:00:FF:FF:00:00:00:AB:10:45:46]
[53:48:DA:00:C8:05:34:00:00:80:FE:40:00:00:80:FA:80:00:00:81:0A:00:00:00:81:10:80:00:00:81:0C:40:00:00:81:0E:80:00:00:81:0A:40:00:00:81:0A:80:00:00:81:02:00:00:00:80:FF:00:00:00:80:F7:80:00:00:81:02:00:00:00:81:07:40:00:00:81:0A:80:00:00:80:FA:80:00:00:81:06:00:00:00:80:F9:00:00:00:80:F3:40:00:00:80:FA:80:00:00:81:02:00:8E:42:C0:00:FF:FF:00:00:00:AB:10:45:46]
[53:48:DA:00:C8:05:35:00:00:80:F6:80:00:00:80:F5:80:00:00:80:F3:40:00:00:80:F2:80:00:00:80:F0:80:00:00:80:E8:C0:00:00:80:F8:C0:00:00:80:FE:C0:00:00:80:F0:C0:00:00:80:EE:80:00:00:80:F1:00:00:00:80:F4:00:00:00:80:ED:00:00:00:80:EE:80:00:00:80:E8:80:00:00:80:EB:00:00:00:80:E7:80:00:00:80:E9:00:00:00:80:E8:C0:00:00:80:E3:80:8E:57:80:00:FF:FF:00:00:00:AB:10:45:46]
[53:48:DA:00:C8:05:36:00:00:80:E4:00:00:00:80:E9:C0:00:00:80:E5:80:00:00:80:E4:80:00:00:80:E6:C0:00:00:80:E9:00:00:00:80:E7:C0:00:00:80:EB:80:00:00:80:E6:80:00:00:80:D1:40:00:00:80:EC:C0:00:00:80:E6:00:00:00:80:E3:00:00:00:80:E7:80:00:00:80:E1:00:00:00:80:DF:C0:00:00:80:DA:40:00:00:80:DC:40:00:00:80:D8:C0:00:00:80:E2:00:8E:57:80:00:FF:FF:00:00:00:AB:10:45:46]
[53:48:DA:00:C8:05:37:00:00:80:E5:40:00:00:80:E7:80:00:00:80:EB:00:00:00:80:E3:40:00:00:80:E3:C0:00:00:80:E9:00:00:00:80:E6:00:00:00:80:E2:C0:00:00:80:E2:40:00:00:80:DF:C0:00:00:80:E3:80:00:00:80:E0:80:00:00:80:DD:C0:00:00:80:D2:C0:00:00:80:E1:C0:00:00:80:E1:80:00:00:80:E4:40:00:00:80:E1:00:00:00:80:DF:80:00:00:80:D4:C0:8E:66:00:00:FF:FF:00:00:00:AB:10:45:46]
[53:48:DA:00:C8:05:38:00:00:80:E4:40:00:00:80:E3:00:00:00:80:E4:00:00:00:80:E0:40:00:00:80:E6:C0:00:00:80:E3:00:00:00:80:EA:40:00:00:80:E5:40:00:00:80:EA:00:00:00:80:ED:C0:00:00:80:E9:00:00:00:80:E3:80:00:00:80:E6:40:00:00:80:E5:40:00:00:80:E5:40:00:00:80:E7:00:00:00:80:E8:C0:00:00:80:DE:40:00:00:80:E6:80:00:00:80:E2:40:8E:5D:C0:00:FF:FF:00:00:00:AB:10:45:46]
[53:48:DA:00:C8:05:39:00:00:80:E6:00:00:00:80:E1:80:00:00:80:DF:C0:00:00:80:E2:80:00:00:80:E2:C0:00:00:80:E2:80:00:00:80:E0:80:00:00:80:DE:C0:00:00:80:DF:C0:00:00:80:E5:00:00:00:80:E4:40:00:00:80:E6:40:00:00:80:E8:80:00:00:80:E4:80:00:00:80:E1:40:00:00:80:E4:00:00:00:80:E3:C0:00:00:80:E5:00:00:00:80:DE:40:00:00:80:DE:40:8E:4F:40:00:FF:FF:00:00:00:AB:10:45:46]
[53:48:DA:00:C8:05:3A:00:00:80:CD:40:00:00:80:E7:40:00:00:80:E4:00:00:00:80:E5:40:00:00:80:E5:00:00:00:80:E7:80:00:00:80:E8:80:00:00:80:E2:C0:00:00:80:E2:40:00:00:80:E4:80:00:00:80:E7:40:00:00:80:E1:C0:00:00:80:DC:00:00:00:80:DE:00:00:00:80:DB:40:00:00:80:DE:40:00:00:80:E1:80:00:00:80:E4:40:00:00:80:E3:80:00:00:80:DF:C0:8E:51:40:00:FF:FF:00:00:00:AB:10:45:46]
[53:48:DA:00:C8:05:3B:00:00:80:E1:00:00:00:80:E1:40:00:00:80:DA:80:00:00:80:D3:C0:00:00:80:C4:00:00:00:80:D5:00:00:00:80:D8:80:00:00:80:D4:C0:00:00:80:D5:C0:00:00:80:DC:00:00:00:80:DB:80:00:00:80:DB:80:00:00:80:DA:80:00:00:80:DC:C0:00:00:80:DC:40:00:00:80:DB:00:00:00:80:DB:80:00:00:80:D2:00:00:00:80:DB:40:00:00:80:D4:40:8E:64:00:00:FF:FF:00:00:00:AB:10:45:46]
[53:48:DA:00:C8:05:3C:00:00:80:DB:C0:00:00:80:D8:00:00:00:80:DA:40:00:00:80:D5:80:00:00:80:DB:C0:00:00:80:D8:80:00:00:80:D9:00:00:00:80:D7:C0:00:00:80:CF:C0:00:00:80:D4:80:00:00:80:DB:40:00:00:80:D9:C0:00:00:80:DA:00:00:00:80:D8:C0:00:00:80:D9:40:00:00:80:DA:C0:00:00:80:DB:40:00:00:80:D7:40:00:00:80:D8:80:00:00:80:DA:00:8E:64:00:00:FF:FF:00:00:00:AB:10:45:46]
[53:48:DA:00:C8:05:3D:00:00:80:D6:40:00:00:80:D5:80:00:00:80:D6:C0:00:00:80:D7:80:00:00:80:D9:80:00:00:80:D8:40:00:00:80:DB:40:00:00:80:DE:80:00:00:80:DB:00:00:00:80:DB:80:00:00:80:DA:00:00:00:80:DA:80:00:00:80:D0:40:00:00:80:DA:40:00:00:80:D9:00:00:00:80:D7:C0:00:00:80:CB:C0:00:00:80:D6:C0:00:00:80:D5:C0:00:00:80:D7:40:8E:69:40:00:FF:FF:00:00:00:AB:10:45:46]
[53:48:DA:00:C8:05:3E:00:00:80:D7:C0:00:00:80:D5:C0:00:00:80:D5:00:00:00:80:D4:40:00:00:80:D5:80:00:00:80:D5:40:00:00:80:D3:40:00:00:80:D4:40:00:00:80:D4:80:00:00:80:D4:40:00:00:80:D3:80:00:00:80:CF:40:00:00:80:D4:40:00:00:80:D3:40:00:00:80:D7:00:00:00:80:D6:40:00:00:80:C4:C0:00:00:80:D2:40:00:00:80:D6:00:00:00:80:D4:C0:8E:56:80:00:FF:FF:00:00:00:AB:10:45:46]
[53:48:DA:00:C8:05:3F:00:00:80:D5:80:00:00:80:D8:00:00:00:80:D3:40:00:00:80:D6:40:00:00:80:D8:40:00:00:80:D4:00:00:00:80:D6:40:00:00:80:D8:00:00:00:80:D4:00:00:00:80:D1:C0:00:00:80:D4:00:00:00:80:D6:80:00:00:80:D2:C0:00:00:80:D5:40:00:00:80:D5:40:00:00:80:D6:80:00:00:80:D3:00:00:00:80:D5:80:00:00:80:D5:80:00:00:80:D5:40:8E:62:00:00:FF:FF:00:00:00:AB:10:45:46]
[53:48:DA:00:C8:05:40:00:00:80:D2:80:00:00:80:D7:80:00:00:80:D4:C0:00:00:80:D6:C0:00:00:80:D0:C0:00:00:80:D2:00:00:00:80:D5:40:00:00:80:D5:40:00:00:80:D5:00:00:00:80:D4:C0:00:00:80:D6:00:00:00:80:D5:00:00:00:80:D4:40:00:00:80:D4:C0:00:00:80:D6:40:00:00:80:D6:00:00:00:80:D3:C0:00:00:80:D4:80:00:00:80:D7:C0:00:00:80:D5:00:8E:5B:C0:00:FF:FF:00:00:00:AB:10:45:46]
[53:48:DA:00:C8:05:41:00:00:80:D4:80:00:00:80:D3:40:00:00:80:D4:40:00:00:80:CC:00:00:00:80:D3:40:00:00:80:D3:40:00:00:80:D4:00:00:00:80:D6:40:00:00:80:D3:80:00:00:80:D3:C0:00:00:80:D0:C0:00:00:80:D0:00:00:00:80:D0:80:00:00:80:D2:80:00:00:80:CD:00:00:00:80:C8:00:00:00:80:C0:C0:00:00:80:B6:40:00:00:80:A6:C0:00:00:80:90:80:8E:5E:C0:00:FF:FF:00:00:00:AB:10:45:46]
[53:48:DA:00:C8:05:42:00:00:80:34:00:00:00:7F:E8:00:00:00:7F:86:C0:00:00:7F:0B:C0:00:00:7E:54:C0:00:00:7D:10:40:00:00:7C:29:00:00:00:7B:22:40:00:00:7A:86:40:00:00:79:CF:80:00:00:78:ED:80:00:00:78:52:00:00:00:77:94:C0:00:00:77:5C:40:00:00:77:18:40:00:00:76:C7:C0:00:00:76:6E:40:00:00:76:25:40:00:00:76:25:80:00:00:75:D9:40:8E:7E:00:00:FF:FF:00:00:00:AB:10:45:46]
[53:48:DA:00:C8:05:43:00:00:75:D8:00:00:00:76:61:40:00:00:76:02:40:00:00:76:06:40:00:00:76:01:40:00:00:76:8D:C0:00:00:76:2B:C0:00:00:76:37:00:00:00:77:05:80:00:00:76:87:80:00:00:77:25:00:00:00:76:CE:40:00:00:76:DC:C0:00:00:77:38:80:00:00:77:29:80:00:00:77:58:80:00:00:77:0E:40:00:00:77:8E:00:00:00:78:04:80:00:00:77:DD:40:8E:57:80:00:FF:FF:00:00:00:AB:10:45:46]
[53:48:DA:00:C8:05:44:00:00:78:38:C0:00:00:78:0D:C0:00:00:78:42:C0:00:00:78:8E:00:00:00:78:89:40:00:00:78:AD:40:00:00:79:31:C0:00:00:79:01:80:00:00:79:93:C0:00:00:79:C8:80:00:00:79:B5:40:00:00:79:BA:40:00:00:7A:38:00:00:00:7A:61:80:00:00:7A:79:40:00:00:7A:BF:40:00:00:7B:11:00:00:00:7B:20:40:00:00:7B:5C:40:00:00:7B:7D:40:8E:5C:C0:00:FF:FF:00:00:00:AB:10:45:46]
[53:48:DA:00:C8:05:45:00:00:7B:CD:40:00:00:7B:DA:80:00:00:7C:12:40:00:00:7C:49:80:00:00:7C:73:80:00:00:7C:A9:80:00:00:7D:1D:00:00:00:7D:17:00:00:00:7D:38:C0:00:00:7D:5A:40:00:00:7D:9C:C0:00:00:7D:D9:C0:00:00:7D:F5:40:00:00:7E:10:40:00:00:7E:45:00:00:00:7E:46:40:00:00:7E:8C:40:00:00:7E:A0:C0:00:00:7E:B2:C0:00:00:7E:C7:00:8E:70:80:00:FF:FF:00:00:00:AB:10:45:46]
[53:48:DA:00:C8:05:46:00:00:7E:EE:C0:00:00:7F:0E:00:00:00:7F:15:C0:00:00:7F:38:00:00:00:7F:34:80:00:00:7F:61:00:00:00:7F:5F:C0:00:00:7F:7C:40:00:00:7F:7C:C0:00:00:7F:72:80:00:00:7F:7C:00:00:00:7F:76:C0:00:00:7F:9D:40:00:00:7F:95:80:00:00:7F:B2:00:00:00:7F:BA:C0:00:00:7F:BB:C0:00:00:7F:CA:00:00:00:7F:D1:80:00:00:7F:FB:80:8E:68:00:00:FF:FF:00:00:00:AB:10:45:46]
[53:48:DA:00:C8:05:47:00:00:80:13:40:00:00:80:15:00:00:00:80:0D:00:00:00:80:23:00:00:00:80:35:00:00:00:80:38:80:00:00:80:41:00:00:00:80:3F:80:00:00:80:3F:40:00:00:80:38:C0:00:00:80:38:00:00:00:80:35:40:00:00:80:33:40:00:00:80:30:80:00:00:80:36:80:00:00:80:37:40:00:00:80:39:00:00:00:80:3B:40:00:00:80:44:00:00:00:80:40:C0:8E:73:80:00:FF:FF:00:00:00:AB:10:45:46]
[53:48:DA:00:C8:05:48:00:00:80:60:80:00:00:80:61:C0:00:00:80:64:C0:00:00:80:62:C0:00:00:80:6F:40:00:00:80:75:80:00:00:80:6C:00:00:00:80:7A:80:00:00:80:82:40:00:00:80:7E:40:00:00:80:31:00:00:00:80:8A:00:00:00:80:89:40:00:00:80:8E:40:00:00:80:94:40:00:00:80:97:C0:00:00:80:96:00:00:00:80:98:00:00:00:80:99:C0:00:00:80:99:C0:8E:51:40:00:FF:FF:00:00:00:AB:10:45:46]
[53:48:DA:00:C8:05:49:00:00:80:9B:80:00:00:80:9D:40:00:00:80:9B:80:00:00:80:A1:80:00:00:80:A1:80:00:00:80:A3:00:00:00:80:A5:C0:00:00:80:A8:40:00:00:80:AC:C0:00:00:80:AE:80:00:00:80:AA:00:00:00:80:B0:C0:00:00:80:B3:00:00:00:80:B1:00:00:00:80:B6:40:00:00:80:B4:80:00:00:80:B2:C0:00:00:80:AC:C0:00:00:80:B5:80:00:00:80:B9:C0:8E:5A:80:00:FF:FF:00:00:00:AB:10:45:46]
[53:48:DA:00:C8:05:4A:00:00:80:BC:40:00:00:80:BF:80:00:00:80:BC:40:00:00:80:BD:C0:00:00:80:BF:80:00:00:80:BF:40:00:00:80:BE:00:00:00:80:C0:40:00:00:80:BD:C0:00:00:80:01:80:00:00:80:C6:00:00:00:80:C5:80:00:00:80:C6:40:00:00:80:C4:00:00:00:80:AF:40:00:00:80:C4:40:00:00:80:C7:C0:00:00:80:C6:80:00:00:80:C9:C0:00:00:80:A6:00:8E:70:80:00:FF:FF:00:00:00:AB:10:45:46]
[53:48:DA:00:C8:05:4B:00:00:80:C8:00:00:00:80:BC:00:00:00:80:C9:80:00:00:80:B6:C0:00:00:80:CC:80:00:00:80:CE:C0:00:00:80:CD:C0:00:00:80:CF:00:00:00:80:D0:00:00:00:80:D1:C0:00:00:80:D0:C0:00:00:80:D2:80:00:00:80:D3:80:00:00:80:CE:80:00:00:80:BE:40:00:00:80:DB:C0:00:00:80:D9:80:00:00:80:D9:40:00:00:80:CD:00:00:00:80:DA:80:8E:6E:40:00:FF:FF:00:00:00:AB:10:45:46]
[53:48:DA:00:C8:05:4C:00:00:80:D6:80:00:00:80:D6:C0:00:00:80:CF:C0:00:00:80:D7:00:00:00:80:D3:C0:00:00:80:D2:40:00:00:80:D2:00:00:00:80:D2:00:00:00:80:2A:80:00:00:80:D5:40:00:00:80:D7:00:00:00:80:D8:80:00:00:80:D7:80:00:00:80:D5:40:00:00:80:D7:40:00:00:80:D5:40:00:00:80:D5:C0:00:00:80:D4:80:00:00:80:D5:80:00:00:80:D7:00:8E:56:80:00:FF:FF:00:00:00:AB:10:45:46]
[53:48:DA:00:C8:05:4D:00:00:80:D3:C0:00:00:80:CD:C0:00:00:80:D4:C0:00:00:80:D3:80:00:00:80:D5:40:00:00:80:D6:C0:00:00:80:D2:40:00:00:80:D3:40:00:00:80:C8:00:00:00:80:D2:C0:00:00:80:D2:C0:00:00:80:D3:40:00:00:80:D3:80:00:00:80:D2:80:00:00:80:D5:40:00:00:80:D3:80:00:00:80:D4:00:00:00:80:D4:C0:00:00:80:D5:00:00:00:80:D6:80:8E:68:00:00:FF:FF:00:00:00:AB:10:45:46]
[53:48:DA:00:C8:05:4E:00:00:80:D3:40:00:00:80:D8:40:00:00:80:D3:40:00:00:80:D2:40:00:00:80:D5:80:00:00:80:BB:40:00:00:80:D5:80:00:00:80:B2:80:00:00:80:D4:C0:00:00:80:D5:00:00:00:80:D7:80:00:00:80:D3:40:00:00:80:D4:80:00:00:80:D7:80:00:00:80:D5:00:00:00:80:D7:C0:00:00:80:D3:40:00:00:80:D7:40:00:00:80:D9:80:00:00:80:D7:00:8E:59:80:00:FF:FF:00:00:00:AB:10:45:46]
[53:48:DA:00:C8:05:4F:00:00:80:D6:40:00:00:80:D5:80:00:00:80:D8:00:00:00:80:D4:00:00:00:80:D1:80:00:00:80:D5:40:00:00:80:D3:C0:00:00:80:D2:80:00:00:80:D1:00:00:00:80:BF:C0:00:00:80:D5:00:00:00:80:CF:80:00:00:80:D4:00:00:00:80:D3:40:00:00:80:CF:40:00:00:80:D0:C0:00:00:80:D2:C0:00:00:80:CE:40:00:00:80:D0:40:00:00:80:D2:40:8E:51:40:00:FF:FF:00:00:00:AB:10:45:46]
[53:48:DA:00:C8:05:50:00:00:80:C7:C0:00:00:80:D0:00:00:00:80:D1:40:00:00:80:D1:80:00:00:80:D1:C0:00:00:80:D2:80:00:00:80:B1:80:00:00:80:D1:80:00:00:80:D2:40:00:00:80:CC:40:00:00:80:CF:C0:00:00:80:CE:80:00:00:80:CF:C0:00:00:80:C7:80:00:00:80:D0:80:00:00:80:CE:80:00:00:80:D6:40:00:00:80:D2:C0:00:00:80:CE:C0:00:00:80:D0:80:8E:4E:00:00:FF:FF:00:00:00:AB:10:45:46]
[53:48:DA:00:C8:05:51:00:00:80:CD:80:00:00:80:CD:40:00:00:80:CE:00:00:00:80:CC:00:00:00:80:CA:00:00:00:80:CA:C0:00:00:80:C9:C0:00:00:80:CC:C0:00:00:80:CA:40:00:00:80:C8:C0:00:00:80:C0:80:00:00:80:C5:00:00:00:80:C3:40:00:00:80:BF:C0:00:00:80:BF:80:00:00:80:C2:80:00:00:80:BC:00:00:00:80:A1:C0:00:00:80:BC:40:00:00:80:C2:80:8E:3E:80:00:FF:FF:00:00:00:AB:10:45:46]
[53:48:DA:00:C8:05:52:00:00:80:C0:80:00:00:80:BD:40:00:00:80:BD:40:00:00:80:BF:C0:00:00:80:C5:C0:00:00:80:44:00:00:00:80:C0:00:00:00:80:B5:C0:00:00:80:C0:40:00:00:80:C3:80:00:00:80:C0:80:00:00:80:BF:40:00:00:80:C1:80:00:00:80:BF:C0:00:00:80:C2:C0:00:00:80:C0:C0:00:00:80:C4:40:00:00:80:C2:80:00:00:80:C5:00:00:00:80:C9:00:8E:59:80:00:FF:FF:00:00:00:AB:10:45:46]
[53:48:DA:00:C8:05:53:00:00:80:CB:80:00:00:80:C8:40:00:00:80:C5:C0:00:00:80:C8:C0:00:00:80:CA:80:00:00:80:C8:C0:00:00:80:CA:40:00:00:80:CD:40:00:00:80:C9:80:00:00:80:C9:00:00:00:80:CD:00:00:00:80:CC:00:00:00:80:CA:C0:00:00:80:CD:C0:00:00:80:CE:40:00:00:80:D1:C0:00:00:80:D0:80:00:00:80:CE:C0:00:00:80:D1:80:00:00:80:D0:40:8E:44:C0:00:FF:FF:00:00:00:AB:10:45:46]
[53:48:DA:00:C8:05:54:00:00:80:D2:C0:00:00:80:D1:C0:00:00:80:D2:40:00:00:80:D2:00:00:00:80:AF:80:00:00:80:C8:40:00:00:80:D2:40:00:00:80:D3:C0:00:00:80:D3:00:00:00:80:D3:00:00:00:80:D2:00:00:00:80:D1:C0:00:00:80:CE:80:00:00:80:CF:80:00:00:80:D5:40:00:00:80:D1:80:00:00:80:D2:40:00:00:80:CE:80:00:00:80:D1:C0:00:00:80:D2:40:8E:4E:00:00:FF:FF:00:00:00:AB:10:45:46]
[53:48:DA:00:C8:05:55:00:00:80:D2:80:00:00:80:D1:C0:00:00:80:D4:80:00:00:80:D0:40:00:00:80:D0:80:00:00:80:D2:80:00:00:80:D2:C0:00:00:80:D0:00:00:00:80:CE:80:00:00:80:D3:40:00:00:80:D0:C0:00:00:80:D2:80:00:00:80:CC:C0:00:00:80:CF:80:00:00:80:D1:80:00:00:80:D4:C0:00:00:80:CF:C0:00:00:80:D3:00:00:00:80:D0:40:00:00:80:D3:C0:8E:43:C0:00:FF:FF:00:00:00:AB:10:45:46]
[53:48:DA:00:C8:05:56:00:00:80:CE:40:00:00:80:D0:40:00:00:80:D1:C0:00:00:80:B6:80:00:00:80:D0:00:00:00:80:D1:80:00:00:80:D0:40:00:00:80:D3:00:00:00:80:D0:40:00:00:80:D1:C0:00:00:80:D0:40:00:00:80:CC:40:00:00:80:BC:C0:00:00:80:D1:80:00:00:80:CF:80:00:00:80:D1:80:00:00:80:D3:00:00:00:80:CE:80:00:00:80:D1:C0:00:00:80:CB:C0:8E:42:C0:00:FF:FF:00:00:00:AB:10:45:46]
[53:48:DA:00:C8:05:57:00:00:80:D1:40:00:00:80:D2:80:00:00:80:CF:80:00:00:80:CD:40:00:00:80:D0:C0:00:00:80:D0:40:00:00:80:CB:00:00:00:80:D0:00:00:00:80:D3:80:00:00:80:D1:00:00:00:80:D0:00:00:00:80:C7:40:00:00:80:D2:40:00:00:80:D1:80:00:00:80:D0:40:00:00:80:D0:80:00:00:80:CA:40:00:00:80:D6:80:00:00:80:D3:00:00:00:80:D3:00:8E:62:00:00:FF:FF:00:00:00:AB:10:45:46]
[53:48:DA:00:C8:05:58:00:00:80:D5:80:00:00:80:D2:40:00:00:80:A6:00:00:00:80:D6:00:00:00:80:D7:C0:00:00:80:D5:40:00:00:80:D4:80:00:00:80:D2:C0:00:00:80:D3:40:00:00:80:CF:80:00:00:80:D1:00:00:00:80:CC:C0:00:00:80:CD:80:00:00:80:D9:C0:00:00:80:D5:00:00:00:80:D4:40:00:00:80:D7:80:00:00:80:D4:C0:00:00:80:DA:00:00:00:80:D2:40:8E:5D:C0:00:FF:FF:00:00:00:AB:10:45:46]
[53:48:DA:00:C8:05:59:00:00:80:D3:40:00:00:80:D5:00:00:00:80:D6:40:00:00:80:D2:C0:00:00:80:D3:C0:00:00:80:D4:80:00:00:80:D7:80:00:00:80:D5:80:00:00:80:D8:00:00:00:80:D2:C0:00:00:80:D4:80:00:00:80:D5:40:00:00:80:D7:40:00:00:80:D3:00:00:00:80:D3:C0:00:00:80:D4:00:00:00:80:D7:80:00:00:80:D6:00:00:00:80:D6:80:00:00:80:D6:C0:8E:4B:00:00:FF:FF:00:00:00:AB:10:45:46]
[53:48:DA:00:C8:05:5A:00:00:80:D7:80:00:00:80:BC:C0:00:00:80:D3:C0:00:00:80:BF:00:00:00:80:CB:80:00:00:80:D6:00:00:00:80:D7:80:00:00:80:D7:40:00:00:80:D8:C0:00:00:80:D3:80:00:00:80:D7:00:00:00:80:D4:00:00:00:80:D2:00:00:00:80:D5:C0:00:00:80:D5:C0:00:00:80:D4:80:00:00:80:D6:00:00:00:80:D4:C0:00:00:80:D7:40:00:00:80:D3:80:8E:5C:C0:00:FF:FF:00:00:00:AB:10:45:46]
[53:48:DA:00:C8:05:5B:00:00:80:D8:40:00:00:80:D4:C0:00:00:80:D4:40:00:00:80:D2:40:00:00:80:D6:C0:00:00:80:D3:40:00:00:80:D6:C0:00:00:80:C1:00:00:00:80:D0:80:00:00:80:D5:40:00:00:80:D3:C0:00:00:80:D6:C0:00:00:80:D2:00:00:00:80:D1:80:00:00:80:D4:40:00:00:80:D3:00:00:00:80:D6:80:00:00:80:D6:00:00:00:80:D6:80:00:00:80:D4:C0:8E:51:40:00:FF:FF:00:00:00:AB:10:45:46]
[53:48:DA:00:C8:05:5C:00:00:80:CA:80:00:00:80:D7:40:00:00:80:D7:80:00:00:80:D2:C0:00:00:80:D5:00:00:00:80:D5:40:00:00:80:D8:00:00:00:80:D4:C0:00:00:80:D2:00:00:00:80:D2:C0:00:00:80:D5:80:00:00:80:C9:00:00:00:80:D7:40:00:00:80:D4:40:00:00:80:D8:40:00:00:80:D3:80:00:00:80:D5:80:00:00:80:D6:40:00:00:80:D2:00:00:00:80:D1:40:8E:6C:40:00:FF:FF:00:00:00:AB:10:45:46]
[53:48:DA:00:C8:05:5D:00:00:80:D5:40:00:00:80:D5:C0:00:00:80:D2:40:00:00:80:D4:40:00:00:80:D5:00:00:00:80:D6:80:00:00:80:D2:00:00:00:80:D7:00:00:00:80:D4:80:00:00:80:D3:80:00:00:80:D2:00:00:00:80:D3:80:00:00:80:D7:C0:00:00:80:D3:00:00:00:80:D5:40:00:00:80:CF:C0:00:00:80:D6:00:00:00:80:D2:40:00:00:80:D4:C0:00:00:80:D4:40:8E:51:40:00:FF:FF:00:00:00:AB:10:45:46]
[53:48:DA:00:C8:05:5E:00:00:80:D4:00:00:00:80:D5:40:00:00:80:D4:C0:00:00:80:D6:00:00:00:80:D5:C0:00:00:80:D6:40:00:00:80:D4:80:00:00:80:D4:80:00:00:80:D4:80:00:00:80:D9:80:00:00:80:D3:80:00:00:80:D4:C0:00:00:80:D5:80:00:00:80:D4:80:00:00:80:D4:00:00:00:80:D6:80:00:00:80:D6:00:00:00:80:D4:C0:00:00:80:D4:00:00:00:80:C1:00:8E:58:80:00:FF:FF:00:00:00:AB:10:45:46]
[53:48:DA:00:C8:05:5F:00:00:80:D2:80:00:00:80:D7:40:00:00:80:D2:00:00:00:80:D8:40:00:00:80:D3:C0:00:00:80:D5:00:00:00:80:D5:C0:00:00:80:D8:80:00:00:80:D3:40:00:00:80:D3:00:00:00:80:D5:40:00:00:80:D4:40:00:00:80:D6:00:00:00:80:D6:80:00:00:80:D6:80:00:00:80:D5:C0:00:00:80:D8:80:00:00:80:D6:80:00:00:80:D9:80:00:00:80:DB:80:8E:51:40:00:FF:FF:00:00:00:AB:10:45:46]
[53:48:DA:00:C8:05:60:00:00:80:D9:C0:00:00:80:D9:40:00:00:80:C5:80:00:00:80:CD:80:00:00:80:D3:00:00:00:80:D5:00:00:00:80:D5:80:00:00:80:D7:40:00:00:80:D5:00:00:00:80:D6:80:00:00:80:D4:C0:00:00:80:D4:80:00:00:80:D3:80:00:00:80:D6:40:00:00:80:D5:00:00:00:80:D7:00:00:00:80:D3:40:00:00:80:D1:40:00:00:80:D5:40:00:00:80:D4:40:8E:5B:C0:00:FF:FF:00:00:00:AB:10:45:46]
[53:48:DA:00:C8:05:61:00:00:80:D4:80:00:00:80:D6:40:00:00:80:D4:80:00:00:80:D6:00:00:00:80:D3:80:00:00:80:D5:00:00:00:80:CB:80:00:00:80:D5:40:00:00:80:D6:40:00:00:80:D6:00:00:00:80:D6:40:00:00:80:D7:00:00:00:80:D4:C0:00:00:80:D2:80:00:00:80:D3:80:00:00:80:D2:80:00:00:80:D4:C0:00:00:80:D4:40:00:00:80:A2:80:00:00:80:D1:80:8E:68:00:00:FF:FF:00:00:00:AB:10:45:46]
[53:48:DA:00:C8:05:62:00:00:80:D3:C0:00:00:80:D5:00:00:00:80:D5:80:00:00:80:D5:80:00:00:80:D6:80:00:00:80:D9:80:00:00:80:D4:00:00:00:80:D8:C0:00:00:80:D2:40:00:00:80:D3:40:00:00:80:C3:C0:00:00:80:D5:80:00:00:80:D3:40:00:00:80:DA:40:00:00:80:D3:80:00:00:80:D2:40:00:00:80:D4:00:00:00:80:CF:C0:00:00:80:D5:00:00:00:80:D5:40:8E:60:C0:00:FF:FF:00:00:00:AB:10:45:46]
[53:48:DA:00:C8:05:63:00:00:80:D4:80:00:00:80:D5:00:00:00:80:D6:00:00:00:80:D5:00:00:00:80:D3:40:00:00:80:D2:80:00:00:80:D5:40:00:00:80:D4:80:00:00:80:D6:80:00:00:80:D8:00:00:00:80:D5:C0:00:00:80:D6:C0:00:00:80:D1:80:00:00:80:D5:80:00:00:80:C6:00:00:00:80:D5:80:00:00:80:D4:80:00:00:80:D4:00:00:00:80:D5:00:00:00:80:D4:C0:8E:6E:40:00:FF:FF:00:00:00:AB:10:45:46]
[53:48:DA:00:C8:05:64:00:00:80:D3:80:00:00:80:D5:80:00:00:80:D5:00:00:00:80:D9:40:00:00:80:D5:40:00:00:80:D4:40:00:00:80:D4:C0:00:00:80:D5:40:00:00:80:D6:00:00:00:80:D6:40:00:00:80:D6:40:00:00:80:D4:40:00:00:80:D2:40:00:00:80:D4:40:00:00:80:D6:C0:00:00:80:D3:00:00:00:80:CF:C0:00:00:80:D4:C0:00:00:80:D1:00:00:00:80:D3:C0:8E:67:00:00:FF:FF:00:00:00:AB:10:45:46]
[53:48:DA:00:C8:05:65:00:00:80:D4:00:00:00:80:D4:C0:00:00:80:D7:40:00:00:80:D4:C0:00:00:80:D6:80:00:00:80:D5:40:00:00:80:D7:40:00:00:80:D6:00:00:00:80:D4:C0:00:00:80:D1:C0:00:00:80:D7:40:00:00:80:D4:40:00:00:80:D4:80:00:00:80:D7:00:00:00:80:D4:00:00:00:80:D5:00:00:00:80:D4:00:00:00:80:D4:00:00:00:80:D6:00:00:00:80:D9:00:8E:78:C0:00:FF:FF:00:00:00:AB:10:45:46]
[53:48:DA:00:C8:05:66:00:00:80:D4:00:00:00:80:C0:00:00:00:80:D0:C0:00:00:80:D6:00:00:00:80:D8:80:00:00:80:D6:40:00:00:80:D3:80:00:00:80:D4:00:00:00:80:D3:C0:00:00:80:D5:40:00:00:80:D6:C0:00:00:80:D4:40:00:00:80:D6:40:00:00:80:D5:C0:00:00:80:D2:C0:00:00:80:C7:80:00:00:80:D5:80:00:00:80:D6:40:00:00:80:D6:00:00:00:80:D2:40:8E:63:00:00:FF:FF:00:00:00:AB:10:45:46]
[53:48:DA:00:C8:05:67:00:00:80:D2:C0:00:00:80:D6:80:00:00:80:D4:80:00:00:80:D3:40:00:00:80:D4:C0:00:00:80:C7:80:00:00:80:D4:00:00:00:80:D5:00:00:00:80:D2:80:00:00:80:D1:00:00:00:80:D5:40:00:00:80:D8:80:00:00:80:D4:C0:00:00:80:D5:40:00:00:80:D5:80:00:00:80:D4:C0:00:00:80:D7:80:00:00:80:D4:40:00:00:80:D4:00:00:00:80:D3:80:8E:5C:C0:00:FF:FF:00:00:00:AB:10:45:46]
[53:48:DA:00:C8:05:68:00:00:80:D1:40:00:00:80:D3:00:00:00:80:D4:40:00:00:80:D3:C0:00:00:80:D4:00:00:00:80:D4:C0:00:00:80:D4:80:00:00:80:D7:C0:00:00:80:D3:40:00:00:80:CB:C0:00:00:80:D2:C0:00:00:80:D3:00:00:00:80:D5:80:00:00:80:D3:00:00:00:80:A0:C0:00:00:80:D5:80:00:00:80:D5:80:00:00:80:D4:C0:00:00:80:D2:C0:00:00:80:D2:C0:8E:65:00:00:FF:FF:00:00:00:AB:10:45:46]
[53:48:DA:00:C8:05:69:00:00:80:D6:80:00:00:80:D3:C0:00:00:80:D3:40:00:00:80:D5:C0:00:00:80:D4:C0:00:00:80:D3:00:00:00:80:D7:40:00:00:80:D0:00:00:00:80:D5:00:00:00:80:D4:00:00:00:80:D5:80:00:00:80:D3:40:00:00:80:D3:40:00:00:80:D0:00:00:00:80:D3:00:00:00:80:D4:40:00:00:80:D3:80:00:00:80:D3:80:00:00:80:D4:80:00:00:80:D9:C0:8E:80:00:00:FF:FF:00:00:00:AB:10:45:46]
[53:48:DA:00:C8:05:6A:00:00:80:D1:80:00:00:80:D7:40:00:00:80:D4:C0:00:00:80:D3:C0:00:00:80:D5:C0:00:00:80:D5:80:00:00:80:D4:C0:00:00:80:D7:00:00:00:80:D6:00:00:00:80:D6:00:00:00:80:D4:80:00:00:80:D6:00:00:00:80:D7:00:00:00:80:95:40:00:00:80:D5:C0:00:00:80:D2:80:00:00:80:D2:40:00:00:80:C4:C0:00:00:80:D4:00:00:00:80:D7:40:8E:71:80:00:FF:FF:00:00:00:AB:10:45:46]
[53:48:DA:00:C8:05:6B:00:00:80:D2:40:00:00:80:D6:00:00:00:80:D7:00:00:00:80:D4:80:00:00:80:D2:C0:00:00:80:D3:00:00:00:80:D6:00:00:00:80:D7:00:00:00:80:D4:40:00:00:80:D4:C0:00:00:80:D4:00:00:00:80:D7:C0:00:00:80:D4:00:00:00:80:D4:00:00:00:80:D5:00:00:00:80:D4:00:00:00:80:D4:80:00:00:80:D7:40:00:00:80:D3:80:00:00:80:D2:C0:8E:73:80:00:FF:FF:00:00:00:AB:10:45:46]
[53:48:DA:00:C8:05:6C:00:00:80:CA:C0:00:00:80:CC:40:00:00:80:D5:40:00:00:80:D5:80:00:00:80:D5:40:00:00:80:D6:80:00:00:80:D6:C0:00:00:80:D7:80:00:00:80:D3:40:00:00:80:D4:80:00:00:80:D9:80:00:00:80:D7:40:00:00:80:88:00:00:00:80:D2:00:00:00:80:D1:C0:00:00:80:D3:40:00:00:80:D3:C0:00:00:80:D4:00:00:00:80:D2:80:00:00:80:D3:40:8E:62:00:00:FF:FF:00:00:00:AB:10:45:46]
[53:48:DA:00:C8:05:6D:00:00:80:D4:80:00:00:80:D5:80:00:00:80:D4:80:00:00:80:D5:00:00:00:80:CE:C0:00:00:80:D4:40:00:00:80:D4:40:00:00:80:D2:80:00:00:80:D3:80:00:00:80:D6:40:00:00:80:D4:80:00:00:80:D4:40:00:00:80:D9:C0:00:00:80:D7:80:00:00:80:D6:00:00:00:80:D7:C0:00:00:80:D5:80:00:00:80:D0:C0:00:00:80:D5:00:00:00:80:D2:80:8E:69:40:00:FF:FF:00:00:00:AB:10:45:46]
[53:48:DA:00:C8:05:6E:00:00:80:D2:80:00:00:80:D6:80:00:00:80:D6:40:00:00:80:D4:00:00:00:80:D6:00:00:00:80:D4:00:00:00:80:D4:C0:00:00:80:D3:40:00:00:80:C0:40:00:00:80:D4:C0:00:00:80:D1:C0:00:00:80:A0:00:00:00:80:D4:00:00:00:80:D2:00:00:00:80:D5:40:00:00:80:D4:00:00:00:80:D5:00:00:00:80:D4:80:00:00:80:D7:80:00:00:80:D2:C0:8E:58:80:00:FF:FF:00:00:00:AB:10:45:46]
[53:48:DA:00:C8:05:6F:00:00:80:D2:C0:00:00:80:D1:40:00:00:80:D2:C0:00:00:80:D3:C0:00:00:80:D5:80:00:00:80:D5:C0:00:00:80:D8:C0:00:00:80:D4:00:00:00:80:D1:40:00:00:80:D5:40:00:00:80:D4:80:00:00:80:D0:C0:00:00:80:C9:00:00:00:80:D6:00:00:00:80:D3:C0:00:00:80:CF:40:00:00:80:D4:00:00:00:80:D6:00:00:00:80:D1:00:00:00:80:D5:C0:8E:66:00:00:FF:FF:00:00:00:AB:10:45:46]
[53:48:DA:00:C8:05:70:00:00:80:D5:80:00:00:80:D4:C0:00:00:80:D5:C0:00:00:80:D2:C0:00:00:80:D3:40:00:00:80:D3:C0:00:00:80:D6:C0:00:00:80:D2:00:00:00:80:D5:C0:00:00:80:D5:00:00:00:80:A4:80:00:00:80:D4:C0:00:00:80:D8:00:00:00:80:D1:80:00:00:80:D6:C0:00:00:80:D3:00:00:00:80:CB:40:00:00:80:D9:00:00:00:80:D4:C0:00:00:80:D3:C0:8E:7F:00:00:FF:FF:00:00:00:AB:10:45:46]
[53:48:DA:00:C8:05:71:00:00:80:D4:00:00:00:80:D4:40:00:00:80:D4:40:00:00:80:D0:80:00:00:80:D3:C0:00:00:80:D2:80:00:00:80:D3:40:00:00:80:D0:C0:00:00:80:D2:40:00:00:80:D8:80:00:00:80:D4:C0:00:00:80:D5:80:00:00:80:D2:C0:00:00:80:D2:C0:00:00:80:D3:80:00:00:80:D2:C0:00:00:80:D6:C0:00:00:80:D4:80:00:00:80:D6:00:00:00:80:D2:80:8E:71:80:00:FF:FF:00:00:00:AB:10:45:46]
[53:48:DA:00:C8:05:72:00:00:80:D5:C0:00:00:80:D7:80:00:00:80:D2:C0:00:00:80:D7:40:00:00:80:D7:40:00:00:80:D3:80:00:00:80:D2:40:00:00:80:D3:C0:00:00:80:D5:40:00:00:80:A1:40:00:00:80:D7:C0:00:00:80:D3:40:00:00:80:D2:00:00:00:80:D4:C0:00:00:80:D5:80:00:00:80:D3:80:00:00:80:D3:C0:00:00:80:D4:40:00:00:80:D6:80:00:00:80:D5:C0:8E:54:40:00:FF:FF:00:00:00:AB:10:45:46]
[53:48:DA:00:C8:05:73:00:00:80:D5:00:00:00:80:D4:80:00:00:80:D7:40:00:00:80:C7:00:00:00:80:CA:80:00:00:80:D5:C0:00:00:80:D5:00:00:00:80:D2:00:00:00:80:D8:40:00:00:80:D3:80:00:00:80:D2:C0:00:00:80:D3:80:00:00:80:D3:00:00:00:80:D1:C0:00:00:80:D5:80:00:00:80:D5:40:00:00:80:D2:80:00:00:80:D8:80:00:00:80:D2:C0:00:00:80:D7:80:8E:8A:80:00:FF:FF:00:00:00:AB:10:45:46]
[53:48:DA:00:C8:05:74:00:00:80:D3:C0:00:00:80:D5:00:00:00:80:D2:40:00:00:80:D4:00:00:00:80:D5:C0:00:00:80:D5:00:00:00:80:D3:00:00:00:80:CB:00:00:00:80:94:40:00:00:80:D3:40:00:00:80:D2:C0:00:00:80:D6:00:00:00:80:D6:40:00:00:80:D3:C0:00:00:80:D4:80:00:00:80:D4:00:00:00:80:D5:40:00:00:80:D2:00:00:00:80:D5:40:00:00:80:D6:80:8E:68:00:00:FF:FF:00:00:00:AB:10:45:46]
[53:48:DA:00:C8:05:75:00:00:80:D6:00:00:00:80:D6:C0:00:00:80:D4:40:00:00:80:D4:C0:00:00:80:D5:40:00:00:80:D7:80:00:00:80:D4:80:00:00:80:D6:40:00:00:80:D5:00:00:00:80:D2:00:00:00:80:D5:00:00:00:80:CF:80:00:00:80:D2:C0:00:00:80:D5:40:00:00:80:D3:C0:00:00:80:D1:80:00:00:80:D4:40:00:00:80:D6:00:00:00:80:D6:00:00:00:80:D4:40:8E:5E:C0:00:FF:FF:00:00:00:AB:10:45:46]
[53:48:DA:00:C8:05:76:00:00:80:D2:00:00:00:80:D5:80:00:00:80:D4:80:00:00:80:D4:40:00:00:80:D2:C0:00:00:80:D5:80:00:00:80:D8:C0:00:00:80:86:00:00:00:80:D6:C0:00:00:80:D3:C0:00:00:80:D3:00:00:00:80:D2:80:00:00:80:D1:C0:00:00:80:D7:40:00:00:80:D3:80:00:00:80:C7:80:00:00:80:D6:C0:00:00:80:D6:00:00:00:80:D6:00:00:00:80:D6:00:8E:5E:C0:00:FF:FF:00:00:00:AB:10:45:46]
[53:48:DA:00:C8:05:05:00:00:80:D0:80:00:00:80:D0:80:00:00:80:CF:00:00:00:80:CF:C0:00:00:80:D0:C0:00:00:80:D1:80:00:00:80:CF:40:00:00:80:CF:C0:00:00:80:D0:80:00:00:80:D2:C0:00:00:80:CF:00:00:00:80:CD:C0:00:00:80:CE:80:00:00:80:D0:80:00:00:80:D3:80:00:00:80:CE:00:00:00:80:CF:00:00:00:80:D0:80:00:00:80:CF:00:00:00:80:CF:00:8D:79:00:00:FF:FF:00:00:00:AB:10:45:46]
[53:48:DA:00:C8:05:06:00:00:80:D1:C0:00:00:80:D2:40:00:00:80:D1:80:00:00:80:D3:80:00:00:80:D1:40:00:00:80:CF:80:00:00:80:D1:00:00:00:80:D3:80:00:00:80:D0:40:00:00:80:D3:00:00:00:80:D0:80:00:00:80:D0:40:00:00:80:D2:40:00:00:80:D1:C0:00:00:80:CF:40:00:00:80:CF:C0:00:00:80:D1:80:00:00:80:CF:C0:00:00:80:CE:80:00:00:80:D3:40:8D:61:40:00:FF:FF:00:00:00:AB:10:45:46]
[53:48:DA:00:C8:05:07:00:00:80:D2:00:00:00:80:D0:C0:00:00:80:D1:40:00:00:80:D3:C0:00:00:80:D2:00:00:00:80:D1:00:00:00:80:D2:40:00:00:80:D0:C0:00:00:80:D0:80:00:00:80:D0:C0:00:00:80:CF:80:00:00:80:D3:80:00:00:80:D0:80:00:00:80:D2:C0:00:00:80:D1:80:00:00:80:D4:00:00:00:80:D0:40:00:00:80:D1:80:00:00:80:D1:80:00:00:80:CD:00:8D:5C:00:00:FF:FF:00:00:00:AB:10:45:46]
[53:48:DA:00:C8:05:08:00:00:80:D1:C0:00:00:80:CE:C0:00:00:80:D0:C0:00:00:80:D0:00:00:00:80:D1:40:00:00:80:D2:C0:00:00:80:D0:40:00:00:80:D3:00:00:00:80:CE:80:00:00:80:D1:40:00:00:80:D2:40:00:00:80:D0:40:00:00:80:D2:40:00:00:80:D6:80:00:00:80:CD:40:00:00:80:CF:00:00:00:80:D2:40:00:00:80:D2:80:00:00:80:D1:C0:00:00:80:D0:C0:8D:65:40:00:FF:FF:00:00:00:AB:10:45:46]
[53:48:DA:00:C8:05:09:00:00:80:D1:80:00:00:80:D2:40:00:00:80:D0:80:00:00:80:D4:00:00:00:80:D4:00:00:00:80:CF:00:00:00:80:D2:00:00:00:80:D0:80:00:00:80:D0:C0:00:00:80:D0:80:00:00:80:D0:80:00:00:80:D0:80:00:00:80:D1:00:00:00:80:CD:40:00:00:80:D3:80:00:00:80:CE:C0:00:00:80:D2:C0:00:00:80:CF:00:00:00:80:D2:00:00:00:80:D3:00:8D:56:C0:00:FF:FF:00:00:00:AB:10:45:46]
[53:48:DA:00:C8:05:0A:00:00:80:D3:00:00:00:80:CE:C0:00:00:80:D6:00:00:00:80:D3:00:00:00:80:D2:80:00:00:80:D4:80:00:00:80:D2:C0:00:00:80:D0:00:00:00:80:D2:C0:00:00:80:D0:80:00:00:80:D7:40:00:00:80:D3:40:00:00:80:D1:40:00:00:80:D0:80:00:00:80:D2:80:00:00:80:D4:00:00:00:80:CF:C0:00:00:80:D5:00:00:00:80:D1:C0:00:00:80:D2:40:8D:6B:80:00:FF:FF:00:00:00:AB:10:45:46]
[53:48:DA:00:C8:05:0B:00:00:80:CF:80:00:00:80:D2:C0:00:00:80:D3:00:00:00:80:D1:00:00:00:80:D1:C0:00:00:80:CE:40:00:00:80:CB:00:00:00:80:CF:80:00:00:80:D2:80:00:00:80:D4:C0:00:00:80:D3:80:00:00:80:D1:C0:00:00:80:D1:40:00:00:80:D1:00:00:00:80:D0:00:00:00:80:CF:C0:00:00:80:D1:00:00:00:80:D0:00:00:00:80:CD:00:00:00:80:CD:00:8D:74:00:00:FF:FF:00:00:00:AB:10:45:46]
[53:48:DA:00:C8:05:0C:00:00:80:CE:80:00:00:80:D1:C0:00:00:80:CF:C0:00:00:80:CD:80:00:00:80:CE:80:00:00:80:D5:C0:00:00:80:D0:40:00:00:80:D1:80:00:00:80:D0:40:00:00:80:D0:80:00:00:80:CD:80:00:00:80:AE:00:00:00:80:CE:80:00:00:80:CE:80:00:00:80:CE:80:00:00:80:D3:40:00:00:80:D3:C0:00:00:80:D0:C0:00:00:80:CC:C0:00:00:80:D3:00:8D:75:00:00:FF:FF:00:00:00:AB:10:45:46]
[53:48:DA:00:C8:05:0D:00:00:80:D1:80:00:00:80:D2:40:00:00:80:D1:C0:00:00:80:CB:40:00:00:80:D2:C0:00:00:80:D4:40:00:00:80:CF:00:00:00:80:D1:C0:00:00:80:D1:00:00:00:80:D0:C0:00:00:80:CF:80:00:00:80:D4:00:00:00:80:CF:80:00:00:80:D3:40:00:00:80:D1:40:00:00:80:D4:40:00:00:80:D4:80:00:00:80:D2:C0:00:00:80:D3:00:00:00:80:D1:40:8D:6B:80:00:FF:FF:00:00:00:AB:10:45:46]
[53:48:DA:00:C8:05:0E:00:00:80:D3:C0:00:00:80:D3:40:00:00:80:D4:C0:00:00:80:CE:40:00:00:80:D2:40:00:00:80:D0:00:00:00:80:D2:40:00:00:80:D0:00:00:00:80:D3:80:00:00:80:D1:00:00:00:80:D2:00:00:00:80:D1:40:00:00:80:CC:00:00:00:80:D4:00:00:00:80:D2:40:00:00:80:CF:40:00:00:80:D2:00:00:00:80:D3:00:00:00:80:D2:80:00:00:80:D2:40:8D:6E:C0:00:FF:FF:00:00:00:AB:10:45:46]
[53:48:DA:00:C8:05:0F:00:00:80:D0:00:00:00:80:D0:80:00:00:80:CF:80:00:00:80:CE:80:00:00:80:D4:00:00:00:80:CF:00:00:00:80:CA:C0:00:00:80:CC:C0:00:00:80:C6:C0:00:00:80:C5:40:00:00:80:C5:80:00:00:80:BB:00:00:00:80:B3:00:00:00:80:A8:00:00:00:80:99:00:00:00:80:86:80:00:00:80:58:40:00:00:80:1F:00:00:00:7F:F1:00:00:00:7F:BE:00:8D:8C:C0:00:FF:FF:00:00:00:AB:10:45:46]
[53:48:DA:00:C8:05:10:00:00:7F:1F:40:00:00:7E:AF:80:00:00:7E:61:40:00:00:7D:F0:00:00:00:7D:9C:00:00:00:7D:44:80:00:00:7C:F2:40:00:00:7C:B0:80:00:00:7C:45:00:00:00:7B:F2:C0:00:00:7B:69:40:00:00:7B:55:40:00:00:7B:3E:40:00:00:7A:BB:C0:00:00:7A:60:00:00:00:7A:10:40:00:00:79:F0:C0:00:00:79:D8:C0:00:00:79:61:C0:00:00:79:08:00:8D:64:40:00:FF:FF:00:00:00:AB:10:45:46]
[53:48:DA:00:C8:05:11:00:00:78:7B:40:00:00:77:EC:00:00:00:77:CA:00:00:00:77:D9:C0:00:00:77:44:40:00:00:77:27:80:00:00:76:DF:40:00:00:76:EC:80:00:00:76:A9:80:00:00:77:20:80:00:00:76:FD:40:00:00:77:2B:80:00:00:77:28:C0:00:00:77:3A:80:00:00:77:BD:40:00:00:77:97:00:00:00:77:D6:80:00:00:78:0A:80:00:00:78:79:40:00:00:78:F3:00:8D:70:C0:00:FF:FF:00:00:00:AB:10:45:46]
[53:48:DA:00:C8:05:12:00:00:79:BD:00:00:00:79:E7:40:00:00:7A:30:C0:00:00:7A:8B:00:00:00:7A:CF:00:00:00:7A:E6:40:00:00:7B:31:80:00:00:7B:7A:40:00:00:7B:8F:C0:00:00:7B:83:00:00:00:7B:8C:80:00:00:7B:97:80:00:00:7B:D9:00:00:00:7B:AA:40:00:00:7B:C2:00:00:00:7B:E2:00:00:00:7C:18:C0:00:00:7B:E8:C0:00:00:7C:03:40:00:00:7C:4E:C0:8D:87:C0:00:FF:FF:00:00:00:AB:10:45:46]
[53:48:DA:00:C8:05:13:00:00:7C:82:C0:00:00:7C:92:00:00:00:7C:85:00:00:00:7C:BC:40:00:00:7C:C5:C0:00:00:7C:B4:40:00:00:7D:02:C0:00:00:7D:1F:80:00:00:7D:70:40:00:00:7D:9B:00:00:00:7D:AA:80:00:00:7D:C9:40:00:00:7E:0B:C0:00:00:7E:18:00:00:00:7E:48:80:00:00:7E:14:C0:00:00:7E:0C:80:00:00:7E:20:00:00:00:7E:4C:40:00:00:7E:43:40:8D:80:40:00:FF:FF:00:00:00:AB:10:45:46]
[53:48:DA:00:C8:05:14:00:00:7E:63:00:00:00:7E:69:40:00:00:7E:9C:00:00:00:7E:D1:40:00:00:7E:BF:40:00:00:7F:12:80:00:00:7F:21:40:00:00:7F:2F:00:00:00:7F:54:40:00:00:7F:66:40:00:00:7F:6C:C0:00:00:7F:74:C0:00:00:7F:75:80:00:00:7F:72:C0:00:00:7F:59:C0:00:00:7F:76:C0:00:00:7F:63:40:00:00:7F:85:80:00:00:7F:7A:80:00:00:7F:9D:80:8D:71:C0:00:FF:FF:00:00:00:AB:10:45:46]
[53:48:DA:00:C8:05:15:00:00:7F:9D:40:00:00:7F:C3:80:00:00:7F:C7:80:00:00:7F:CB:80:00:00:7F:D6:00:00:00:7F:DA:40:00:00:7F:CB:00:00:00:7F:E2:C0:00:00:7F:E7:00:00:00:80:02:40:00:00:7F:F8:80:00:00:7F:F9:40:00:00:80:1A:00:00:00:80:18:40:00:00:80:27:00:00:00:80:3A:C0:00:00:80:44:80:00:00:80:44:40:00:00:80:4A:00:00:00:80:58:00:8D:85:80:00:FF:FF:00:00:00:AB:10:45:46]
[53:48:DA:00:C8:05:16:00:00:80:50:80:00:00:80:5A:80:00:00:80:56:00:00:00:80:5F:40:00:00:80:60:C0:00:00:80:5B:80:00:00:80:64:80:00:00:80:65:00:00:00:80:69:00:00:00:80:6D:80:00:00:80:75:00:00:00:80:77:00:00:00:80:79:00:00:00:80:84:00:00:00:80:7A:80:00:00:80:81:40:00:00:80:82:C0:00:00:80:7D:80:00:00:80:88:C0:00:00:80:83:40:8D:89:C0:00:FF:FF:00:00:00:AB:10:45:46]
[53:48:DA:00:C8:05:17:00:00:80:8A:00:00:00:80:87:C0:00:00:80:85:00:00:00:80:85:C0:00:00:80:7F:80:00:00:80:28:C0:00:00:80:78:80:00:00:80:7C:00:00:00:80:84:40:00:00:80:79:00:00:00:80:7C:80:00:00:80:80:00:00:00:80:7B:80:00:00:80:85:00:00:00:80:84:00:00:00:80:8F:00:00:00:80:87:40:00:00:80:90:40:00:00:80:92:C0:00:00:80:9B:40:8D:85:80:00:FF:FF:00:00:00:AB:10:45:46]
[53:48:DA:00:C8:05:18:00:00:80:AA:40:00:00:80:A6:00:00:00:80:AA:80:00:00:80:AA:C0:00:00:80:A6:C0:00:00:80:A7:00:00:00:80:A7:40:00:00:80:AA:00:00:00:80:AC:40:00:00:80:AE:00:00:00:80:B6:C0:00:00:80:B8:80:00:00:80:B4:40:00:00:80:B3:40:00:00:80:BE:40:00:00:80:BC:00:00:00:80:C0:00:00:00:80:C2:C0:00:00:80:C1:80:00:00:80:C1:00:8D:6D:C0:00:FF:FF:00:00:00:AB:10:45:46]
[53:48:DA:00:C8:05:19:00:00:80:BA:40:00:00:80:BD:40:00:00:80:BD:80:00:00:80:BD:C0:00:00:80:5F:00:00:00:80:C6:C0:00:00:80:C5:80:00:00:80:C5:C0:00:00:80:C4:40:00:00:80:CA:00:00:00:80:CB:C0:00:00:80:CF:00:00:00:80:D2:C0:00:00:80:D3:80:00:00:80:D2:40:00:00:80:CF:80:00:00:80:D0:00:00:00:80:CF:80:00:00:80:C7:80:00:00:80:C3:00:8D:91:00:00:FF:FF:00:00:00:AB:10:45:46]
[53:48:DA:00:C8:05:1A:00:00:80:C5:40:00:00:80:C8:C0:00:00:80:C5:80:00:00:80:CB:40:00:00:80:CF:80:00:00:80:D0:C0:00:00:80:D5:40:00:00:80:D7:00:00:00:80:D5:00:00:00:80:D1:00:00:00:80:CA:C0:00:00:80:C5:40:00:00:80:C0:40:00:00:80:C0:80:00:00:80:BB:C0:00:00:80:B9:40:00:00:80:BC:80:00:00:80:C4:C0:00:00:80:C5:00:00:00:80:CD:00:8D:90:00:00:FF:FF:00:00:00:AB:10:45:46]
[53:48:DA:00:C8:05:1B:00:00:80:CD:00:00:00:80:CE:40:00:00:80:D3:80:00:00:80:7A:80:00:00:80:E0:40:00:00:80:DA:00:00:00:80:D2:40:00:00:80:D1:00:00:00:80:D1:00:00:00:80:D1:C0:00:00:80:CD:80:00:00:80:C8:80:00:00:80:C8:40:00:00:80:C8:00:00:00:80:CA:40:00:00:80:D0:40:00:00:80:D3:40:00:00:80:D4:80:00:00:80:D8:40:00:00:80:D6:40:8D:84:80:00:FF:FF:00:00:00:AB:10:45:46]
[53:48:DA:00:C8:05:1C:00:00:80:D1:80:00:00:80:CE:40:00:00:80:CC:80:00:00:80:C8:80:00:00:80:C8:40:00:00:80:C9:C0:00:00:80:CC:00:00:00:80:D2:80:00:00:80:D9:80:00:00:80:DB:40:00:00:80:DF:80:00:00:80:DC:00:00:00:80:D8:80:00:00:80:D8:00:00:00:80:D8:00:00:00:80:D3:C0:00:00:80:CC:00:00:00:80:C5:00:00:00:80:C2:40:00:00:80:C2:40:8D:98:40:00:FF:FF:00:00:00:AB:10:45:46]
[53:48:DA:00:C8:05:1D:00:00:80:C8:00:00:00:80:CC:C0:00:00:80:56:C0:00:00:80:D2:40:00:00:80:D9:C0:00:00:80:D7:C0:00:00:80:DB:40:00:00:80:D9:00:00:00:80:D8:40:00:00:80:D4:80:00:00:80:CD:00:00:00:80:D2:00:00:00:80:CC:C0:00:00:80:CC:C0:00:00:80:CA:00:00:00:80:C6:80:00:00:80:CD:00:00:00:80:D1:40:00:00:80:D3:C0:00:00:80:D3:C0:8D:6B:80:00:FF:FF:00:00:00:AB:10:45:46]
[53:48:DA:00:C8:05:1E:00:00:80:DA:80:00:00:80:D9:80:00:00:80:D9:00:00:00:80:D4:00:00:00:80:D3:C0:00:00:80:D2:40:00:00:80:CB:00:00:00:80:D0:00:00:00:80:CF:C0:00:00:80:D0:C0:00:00:80:D2:C0:00:00:80:D4:00:00:00:80:D5:40:00:00:80:D9:C0:00:00:80:D7:C0:00:00:80:D5:C0:00:00:80:D6:C0:00:00:80:D7:C0:00:00:80:D8:40:00:00:80:D5:80:8D:78:00:00:FF:FF:00:00:00:AB:10:45:46]
[53:48:DA:00:C8:05:1F:00:00:80:D3:80:00:00:80:71:00:00:00:80:D0:C0:00:00:80:D4:40:00:00:80:D4:80:00:00:80:D4:C0:00:00:80:D3:00:00:00:80:D2:80:00:00:80:D0:C0:00:00:80:D3:00:00:00:80:D1:40:00:00:80:D3:C0:00:00:80:D1:C0:00:00:80:CD:80:00:00:80:D2:C0:00:00:80:D1:C0:00:00:80:D4:80:00:00:80:D5:40:00:00:80:D4:80:00:00:80:D5:80:8D:81:80:00:FF:FF:00:00:00:AB:10:45:46]
[53:48:DA:00:C8:05:20:00:00:80:D8:40:00:00:80:D9:00:00:00:80:C4:40:00:00:80:D4:80:00:00:80:D5:40:00:00:80:D3:80:00:00:80:D0:80:00:00:80:CF:C0:00:00:80:CF:40:00:00:80:C8:80:00:00:80:D0:80:00:00:80:D0:40:00:00:80:D2:80:00:00:80:D5:C0:00:00:80:D8:80:00:00:80:DA:40:00:00:80:D9:00:00:00:80:DB:C0:00:00:80:D8:80:00:00:80:D9:80:8D:84:80:00:FF:FF:00:00:00:AB:10:45:46]
[53:48:DA:00:C8:05:21:00:00:80:7D:80:00:00:80:D1:C0:00:00:80:D9:40:00:00:80:D5:00:00:00:80:D6:80:00:00:80:D6:80:00:00:80:D4:C0:00:00:80:D1:40:00:00:80:CE:40:00:00:80:CB:C0:00:00:80:CB:80:00:00:80:CE:80:00:00:80:D2:40:00:00:80:D3:00:00:00:80:D3:80:00:00:80:D8:40:00:00:80:D9:00:00:00:80:D9:C0:00:00:80:D7:C0:00:00:80:DC:C0:8D:81:80:00:FF:FF:00:00:00:AB:10:45:46]
[53:48:DA:00:C8:05:22:00:00:80:D4:40:00:00:80:E9:C0:00:00:80:EF:80:00:00:80:F6:C0:00:00:81:02:00:00:00:81:13:80:00:00:81:2C:00:00:00:81:49:80:00:00:81:7A:C0:00:00:81:BB:00:00:00:82:0E:00:00:00:82:86:40:00:00:83:19:40:00:00:83:E7:80:00:00:84:F7:C0:00:00:86:5A:00:00:00:87:01:80:00:00:87:69:40:00:00:88:D7:40:00:00:89:31:00:8D:A5:C0:00:FF:FF:00:00:00:AB:10:45:46]
[53:48:DA:00:C8:05:23:00:00:8A:A9:40:00:00:8E:5D:00:00:00:8E:9C:80:00:00:8B:27:C0:00:00:90:25:00:00:00:8C:C1:00:00:00:8D:E6:40:00:00:8D:4D:00:00:00:8B:99:40:00:00:8C:72:00:00:00:8B:9E:C0:00:00:8D:4D:40:00:00:8D:F8:80:00:00:8B:FF:C0:00:00:8E:2B:00:00:00:8F:A8:00:00:00:8E:AF:80:00:00:8D:B2:00:00:00:8D:94:80:00:00:8B:72:40:8D:92:00:00:FF:FF:00:00:00:AB:10:45:46]
[53:48:DA:00:C8:05:24:00:00:89:72:C0:00:00:8C:4E:00:00:00:89:90:40:00:00:8C:49:C0:00:00:89:7E:00:00:00:8A:CE:C0:00:00:87:CB:C0:00:00:8A:2B:00:00:00:87:F3:40:00:00:89:8B:80:00:00:89:DA:40:00:00:88:2D:40:00:00:87:A1:00:00:00:89:5D:00:00:00:88:69:C0:00:00:87:67:C0:00:00:86:F8:40:00:00:88:E0:00:00:00:88:11:80:00:00:85:39:40:8D:95:40:00:FF:FF:00:00:00:AB:10:45:46]
[53:48:DA:00:C8:05:25:00:00:86:D7:00:00:00:87:15:40:00:00:85:A1:00:00:00:85:60:C0:00:00:84:5D:80:00:00:84:F3:40:00:00:85:97:80:00:00:84:38:80:00:00:85:5E:40:00:00:84:F1:80:00:00:83:FB:00:00:00:84:A9:80:00:00:84:9C:00:00:00:84:E8:40:00:00:84:30:C0:00:00:83:EF:80:00:00:84:41:40:00:00:83:A6:80:00:00:83:88:00:00:00:82:FC:40:8D:7C:40:00:FF:FF:00:00:00:AB:10:45:46]
[53:48:DA:00:C8:05:26:00:00:83:08:00:00:00:82:E8:C0:00:00:82:81:C0:00:00:82:D4:C0:00:00:82:97:40:00:00:82:58:00:00:00:82:5A:C0:00:00:82:36:40:00:00:82:93:80:00:00:82:DC:80:00:00:82:BD:40:00:00:83:12:80:00:00:82:94:C0:00:00:82:A2:80:00:00:82:6C:C0:00:00:82:52:80:00:00:82:45:80:00:00:82:1D:40:00:00:81:C7:80:00:00:82:59:80:8D:7D:40:00:FF:FF:00:00:00:AB:10:45:46]
[53:48:DA:00:C8:05:27:00:00:82:06:80:00:00:81:E9:80:00:00:81:84:C0:00:00:81:94:40:00:00:81:97:80:00:00:81:9B:C0:00:00:81:D0:80:00:00:81:88:80:00:00:81:A0:C0:00:00:81:93:00:00:00:81:7E:00:00:00:81:9B:80:00:00:81:87:00:00:00:81:6A:C0:00:00:81:54:80:00:00:81:56:C0:00:00:81:8C:00:00:00:81:38:C0:00:00:81:62:00:00:00:81:44:80:8D:9B:80:00:FF:FF:00:00:00:AB:10:45:46]
[53:48:DA:00:C8:05:28:00:00:81:51:00:00:00:81:31:40:00:00:81:62:C0:00:00:81:34:C0:00:00:81:35:C0:00:00:81:53:00:00:00:81:30:80:00:00:81:26:00:00:00:81:33:00:00:00:81:1D:40:00:00:81:1B:00:00:00:81:33:80:00:00:81:14:C0:00:00:81:29:80:00:00:81:27:40:00:00:81:2B:80:00:00:81:28:00:00:00:80:D3:40:00:00:81:13:00:00:00:81:11:00:8D:97:40:00:FF:FF:00:00:00:AB:10:45:46]
[53:48:DA:00:C8:05:29:00:00:81:01:80:00:00:81:01:00:00:00:81:07:00:00:00:81:07:00:00:00:81:14:40:00:00:80:FB:C0:00:00:81:00:C0:00:00:81:0A:00:00:00:80:FD:00:00:00:80:F8:80:00:00:80:F9:40:00:00:80:F5:80:00:00:80:EF:40:00:00:80:F4:80:00:00:80:FF:00:00:00:80:F5:80:00:00:80:ED:40:00:00:80:EE:C0:00:00:80:F5:00:00:00:80:EA:80:8D:8A:C0:00:FF:FF:00:00:00:AB:10:45:46]
[53:48:DA:00:C8:05:2A:00:00:80:E5:40:00:00:80:E9:C0:00:00:80:EA:00:00:00:80:E7:80:00:00:80:E9:00:00:00:80:E1:80:00:00:80:E9:80:00:00:80:E6:40:00:00:80:E1:80:00:00:80:DC:80:00:00:80:E0:C0:00:00:80:DF:80:00:00:80:DE:80:00:00:80:E0:C0:00:00:80:E4:C0:00:00:80:DF:C0:00:00:80:9B:80:00:00:80:D8:40:00:00:80:DA:80:00:00:80:E0:80:8D:96:40:00:FF:FF:00:00:00:AB:10:45:46]
[53:48:DA:00:C8:05:2B:00:00:80:DC:80:00:00:80:E1:00:00:00:80:E0:00:00:00:80:DF:00:00:00:80:DF:40:00:00:80:DE:00:00:00:80:E0:00:00:00:80:DB:40:00:00:80:E0:40:00:00:80:D8:40:00:00:80:D5:40:00:00:80:D5:80:00:00:80:D5:C0:00:00:80:D2:40:00:00:80:D6:80:00:00:80:D6:C0:00:00:80:CF:C0:00:00:80:D3:40:00:00:80:D3:80:00:00:80:D1:00:8D:82:80:00:FF:FF:00:00:00:AB:10:45:46]
[53:48:DA:00:C8:05:2C:00:00:80:D2:C0:00:00:80:D5:C0:00:00:80:D0:80:00:00:80:CF:C0:00:00:80:D5:00:00:00:80:D3:80:00:00:80:D3:00:00:00:80:D3:40:00:00:80:D6:00:00:00:80:D5:40:00:00:80:D2:80:00:00:80:D1:40:00:00:80:D2:40:00:00:80:D3:00:00:00:80:D4:C0:00:00:80:B1:00:00:00:80:D6:00:00:00:80:D3:80:00:00:80:D3:40:00:00:80:D2:C0:8D:82:80:00:FF:FF:00:00:00:AB:10:45:46]
[53:48:DA:00:C8:05:2D:00:00:80:D1:80:00:00:80:D3:40:00:00:80:D2:00:00:00:80:D3:80:00:00:80:D0:40:00:00:80:D3:40:00:00:80:D0:40:00:00:80:D2:C0:00:00:80:D0:40:00:00:80:D3:00:00:00:80:D0:00:00:00:80:D5:00:00:00:80:D2:C0:00:00:80:D1:80:00:00:80:D2:C0:00:00:80:D2:40:00:00:80:D2:80:00:00:80:D2:80:00:00:80:D3:00:00:00:80:D1:80:8D:86:80:00:FF:FF:00:00:00:AB:10:45:46]
[53:48:DA:00:C8:05:2E:00:00:80:CD:00:00:00:80:CF:80:00:00:80:D1:00:00:00:80:C1:80:00:00:80:D2:80:00:00:80:D1:80:00:00:80:CF:80:00:00:80:CE:40:00:00:80:CF:80:00:00:80:D1:00:00:00:80:D3:80:00:00:80:CF:80:00:00:80:D2:80:00:00:80:CA:80:00:00:80:D1:00:00:00:80:D2:00:00:00:80:CE:40:00:00:80:CE:C0:00:00:80:CD:40:00:00:80:CD:40:8D:9A:40:00:FF:FF:00:00:00:AB:10:45:46]
[53:48:DA:00:C8:05:2F:00:00:80:CC:80:00:00:80:CF:00:00:00:80:CC:40:00:00:80:D0:40:00:00:80:CE:00:00:00:80:CD:00:00:00:80:D0:40:00:00:80:BD:C0:00:00:80:CC:00:00:00:80:D0:40:00:00:80:CC:80:00:00:80:CA:80:00:00:80:CB:40:00:00:80:CA:80:00:00:80:CC:00:00:00:80:CC:80:00:00:80:CB:00:00:00:80:CF:80:00:00:80:CC:80:00:00:80:CD:40:8D:81:80:00:FF:FF:00:00:00:AB:10:45:46]
[53:48:DA:00:C8:05:30:00:00:80:CD:00:00:00:80:CB:C0:00:00:80:CE:40:00:00:80:C8:40:00:00:80:CE:C0:00:00:80:CD:C0:00:00:80:D1:00:00:00:80:CD:C0:00:00:80:CD:C0:00:00:80:C9:C0:00:00:80:CB:00:00:00:80:C1:80:00:00:80:CE:00:00:00:80:CE:40:00:00:80:CC:C0:00:00:80:CA:40:00:00:80:C2:80:00:00:80:C6:40:00:00:80:C4:80:00:00:80:C3:00:8D:97:40:00:FF:FF:00:00:00:AB:10:45:46]
[53:48:DA:00:C8:05:31:00:00:80:BD:40:00:00:80:C5:C0:00:00:80:C7:40:00:00:80:C8:00:00:00:80:CB:C0:00:00:80:C4:80:00:00:80:C9:40:00:00:80:C3:40:00:00:80:C6:C0:00:00:80:C7:40:00:00:80:C6:80:00:00:80:C9:40:00:00:80:BF:00:00:00:80:D0:80:00:00:80:D2:80:00:00:80:C9:00:00:00:80:D3:40:00:00:80:CD:80:00:00:80:CB:40:00:00:80:CF:00:8D:A7:C0:00:FF:FF:00:00:00:AB:10:45:46]
[53:48:DA:00:C8:05:32:00:00:80:CE:00:00:00:80:D0:C0:00:00:80:CF:80:00:00:80:D3:C0:00:00:80:D1:00:00:00:80:CE:40:00:00:80:CE:80:00:00:80:CC:00:00:00:80:D2:80:00:00:80:CF:80:00:00:80:D0:80:00:00:80:CA:C0:00:00:80:CD:00:00:00:80:CF:40:00:00:80:CE:80:00:00:80:CE:80:00:00:80:CD:40:00:00:80:CF:C0:00:00:80:CC:00:00:00:80:C9:00:8D:95:40:00:FF:FF:00:00:00:AB:10:45:46]
[53:48:DA:00:C8:05:33:00:00:80:CC:C0:00:00:80:D0:00:00:00:80:CD:80:00:00:80:CC:40:00:00:80:CC:80:00:00:80:D1:00:00:00:80:C9:40:00:00:80:CA:40:00:00:80:CC:40:00:00:80:CA:40:00:00:80:C9:C0:00:00:80:BA:C0:00:00:80:CC:C0:00:00:80:CB:00:00:00:80:CF:40:00:00:80:CF:C0:00:00:80:CF:40:00:00:80:CF:C0:00:00:80:CE:00:00:00:80:CC:00:8D:81:80:00:FF:FF:00:00:00:AB:10:45:46]
[53:48:DA:00:C8:05:34:00:00:80:CD:C0:00:00:80:CA:00:00:00:80:C7:40:00:00:80:CB:80:00:00:80:CB:C0:00:00:80:C9:80:00:00:80:C9:C0:00:00:80:C9:80:00:00:80:C9:C0:00:00:80:CD:00:00:00:80:CB:80:00:00:80:CA:00:00:00:80:CE:00:00:00:80:D0:80:00:00:80:C9:C0:00:00:80:CD:C0:00:00:80:CB:40:00:00:80:CF:C0:00:00:80:CB:C0:00:00:80:BF:C0:8D:96:40:00:FF:FF:00:00:00:AB:10:45:46]
[53:48:DA:00:C8:05:35:00:00:80:CC:40:00:00:80:CD:00:00:00:80:D0:00:00:00:80:CD:C0:00:00:80:CF:C0:00:00:80:D1:80:00:00:80:CE:C0:00:00:80:D0:C0:00:00:80:D0:80:00:00:80:D0:40:00:00:80:8B:C0:00:00:80:CD:C0:00:00:80:D0:C0:00:00:80:D1:40:00:00:80:D0:80:00:00:80:CF:80:00:00:80:D4:00:00:00:80:CF:C0:00:00:80:D4:80:00:00:80:D5:40:8D:96:40:00:FF:FF:00:00:00:AB:10:45:46]
[53:48:DA:00:C8:05:36:00:00:80:D1:80:00:00:80:D0:40:00:00:80:D1:80:00:00:80:D0:80:00:00:80:D0:00:00:00:80:D3:C0:00:00:80:D1:40:00:00:80:D3:00:00:00:80:D1:80:00:00:80:D2:40:00:00:80:D4:00:00:00:80:D1:C0:00:00:80:D2:80:00:00:80:D0:00:00:00:80:D2:C0:00:00:80:CE:00:00:00:80:D1:80:00:00:80:D1:80:00:00:80:D0:40:00:00:80:CF:00:8D:99:40:00:FF:FF:00:00:00:AB:10:45:46]
[53:48:DA:00:C8:05:37:00:00:80:D3:C0:00:00:80:D7:80:00:00:80:D1:00:00:00:80:D4:40:00:00:80:D4:80:00:00:80:D3:00:00:00:80:D4:80:00:00:80:D8:00:00:00:80:D4:00:00:00:80:7B:40:00:00:80:D2:40:00:00:80:D4:C0:00:00:80:D3:00:00:00:80:D2:C0:00:00:80:D0:80:00:00:80:D2:40:00:00:80:D3:00:00:00:80:D1:80:00:00:80:D4:00:00:00:80:D3:00:8D:92:00:00:FF:FF:00:00:00:AB:10:45:46]
[53:48:DA:00:C8:05:38:00:00:80:D3:C0:00:00:80:CF:80:00:00:80:D5:C0:00:00:80:D2:80:00:00:80:D0:C0:00:00:80:D4:00:00:00:80:D6:40:00:00:80:D4:C0:00:00:80:D2:40:00:00:80:CF:40:00:00:80:D2:00:00:00:80:D0:C0:00:00:80:CD:00:00:00:80:D3:00:00:00:80:D0:C0:00:00:80:D2:80:00:00:80:D1:00:00:00:80:D3:00:00:00:80:C4:40:00:00:80:BE:C0:8D:89:C0:00:FF:FF:00:00:00:AB:10:45:46]
[53:48:DA:00:C8:05:39:00:00:80:D3:00:00:00:80:CC:C0:00:00:80:D0:40:00:00:80:D6:00:00:00:80:D3:80:00:00:80:D5:80:00:00:80:D2:C0:00:00:80:D1:80:00:00:80:3F:00:00:00:80:C6:C0:00:00:80:CB:C0:00:00:80:CA:40:00:00:80:D2:40:00:00:80:D3:40:00:00:80:D2:40:00:00:80:D0:80:00:00:80:D3:80:00:00:80:D1:40:00:00:80:D1:40:00:00:80:D4:80:8D:88:C0:00:FF:FF:00:00:00:AB:10:45:46]
[53:48:DA:00:C8:05:3A:00:00:80:D3:80:00:00:80:C3:00:00:00:80:D2:C0:00:00:80:D4:80:00:00:80:D4:C0:00:00:80:D4:00:00:00:80:D5:00:00:00:80:D4:00:00:00:80:D4:80:00:00:80:D5:40:00:00:80:D2:80:00:00:80:D1:80:00:00:80:CD:40:00:00:80:CC:00:00:00:80:D1:40:00:00:80:CF:40:00:00:80:D2:40:00:00:80:C9:80:00:00:80:D4:40:00:00:80:D1:00:8D:9F:80:00:FF:FF:00:00:00:AB:10:45:46]
[53:48:DA:00:C8:06:05:00:00:80:CF:40:00:00:80:D2:40:00:00:80:D2:00:00:00:80:CE:C0:00:00:80:D0:80:00:00:80:D2:40:00:00:80:D3:40:00:00:80:D3:C0:00:00:80:CA:00:00:00:80:D1:40:00:00:80:D0:C0:00:00:80:D2:C0:00:00:80:D1:80:00:00:80:C7:C0:00:00:80:D0:00:00:00:80:D3:00:00:00:80:D0:00:00:00:80:C3:00:00:00:80:D4:C0:00:00:80:C6:00:8C:FD:80:00:FF:FF:00:00:00:AB:10:45:46]
[53:48:DA:00:C8:06:06:00:00:80:D0:80:00:00:80:D4:80:00:00:80:D4:80:00:00:80:D1:80:00:00:80:D4:00:00:00:80:CB:80:00:00:80:B5:00:00:00:80:D1:40:00:00:80:CF:40:00:00:80:D4:00:00:00:80:D1:80:00:00:80:D3:80:00:00:80:D1:C0:00:00:80:C5:C0:00:00:80:D0:40:00:00:80:D0:80:00:00:80:D0:00:00:00:80:D0:40:00:00:80:D4:00:00:00:80:CF:80:8C:F5:40:00:FF:FF:00:00:00:AB:10:45:46]
[53:48:DA:00:C8:06:07:00:00:80:CB:40:00:00:80:D2:80:00:00:80:CE:C0:00:00:80:D0:40:00:00:80:D1:40:00:00:80:CE:40:00:00:80:CD:40:00:00:80:D1:00:00:00:80:CF:40:00:00:80:D1:00:00:00:80:D4:00:00:00:80:D1:C0:00:00:80:D1:00:00:00:80:CD:80:00:00:80:D3:00:00:00:80:CA:80:00:00:80:D1:80:00:00:80:CE:80:00:00:80:D1:C0:00:00:80:D1:00:8C:F5:40:00:FF:FF:00:00:00:AB:10:45:46]
[53:48:DA:00:C8:06:08:00:00:80:C9:40:00:00:80:D2:00:00:00:80:D1:C0:00:00:80:CE:C0:00:00:80:B0:00:00:00:80:C8:00:00:00:80:CF:40:00:00:80:CF:40:00:00:80:D4:C0:00:00:80:D0:80:00:00:80:CD:80:00:00:80:D1:80:00:00:80:D2:40:00:00:80:CF:80:00:00:80:D2:00:00:00:80:D2:00:00:00:80:D2:00:00:00:80:D3:40:00:00:80:CB:80:00:00:80:D5:C0:8C:F6:40:00:FF:FF:00:00:00:AB:10:45:46]
[53:48:DA:00:C8:06:09:00:00:80:CF:00:00:00:80:D3:40:00:00:80:D5:40:00:00:80:D0:80:00:00:80:D3:00:00:00:80:D0:C0:00:00:80:D4:00:00:00:80:D2:40:00:00:80:D1:40:00:00:80:D3:00:00:00:80:CC:80:00:00:80:D0:00:00:00:80:D6:40:00:00:80:C9:40:00:00:80:CE:C0:00:00:80:D1:40:00:00:80:D0:40:00:00:80:D0:80:00:00:80:D1:C0:00:00:80:D2:80:8D:0F:40:00:FF:FF:00:00:00:AB:10:45:46]
[53:48:DA:00:C8:06:0A:00:00:80:CE:C0:00:00:80:D2:00:00:00:80:D3:00:00:00:80:85:C0:00:00:80:D1:00:00:00:80:D0:40:00:00:80:CF:80:00:00:80:D4:80:00:00:80:D1:80:00:00:80:CD:80:00:00:80:CF:C0:00:00:80:CE:80:00:00:80:CB:00:00:00:80:CA:C0:00:00:80:CF:00:00:00:80:D0:C0:00:00:80:D3:80:00:00:80:CF:80:00:00:80:D0:40:00:00:80:D0:40:8D:0D:00:00:FF:FF:00:00:00:AB:10:45:46]
[53:48:DA:00:C8:06:0B:00:00:80:CF:C0:00:00:80:BE:80:00:00:80:D2:00:00:00:80:D2:C0:00:00:80:D3:40:00:00:80:D4:40:00:00:80:C6:00:00:00:80:D1:80:00:00:80:D1:80:00:00:80:D2:80:00:00:80:D0:40:00:00:80:CE:00:00:00:80:CD:00:00:00:80:D2:C0:00:00:80:CA:80:00:00:80:CA:80:00:00:80:CF:80:00:00:80:C9:40:00:00:80:D1:C0:00:00:80:D0:80:8C:F2:00:00:FF:FF:00:00:00:AB:10:45:46]
[53:48:DA:00:C8:06:0C:00:00:80:D2:00:00:00:80:D3:C0:00:00:80:56:40:00:00:80:D1:80:00:00:80:D5:80:00:00:80:CF:40:00:00:80:D0:C0:00:00:80:CE:C0:00:00:80:D1:00:00:00:80:D0:40:00:00:80:C5:80:00:00:80:D1:00:00:00:80:D2:00:00:00:80:D2:80:00:00:80:D2:00:00:00:80:D1:00:00:00:80:D3:40:00:00:80:D0:40:00:00:80:D0:80:00:00:80:CC:C0:8D:02:C0:00:FF:FF:00:00:00:AB:10:45:46]
[53:48:DA:00:C8:06:0D:00:00:80:D0:00:00:00:80:D1:40:00:00:80:D1:00:00:00:80:D0:80:00:00:80:D4:00:00:00:80:D1:40:00:00:80:D2:40:00:00:80:D3:40:00:00:80:D3:80:00:00:80:D0:40:00:00:80:CE:00:00:00:80:D0:80:00:00:80:CE:C0:00:00:80:D2:C0:00:00:80:D4:40:00:00:80:C9:00:00:00:80:CF:00:00:00:80:D1:00:00:00:80:D0:C0:00:00:80:D2:40:8D:0A:00:00:FF:FF:00:00:00:AB:10:45:46]
[53:48:DA:00:C8:06:0E:00:00:80:D0:C0:00:00:7F:EC:C0:00:00:80:CE:80:00:00:80:CB:80:00:00:80:CF:C0:00:00:80:CE:40:00:00:80:D2:00:00:00:80:CF:C0:00:00:80:CC:80:00:00:80:CA:80:00:00:80:D0:00:00:00:80:CF:C0:00:00:80:D0:00:00:00:80:CE:00:00:00:80:D2:80:00:00:80:D0:80:00:00:80:CE:00:00:00:80:D1:40:00:00:80:CE:C0:00:00:80:CD:00:8D:08:00:00:FF:FF:00:00:00:AB:10:45:46]
[53:48:DA:00:C8:06:0F:00:00:80:CE:00:00:00:80:D1:00:00:00:80:CB:C0:00:00:80:CD:C0:00:00:80:CF:00:00:00:80:D2:C0:00:00:80:C6:C0:00:00:80:D0:40:00:00:80:D1:40:00:00:80:D0:40:00:00:80:D0:C0:00:00:80:CF:80:00:00:80:D0:40:00:00:80:CB:00:00:00:80:D3:40:00:00:80:D2:40:00:00:80:D2:40:00:00:80:D0:C0:00:00:80:D4:40:00:00:80:D0:40:8D:03:C0:00:FF:FF:00:00:00:AB:10:45:46]
[53:48:DA:00:C8:06:10:00:00:7F:E9:80:00:00:80:D0:40:00:00:80:D0:80:00:00:80:D0:40:00:00:80:C6:00:00:00:80:D4:40:00:00:80:D2:80:00:00:80:CE:C0:00:00:80:C5:80:00:00:80:C8:40:00:00:80:CD:C0:00:00:80:D1:C0:00:00:80:D1:80:00:00:80:D4:00:00:00:80:CF:80:00:00:80:D0:C0:00:00:80:D1:00:00:00:80:CF:00:00:00:80:D0:00:00:00:80:D2:00:8C:F9:40:00:FF:FF:00:00:00:AB:10:45:46]
[53:48:DA:00:C8:06:11:00:00:80:D3:00:00:00:80:D1:00:00:00:80:CF:C0:00:00:80:CE:40:00:00:80:D2:00:00:00:80:D1:00:00:00:80:D0:40:00:00:80:CE:40:00:00:80:CF:C0:00:00:80:CE:C0:00:00:80:D2:00:00:00:80:CE:40:00:00:80:C3:40:00:00:80:CC:80:00:00:80:CF:C0:00:00:80:CF:C0:00:00:80:CF:80:00:00:80:D0:40:00:00:80:CF:40:00:00:80:D1:00:8C:F9:40:00:FF:FF:00:00:00:AB:10:45:46]
[53:48:DA:00:C8:06:12:00:00:80:CC:80:00:00:80:D0:C0:00:00:80:CF:C0:00:00:80:C6:80:00:00:80:D0:C0:00:00:80:D2:80:00:00:80:D1:C0:00:00:80:CF:80:00:00:80:D0:40:00:00:80:D4:00:00:00:80:D1:80:00:00:80:C8:80:00:00:80:CD:C0:00:00:80:D0:00:00:00:80:CE:40:00:00:80:D0:40:00:00:80:CB:C0:00:00:80:CF:40:00:00:80:D1:C0:00:00:80:D3:40:8D:15:80:00:FF:FF:00:00:00:AB:10:45:46]
[53:48:DA:00:C8:06:13:00:00:80:CE:C0:00:00:80:D2:00:00:00:80:D4:00:00:00:80:D4:C0:00:00:80:D1:C0:00:00:80:CF:C0:00:00:80:D5:00:00:00:80:D0:C0:00:00:80:CF:C0:00:00:80:D3:40:00:00:80:CF:40:00:00:80:D1:00:00:00:80:D1:80:00:00:80:D0:40:00:00:80:D1:00:00:00:80:D1:C0:00:00:80:D2:40:00:00:80:D2:40:00:00:80:D4:40:00:00:80:A1:80:8D:1D:C0:00:FF:FF:00:00:00:AB:10:45:46]
[53:48:DA:00:C8:06:14:00:00:80:D0:00:00:00:80:D3:40:00:00:80:D3:00:00:00:80:D3:00:00:00:80:D2:00:00:00:80:D4:00:00:00:80:D2:40:00:00:80:D3:00:00:00:80:D6:80:00:00:80:D6:40:00:00:80:D6:80:00:00:80:B9:40:00:00:80:D9:00:00:00:80:D3:40:00:00:80:D3:00:00:00:80:D3:80:00:00:80:D4:40:00:00:80:D1:00:00:00:80:CF:C0:00:00:80:CF:C0:8D:09:00:00:FF:FF:00:00:00:AB:10:45:46]
[53:48:DA:00:C8:06:15:00:00:80:D0:00:00:00:80:D2:C0:00:00:80:D6:80:00:00:80:D1:C0:00:00:80:CF:80:00:00:80:CD:00:00:00:80:D0:40:00:00:80:D4:C0:00:00:80:CE:40:00:00:80:D0:C0:00:00:80:D0:C0:00:00:80:D1:00:00:00:80:D1:C0:00:00:80:D1:C0:00:00:80:D3:00:00:00:80:CA:80:00:00:80:D0:40:00:00:80:D0:80:00:00:80:8C:00:00:00:80:CD:00:8D:1C:C0:00:FF:FF:00:00:00:AB:10:45:46]
[53:48:DA:00:C8:06:16:00:00:80:CD:C0:00:00:80:CE:40:00:00:80:CF:C0:00:00:80:D2:40:00:00:80:D0:00:00:00:80:CB:80:00:00:80:D1:80:00:00:80:CF:40:00:00:80:D2:C0:00:00:80:D2:80:00:00:80:CF:40:00:00:80:D1:00:00:00:80:D4:C0:00:00:80:D0:80:00:00:80:D1:40:00:00:80:CF:00:00:00:80:D2:00:00:00:80:D0:C0:00:00:80:D0:00:00:00:80:CD:C0:8D:35:80:00:FF:FF:00:00:00:AB:10:45:46]
[53:48:DA:00:C8:06:17:00:00:80:C6:C0:00:00:80:D1:80:00:00:80:D0:80:00:00:80:CF:C0:00:00:80:CF:80:00:00:80:D1:C0:00:00:80:CF:C0:00:00:80:CD:80:00:00:80:CE:C0:00:00:80:CE:40:00:00:80:D0:C0:00:00:80:CC:C0:00:00:80:CE:80:00:00:80:CD:40:00:00:80:CE:C0:00:00:80:CE:C0:00:00:80:C9:80:00:00:80:7B:80:00:00:80:D1:C0:00:00:80:CF:C0:8D:23:00:00:FF:FF:00:00:00:AB:10:45:46]
[53:48:DA:00:C8:06:18:00:00:80:CC:00:00:00:80:CD:C0:00:00:80:C0:00:00:00:80:CD:C0:00:00:80:C8:40:00:00:80:CD:C0:00:00:80:CA:00:00:00:80:CC:C0:00:00:80:C5:C0:00:00:80:CA:C0:00:00:80:CD:00:00:00:80:CE:40:00:00:80:CA:00:00:00:80:D1:80:00:00:80:CB:80:00:00:80:CC:C0:00:00:80:CB:C0:00:00:80:CB:80:00:00:80:CA:80:00:00:80:CD:00:8D:02:C0:00:FF:FF:00:00:00:AB:10:45:46]
[53:48:DA:00:C8:06:19:00:00:80:D0:40:00:00:80:D1:40:00:00:80:CE:00:00:00:80:CE:80:00:00:80:CB:40:00:00:80:CE:40:00:00:80:CD:80:00:00:80:CE:00:00:00:80:CF:C0:00:00:80:D0:40:00:00:80:CF:80:00:00:80:CF:C0:00:00:80:CC:C0:00:00:80:D0:40:00:00:80:D4:40:00:00:80:D0:40:00:00:80:42:80:00:00:80:D4:00:00:00:80:D2:40:00:00:80:C5:80:8D:04:C0:00:FF:FF:00:00:00:AB:10:45:46]
[53:48:DA:00:C8:06:1A:00:00:80:C5:C0:00:00:80:C6:80:00:00:80:CF:40:00:00:80:CD:00:00:00:80:D9:00:00:00:80:D6:80:00:00:80:D4:40:00:00:80:D1:40:00:00:80:D4:80:00:00:80:D1:40:00:00:80:D1:80:00:00:80:D8:40:00:00:80:D0:80:00:00:80:D4:40:00:00:80:D1:C0:00:00:80:D2:80:00:00:80:D3:80:00:00:80:D2:C0:00:00:80:D0:C0:00:00:80:CF:40:8D:1B:80:00:FF:FF:00:00:00:AB:10:45:46]
[53:48:DA:00:C8:06:1B:00:00:80:D0:40:00:00:80:D4:40:00:00:80:CC:80:00:00:80:D5:00:00:00:80:CF:00:00:00:80:CC:C0:00:00:80:CF:C0:00:00:80:D1:C0:00:00:80:D0:40:00:00:80:D2:80:00:00:80:CE:80:00:00:80:D2:40:00:00:80:D1:C0:00:00:80:CC:40:00:00:80:C9:00:00:00:80:11:40:00:00:80:D0:40:00:00:80:CC:80:00:00:80:D0:00:00:00:80:CD:00:8D:12:40:00:FF:FF:00:00:00:AB:10:45:46]
[53:48:DA:00:C8:06:1C:00:00:80:D3:00:00:00:80:CD:40:00:00:80:CC:80:00:00:80:D0:00:00:00:80:D0:80:00:00:80:D3:40:00:00:80:D3:C0:00:00:80:D1:00:00:00:80:D4:80:00:00:80:D1:00:00:00:80:D2:00:00:00:80:CF:C0:00:00:80:D4:80:00:00:80:D3:00:00:00:80:D2:80:00:00:80:D4:C0:00:00:80:CD:00:00:00:80:D2:C0:00:00:80:D2:00:00:00:80:CE:80:8D:1C:C0:00:FF:FF:00:00:00:AB:10:45:46]
[53:48:DA:00:C8:06:1D:00:00:80:CF:80:00:00:80:CF:00:00:00:80:D4:00:00:00:80:CA:40:00:00:80:D1:00:00:00:80:CD:C0:00:00:80:D4:40:00:00:80:CF:80:00:00:80:D1:00:00:00:80:D2:00:00:00:80:D1:C0:00:00:80:C5:00:00:00:80:D0:40:00:00:80:D3:80:00:00:80:20:80:00:00:80:CE:40:00:00:80:D2:00:00:00:80:D0:80:00:00:80:D0:C0:00:00:80:CA:40:8D:1F:C0:00:FF:FF:00:00:00:AB:10:45:46]
[53:48:DA:00:C8:06:1E:00:00:80:D5:00:00:00:80:CA:40:00:00:80:C7:C0:00:00:80:D3:80:00:00:80:D2:40:00:00:80:D1:C0:00:00:80:C9:80:00:00:80:D3:40:00:00:80:D1:00:00:00:80:D6:80:00:00:80:CF:40:00:00:80:D3:80:00:00:80:D1:C0:00:00:80:D0:00:00:00:80:D2:40:00:00:80:D3:00:00:00:80:D0:C0:00:00:80:CF:80:00:00:80:C4:C0:00:00:80:CE:C0:8D:09:00:00:FF:FF:00:00:00:AB:10:45:46]
[53:48:DA:00:C8:06:1F:00:00:80:CF:40:00:00:80:C9:C0:00:00:80:D2:C0:00:00:80:CE:C0:00:00:80:CF:C0:00:00:80:CC:C0:00:00:80:D3:40:00:00:80:D1:00:00:00:80:D0:00:00:00:80:CB:40:00:00:80:D3:C0:00:00:80:D2:00:00:00:80:CE:80:00:00:80:39:80:00:00:80:D2:C0:00:00:80:D1:00:00:00:80:DE:80:00:00:80:C3:C0:00:00:80:DC:40:00:00:80:DF:C0:8D:09:00:00:FF:FF:00:00:00:AB:10:45:46]
[53:48:DA:00:C8:06:20:00:00:80:C7:C0:00:00:80:D6:40:00:00:80:D4:C0:00:00:80:CF:80:00:00:80:CD:40:00:00:80:D2:00:00:00:80:D2:40:00:00:80:D0:C0:00:00:80:C8:80:00:00:80:D1:40:00:00:80:D5:C0:00:00:80:D1:C0:00:00:80:C8:00:00:00:80:D1:C0:00:00:80:D1:C0:00:00:80:CF:40:00:00:80:C8:C0:00:00:80:CD:00:00:00:80:D0:80:00:00:80:D3:00:8D:18:80:00:FF:FF:00:00:00:AB:10:45:46]
[53:48:DA:00:C8:06:21:00:00:80:D5:40:00:00:80:D2:40:00:00:80:CB:80:00:00:80:D1:C0:00:00:80:CC:80:00:00:80:D2:00:00:00:80:CF:40:00:00:80:CE:00:00:00:80:D3:80:00:00:80:D1:40:00:00:80:D2:80:00:00:80:CF:00:00:00:80:44:80:00:00:80:D2:80:00:00:80:D2:40:00:00:80:CE:C0:00:00:80:C9:C0:00:00:80:D3:40:00:00:80:D3:80:00:00:80:D3:00:8D:04:C0:00:FF:FF:00:00:00:AB:10:45:46]
[53:48:DA:00:C8:06:22:00:00:80:D2:40:00:00:80:CB:80:00:00:80:D1:40:00:00:80:A6:80:00:00:80:D3:80:00:00:80:D0:40:00:00:80:CC:80:00:00:80:D1:C0:00:00:80:D2:00:00:00:80:D2:00:00:00:80:C0:40:00:00:80:D2:00:00:00:80:D0:00:00:00:80:D0:80:00:00:80:BD:80:00:00:80:D0:40:00:00:80:D3:40:00:00:80:CD:40:00:00:80:C9:40:00:00:80:CE:00:8D:12:40:00:FF:FF:00:00:00:AB:10:45:46]
[53:48:DA:00:C8:06:23:00:00:80:D0:C0:00:00:80:D2:80:00:00:80:D2:80:00:00:80:D0:C0:00:00:80:D0:C0:00:00:80:CD:00:00:00:80:CF:40:00:00:80:D3:80:00:00:80:D3:40:00:00:80:CB:40:00:00:80:D0:80:00:00:80:A9:00:00:00:80:D3:C0:00:00:80:CC:80:00:00:80:D3:40:00:00:80:D1:80:00:00:80:D4:80:00:00:80:D2:C0:00:00:80:D4:00:00:00:80:CE:40:8D:10:40:00:FF:FF:00:00:00:AB:10:45:46]
[53:48:DA:00:C8:06:24:00:00:80:C4:00:00:00:80:C5:00:00:00:80:D4:00:00:00:80:D2:40:00:00:80:C4:80:00:00:80:D2:40:00:00:80:CF:80:00:00:80:D1:80:00:00:80:C8:40:00:00:80:D4:00:00:00:80:D2:00:00:00:80:D6:00:00:00:80:D2:C0:00:00:80:D3:40:00:00:80:CF:40:00:00:80:D4:00:00:00:80:D2:40:00:00:80:D2:80:00:00:80:CD:00:00:00:80:D2:00:8D:1E:C0:00:FF:FF:00:00:00:AB:10:45:46]
[53:48:DA:00:C8:06:25:00:00:80:D3:80:00:00:80:D3:00:00:00:80:D6:40:00:00:80:CF:C0:00:00:80:D3:80:00:00:80:D2:80:00:00:80:D2:40:00:00:80:D1:40:00:00:80:D2:40:00:00:80:D0:40:00:00:80:D2:80:00:00:80:D1:C0:00:00:80:D2:C0:00:00:80:D2:00:00:00:80:D0:80:00:00:80:D3:00:00:00:80:D2:40:00:00:80:CC:80:00:00:80:CC:00:00:00:80:CF:40:8D:24:00:00:FF:FF:00:00:00:AB:10:45:46]
[53:48:DA:00:C8:06:26:00:00:80:D4:C0:00:00:80:D3:C0:00:00:80:D0:40:00:00:80:D4:40:00:00:80:CA:C0:00:00:80:D0:40:00:00:80:D2:C0:00:00:80:CE:40:00:00:80:C7:80:00:00:80:BE:40:00:00:80:CA:00:00:00:80:D3:80:00:00:80:D1:00:00:00:80:CC:40:00:00:80:D4:00:00:00:80:D2:00:00:00:80:D2:00:00:00:80:CC:80:00:00:80:D2:C0:00:00:80:CF:40:8D:0D:00:00:FF:FF:00:00:00:AB:10:45:46]
[53:48:DA:00:C8:06:27:00:00:80:D1:00:00:00:80:D1:00:00:00:80:D2:40:00:00:80:D0:40:00:00:80:D2:C0:00:00:80:D4:40:00:00:80:D1:80:00:00:80:D1:40:00:00:80:D0:40:00:00:80:D0:00:00:00:80:D1:C0:00:00:80:D4:C0:00:00:80:BE:80:00:00:80:CE:00:00:00:80:CF:80:00:00:80:D5:40:00:00:80:D0:80:00:00:80:CF:40:00:00:80:D0:00:00:00:80:D0:40:8D:00:80:00:FF:FF:00:00:00:AB:10:45:46]
[53:48:DA:00:C8:06:28:00:00:80:D2:80:00:00:80:D0:80:00:00:80:D2:00:00:00:80:D2:80:00:00:80:D4:40:00:00:80:D1:40:00:00:80:D1:00:00:00:80:D3:80:00:00:80:BE:00:00:00:80:D2:40:00:00:80:D3:80:00:00:80:D6:40:00:00:80:D1:40:00:00:80:D1:C0:00:00:80:D1:00:00:00:80:D0:80:00:00:80:BE:C0:00:00:80:D1:C0:00:00:80:B7:C0:00:00:80:CF:40:8D:1C:C0:00:FF:FF:00:00:00:AB:10:45:46]
[53:48:DA:00:C8:06:29:00:00:80:CE:40:00:00:80:D2:40:00:00:80:D2:40:00:00:80:C9:40:00:00:80:D5:00:00:00:80:CF:00:00:00:80:D4:40:00:00:80:B8:C0:00:00:80:CC:C0:00:00:80:D1:00:00:00:80:D2:40:00:00:80:CA:C0:00:00:80:D1:C0:00:00:80:D2:00:00:00:80:D2:C0:00:00:80:C6:C0:00:00:80:CC:80:00:00:80:CC:C0:00:00:80:D0:00:00:00:80:D2:C0:8D:2E:40:00:FF:FF:00:00:00:AB:10:45:46]
[53:48:DA:00:C8:06:2A:00:00:80:D2:80:00:00:80:D4:80:00:00:80:C3:C0:00:00:80:D1:40:00:00:80:D3:00:00:00:80:D0:C0:00:00:80:D1:80:00:00:80:A4:C0:00:00:80:BA:00:00:00:80:D0:40:00:00:80:D3:40:00:00:80:D4:40:00:00:80:C7:80:00:00:80:CF:00:00:00:80:D1:C0:00:00:80:CA:C0:00:00:80:D1:C0:00:00:80:C3:80:00:00:80:D1:40:00:00:80:D1:40:8D:13:40:00:FF:FF:00:00:00:AB:10:45:46]
[53:48:DA:00:C8:06:2B:00:00:80:D0:C0:00:00:80:D1:C0:00:00:80:D1:80:00:00:80:CC:C0:00:00:80:D1:00:00:00:80:CD:40:00:00:80:D2:C0:00:00:80:D3:C0:00:00:80:D0:C0:00:00:80:D3:00:00:00:80:CF:C0:00:00:80:D0:C0:00:00:80:BD:80:00:00:80:D3:00:00:00:80:D4:00:00:00:80:D0:40:00:00:80:D2:00:00:00:80:D4:40:00:00:80:D1:80:00:00:80:D3:40:8D:28:00:00:FF:FF:00:00:00:AB:10:45:46]
[53:48:DA:00:C8:06:2C:00:00:80:CF:80:00:00:80:D0:C0:00:00:80:D0:80:00:00:80:CF:C0:00:00:80:CF:40:00:00:80:CD:C0:00:00:80:5F:00:00:00:80:D2:C0:00:00:80:D2:40:00:00:80:D0:00:00:00:80:D0:40:00:00:80:D3:40:00:00:80:D1:C0:00:00:80:D4:00:00:00:80:CB:00:00:00:80:D0:40:00:00:80:D3:40:00:00:80:D2:C0:00:00:80:C9:40:00:00:80:D0:C0:8D:2C:40:00:FF:FF:00:00:00:AB:10:45:46]
[53:48:DA:00:C8:06:2D:00:00:80:C8:40:00:00:80:D3:C0:00:00:80:D1:80:00:00:80:CF:00:00:00:80:CA:80:00:00:80:D4:40:00:00:80:C3:80:00:00:80:D0:40:00:00:80:D1:40:00:00:80:D1:C0:00:00:80:D1:00:00:00:80:CA:40:00:00:80:D0:80:00:00:80:D2:80:00:00:80:CE:80:00:00:80:CB:80:00:00:80:D2:40:00:00:80:D2:00:00:00:80:D5:C0:00:00:80:D3:80:8D:33:80:00:FF:FF:00:00:00:AB:10:45:46]
[53:48:DA:00:C8:06:2E:00:00:80:D2:80:00:00:80:CF:C0:00:00:80:D1:C0:00:00:80:D3:80:00:00:80:D3:00:00:00:80:05:C0:00:00:80:CD:80:00:00:80:D3:80:00:00:80:D0:C0:00:00:80:D2:00:00:00:80:D1:80:00:00:80:D3:00:00:00:80:D1:80:00:00:80:CB:80:00:00:80:D3:C0:00:00:80:CF:00:00:00:80:D1:C0:00:00:80:D3:80:00:00:80:C3:80:00:00:80:D2:C0:8D:25:00:00:FF:FF:00:00:00:AB:10:45:46]
[53:48:DA:00:C8:06:2F:00:00:80:D2:80:00:00:80:D1:C0:00:00:80:D2:40:00:00:80:D1:80:00:00:80:D4:00:00:00:80:CF:C0:00:00:80:CF:00:00:00:80:D5:40:00:00:80:C5:00:00:00:80:D0:C0:00:00:80:D1:C0:00:00:80:D0:C0:00:00:80:D2:80:00:00:80:D1:00:00:00:80:CD:80:00:00:80:D0:40:00:00:80:D4:80:00:00:80:D2:40:00:00:80:D1:40:00:00:80:C8:40:8D:29:00:00:FF:FF:00:00:00:AB:10:45:46]
[53:48:DA:00:C8:06:30:00:00:80:C9:C0:00:00:80:D6:80:00:00:80:D1:80:00:00:80:CA:00:00:00:7F:EB:00:00:00:80:D0:00:00:00:80:CE:40:00:00:80:D1:40:00:00:80:CD:C0:00:00:80:D2:80:00:00:80:D1:80:00:00:80:D0:40:00:00:80:C6:80:00:00:80:D3:C0:00:00:80:D2:80:00:00:80:D4:80:00:00:80:D2:00:00:00:80:A4:C0:00:00:80:D2:80:00:00:80:D2:80:8D:20:C0:00:FF:FF:00:00:00:AB:10:45:46]
[53:48:DA:00:C8:06:31:00:00:80:C3:40:00:00:80:CF:80:00:00:80:CA:00:00:00:80:CD:C0:00:00:80:BE:80:00:00:80:D3:40:00:00:80:D0:40:00:00:80:C9:80:00:00:80:BF:C0:00:00:80:D1:C0:00:00:80:D1:00:00:00:80:CF:C0:00:00:80:CF:C0:00:00:80:AA:80:00:00:80:AF:40:00:00:80:D1:C0:00:00:80:D0:00:00:00:80:D2:40:00:00:80:D4:C0:00:00:80:CF:C0:8D:30:80:00:FF:FF:00:00:00:AB:10:45:46]
[53:48:DA:00:C8:06:32:00:00:80:BD:C0:00:00:80:D1:40:00:00:80:D0:80:00:00:7F:6D:C0:00:00:80:D0:C0:00:00:80:D3:00:00:00:80:CB:40:00:00:80:D3:40:00:00:80:D0:00:00:00:80:D4:C0:00:00:80:D0:40:00:00:80:C1:80:00:00:80:C2:40:00:00:80:D2:80:00:00:80:C1:80:00:00:80:D1:40:00:00:80:D3:00:00:00:80:D4:00:00:00:80:CD:C0:00:00:80:D0:00:8D:29:00:00:FF:FF:00:00:00:AB:10:45:46]
[53:48:DA:00:C8:06:33:00:00:80:D3:C0:00:00:80:CF:00:00:00:80:CE:00:00:00:80:D1:40:00:00:80:C0:40:00:00:80:D1:40:00:00:80:D2:00:00:00:80:D1:C0:00:00:80:D2:00:00:00:80:D0:40:00:00:80:C5:40:00:00:80:D4:00:00:00:80:D1:40:00:00:80:CF:40:00:00:80:CF:80:00:00:80:D0:00:00:00:80:D3:80:00:00:80:D1:40:00:00:80:D1:C0:00:00:80:A3:00:8D:1C:C0:00:FF:FF:00:00:00:AB:10:45:46]
[53:48:DA:00:C8:06:34:00:00:80:D5:80:00:00:80:D0:00:00:00:7F:4C:40:00:00:80:D3:40:00:00:80:D2:C0:00:00:80:D3:00:00:00:80:D1:00:00:00:80:D1:40:00:00:80:D1:C0:00:00:80:D0:00:00:00:80:CA:40:00:00:80:D0:00:00:00:80:C7:C0:00:00:80:D1:00:00:00:80:CB:80:00:00:80:D4:C0:00:00:80:BF:80:00:00:80:D3:80:00:00:80:D2:40:00:00:80:BA:40:8D:3E:00:00:FF:FF:00:00:00:AB:10:45:46]
[53:48:DA:00:C8:06:35:00:00:80:D1:80:00:00:80:D2:40:00:00:80:D0:80:00:00:80:D1:C0:00:00:80:C9:80:00:00:80:D2:C0:00:00:80:D2:40:00:00:80:D0:C0:00:00:80:CE:00:00:00:80:D1:40:00:00:80:D1:80:00:00:80:D0:00:00:00:80:CE:C0:00:00:80:D1:80:00:00:80:D0:80:00:00:80:D1:00:00:00:80:CF:80:00:00:80:D0:C0:00:00:80:CE:00:00:00:80:D5:40:8D:35:80:00:FF:FF:00:00:00:AB:10:45:46]
[53:48:DA:00:C8:06:36:00:00:80:D2:00:00:00:7F:D6:C0:00:00:80:D1:00:00:00:80:D1:80:00:00:80:D3:40:00:00:80:D5:00:00:00:80:D1:00:00:00:80:D4:00:00:00:80:D1:00:00:00:80:C7:40:00:00:80:D2:C0:00:00:80:CE:40:00:00:80:D0:C0:00:00:80:D7:80:00:00:80:D4:00:00:00:80:D1:80:00:00:80:D2:40:00:00:80:D2:80:00:00:80:D1:80:00:00:80:CF:C0:8D:14:40:00:FF:FF:00:00:00:AB:10:45:46]
[53:48:DA:00:C8:06:37:00:00:80:D3:00:00:00:80:C6:40:00:00:80:D3:00:00:00:80:D2:00:00:00:80:CF:40:00:00:80:D0:80:00:00:80:CE:00:00:00:80:D1:00:00:00:80:CD:C0:00:00:80:C5:C0:00:00:80:CF:C0:00:00:80:CF:40:00:00:80:D2:40:00:00:80:D2:00:00:00:80:D1:00:00:00:80:D3:C0:00:00:80:D0:00:00:00:80:C9:00:00:00:80:D4:00:00:00:80:CD:00:8D:3B:C0:00:FF:FF:00:00:00:AB:10:45:46]
[53:48:DA:00:C8:06:38:00:00:80:2A:40:00:00:80:D2:C0:00:00:80:CB:40:00:00:80:D7:00:00:00:80:D1:00:00:00:80:CE:00:00:00:80:D1:40:00:00:80:D1:00:00:00:80:C7:C0:00:00:80:C5:80:00:00:80:CF:40:00:00:80:C6:00:00:00:80:C1:80:00:00:80:C1:00:00:00:80:D3:C0:00:00:80:D4:40:00:00:80:D2:00:00:00:80:D2:C0:00:00:80:D2:40:00:00:80:CF:C0:8D:2F:40:00:FF:FF:00:00:00:AB:10:45:46]
[53:48:DA:00:C8:06:39:00:00:80:CF:C0:00:00:80:D3:00:00:00:80:D2:80:00:00:80:D4:80:00:00:80:D0:00:00:00:80:D4:C0:00:00:80:D4:80:00:00:80:CD:C0:00:00:80:D1:C0:00:00:80:D1:00:00:00:80:D2:C0:00:00:80:D3:00:00:00:80:D5:00:00:00:80:D2:C0:00:00:80:D3:40:00:00:80:C5:C0:00:00:80:D0:C0:00:00:80:C9:80:00:00:80:D1:C0:00:00:80:D2:40:8D:18:80:00:FF:FF:00:00:00:AB:10:45:46]
[53:48:DA:00:C8:06:3A:00:00:80:D2:00:00:00:80:D2:00:00:00:80:D0:00:00:00:80:CB:00:00:00:80:D3:C0:00:00:80:CF:80:00:00:80:D2:80:00:00:80:C8:80:00:00:80:CE:C0:00:00:80:D0:C0:00:00:80:D0:80:00:00:80:D3:80:00:00:80:D2:80:00:00:80:CA:C0:00:00:80:D3:80:00:00:80:D2:40:00:00:80:D1:00:00:00:80:D0:00:00:00:80:CF:C0:00:00:80:D0:00:8D:1D:C0:00:FF:FF:00:00:00:AB:10:45:46]
[53:48:DA:00:C8:06:3B:00:00:80:D0:00:00:00:80:CF:40:00:00:80:D1:40:00:00:80:D1:80:00:00:80:D4:40:00:00:80:D3:40:00:00:80:C3:00:00:00:80:D4:40:00:00:80:CE:C0:00:00:80:D1:40:00:00:80:D2:40:00:00:80:D1:40:00:00:80:D0:80:00:00:80:C3:40:00:00:80:D0:40:00:00:80:C8:00:00:00:80:D1:00:00:00:80:CD:40:00:00:80:D1:00:00:00:7F:B7:40:8D:25:00:00:FF:FF:00:00:00:AB:10:45:46]
[53:48:DA:00:C8:06:3C:00:00:80:D1:00:00:00:80:CF:C0:00:00:80:D1:00:00:00:80:D5:40:00:00:80:CD:80:00:00:80:D3:40:00:00:80:CF:40:00:00:80:D3:C0:00:00:80:D2:40:00:00:80:D1:00:00:00:80:D2:00:00:00:80:D2:C0:00:00:80:D7:00:00:00:80:D0:C0:00:00:80:D1:80:00:00:80:D3:C0:00:00:80:D3:00:00:00:80:D1:80:00:00:80:D2:40:00:00:80:D0:C0:8D:31:80:00:FF:FF:00:00:00:AB:10:45:46]
[53:48:DA:00:C8:06:3D:00:00:80:D2:40:00:00:80:CD:40:00:00:80:CD:00:00:00:80:D1:C0:00:00:80:D2:C0:00:00:80:D0:80:00:00:80:D2:80:00:00:80:D0:00:00:00:80:D0:40:00:00:80:D2:80:00:00:80:CC:80:00:00:80:D2:80:00:00:80:D2:C0:00:00:80:CB:C0:00:00:80:D1:40:00:00:80:D0:80:00:00:80:D0:80:00:00:80:CF:80:00:00:80:21:80:00:00:80:D1:80:8D:25:00:00:FF:FF:00:00:00:AB:10:45:46]
[53:48:DA:00:C8:06:3E:00:00:80:D1:C0:00:00:80:D4:00:00:00:80:C7:C0:00:00:80:D0:80:00:00:80:C8:40:00:00:80:C1:C0:00:00:80:D0:00:00:00:80:D3:C0:00:00:80:D0:00:00:00:80:C6:C0:00:00:80:D1:80:00:00:80:D3:40:00:00:80:D3:80:00:00:80:D3:80:00:00:80:D0:00:00:00:80:CE:80:00:00:80:CE:C0:00:00:80:D2:80:00:00:80:CB:40:00:00:80:D2:80:8D:1D:C0:00:FF:FF:00:00:00:AB:10:45:46]
[53:48:DA:00:C8:06:3F:00:00:80:D2:00:00:00:80:D2:40:00:00:80:D3:80:00:00:80:D2:00:00:00:80:D1:00:00:00:80:D1:40:00:00:80:D4:00:00:00:80:D2:C0:00:00:80:CC:C0:00:00:80:D3:40:00:00:80:D2:C0:00:00:80:D1:00:00:00:80:D0:00:00:00:80:D4:80:00:00:80:CC:C0:00:00:80:CF:C0:00:00:80:CD:80:00:00:80:69:C0:00:00:80:D2:40:00:00:80:D1:00:8D:18:80:00:FF:FF:00:00:00:AB:10:45:46]
[53:48:DA:00:C8:06:40:00:00:80:CE:C0:00:00:80:D1:00:00:00:80:D0:40:00:00:80:D2:C0:00:00:80:D0:00:00:00:80:D2:40:00:00:80:D4:C0:00:00:80:D2:80:00:00:80:CB:80:00:00:80:D1:00:00:00:80:CF:40:00:00:80:CE:40:00:00:80:C4:C0:00:00:80:D1:80:00:00:80:D0:40:00:00:80:D2:00:00:00:80:D1:40:00:00:80:D2:00:00:00:80:D1:C0:00:00:80:D1:00:8D:32:80:00:FF:FF:00:00:00:AB:10:45:46]
[53:48:DA:00:C8:06:41:00:00:80:D3:80:00:00:80:CE:C0:00:00:80:D4:00:00:00:80:CE:80:00:00:80:D1:80:00:00:80:D0:00:00:00:80:D1:40:00:00:80:D4:40:00:00:80:CF:00:00:00:80:D2:00:00:00:80:CF:C0:00:00:80:D3:00:00:00:80:D3:80:00:00:80:D0:00:00:00:80:D3:C0:00:00:80:D5:80:00:00:80:92:80:00:00:80:CF:C0:00:00:80:CF:C0:00:00:80:D3:00:8D:2F:40:00:FF:FF:00:00:00:AB:10:45:46]
[53:48:DA:00:C8:06:42:00:00:80:CE:C0:00:00:80:D4:C0:00:00:80:D1:C0:00:00:80:CA:C0:00:00:80:D2:00:00:00:80:D0:C0:00:00:80:D3:00:00:00:80:D0:80:00:00:80:CD:80:00:00:80:CD:00:00:00:80:D1:00:00:00:80:D1:00:00:00:80:D2:C0:00:00:80:D0:00:00:00:80:CC:80:00:00:80:CF:C0:00:00:80:CC:00:00:00:80:C6:C0:00:00:80:D1:C0:00:00:80:CD:40:8D:1F:C0:00:FF:FF:00:00:00:AB:10:45:46]
[53:48:DA:00:C8:06:43:00:00:80:D4:80:00:00:80:D2:40:00:00:80:CF:C0:00:00:80:D0:00:00:00:80:CF:40:00:00:80:D3:C0:00:00:80:CF:80:00:00:80:D3:00:00:00:80:CD:C0:00:00:80:CF:40:00:00:80:D2:80:00:00:80:D0:00:00:00:80:D4:40:00:00:80:CC:80:00:00:80:D6:40:00:00:80:AC:00:00:00:80:D2:40:00:00:80:CF:80:00:00:80:CC:80:00:00:80:D0:C0:8D:27:00:00:FF:FF:00:00:00:AB:10:45:46]
[53:48:DA:00:C8:06:44:00:00:80:D0:C0:00:00:80:D1:00:00:00:80:CF:00:00:00:80:C5:00:00:00:80:D1:C0:00:00:80:D0:40:00:00:80:CC:00:00:00:80:D0:00:00:00:80:CD:80:00:00:80:CC:00:00:00:80:D2:40:00:00:80:D3:80:00:00:80:CB:80:00:00:80:D3:00:00:00:80:D2:C0:00:00:80:D0:C0:00:00:80:D2:40:00:00:80:D3:40:00:00:80:D0:80:00:00:80:CB:40:8D:1C:C0:00:FF:FF:00:00:00:AB:10:45:46]
[53:48:DA:00:C8:06:45:00:00:80:D1:00:00:00:80:CD:C0:00:00:80:D5:40:00:00:80:D0:80:00:00:80:D2:40:00:00:80:CB:80:00:00:80:D1:C0:00:00:80:C6:C0:00:00:80:D2:40:00:00:80:CF:40:00:00:80:D0:00:00:00:80:D1:80:00:00:80:D3:40:00:00:80:CE:C0:00:00:80:D4:00:00:00:80:CE:80:00:00:80:D7:40:00:00:80:D2:80:00:00:80:D3:C0:00:00:80:CE:C0:8D:17:80:00:FF:FF:00:00:00:AB:10:45:46]
[53:48:DA:00:C8:06:46:00:00:80:D1:40:00:00:80:CE:80:00:00:80:D0:40:00:00:80:D2:80:00:00:80:D1:C0:00:00:80:D0:C0:00:00:80:D4:00:00:00:80:D2:00:00:00:80:D1:80:00:00:80:D2:00:00:00:80:D4:80:00:00:80:CC:80:00:00:80:CA:C0:00:00:80:D2:C0:00:00:80:D0:C0:00:00:80:CA:C0:00:00:80:CF:00:00:00:80:D2:C0:00:00:80:D3:40:00:00:80:C3:C0:8D:26:00:00:FF:FF:00:00:00:AB:10:45:46]
[53:48:DA:00:C8:06:47:00:00:80:CC:80:00:00:80:D0:C0:00:00:80:D1:00:00:00:80:D0:40:00:00:80:D0:80:00:00:80:D2:00:00:00:80:D2:C0:00:00:80:D5:40:00:00:80:D1:40:00:00:80:D0:C0:00:00:80:D1:80:00:00:80:D3:40:00:00:80:D3:40:00:00:80:D1:00:00:00:80:CC:00:00:00:80:C5:00:00:00:80:D2:80:00:00:80:D3:40:00:00:80:D2:00:00:00:80:D3:40:8D:21:C0:00:FF:FF:00:00:00:AB:10:45:46]
[53:48:DA:00:C8:06:48:00:00:80:CF:00:00:00:80:D4:80:00:00:80:D2:C0:00:00:80:D4:C0:00:00:80:D0:40:00:00:80:D2:00:00:00:80:D2:00:00:00:80:D2:40:00:00:80:D1:80:00:00:80:D2:C0:00:00:80:D0:00:00:00:80:CF:40:00:00:80:C7:00:00:00:80:D1:C0:00:00:80:CC:00:00:00:80:CF:C0:00:00:80:D0:00:00:00:80:D3:80:00:00:80:D0:C0:00:00:80:C7:00:8D:1C:C0:00:FF:FF:00:00:00:AB:10:45:46]
[53:48:DA:00:C8:06:49:00:00:80:CF:00:00:00:80:D4:80:00:00:80:CB:40:00:00:80:D2:80:00:00:80:D3:80:00:00:80:D4:C0:00:00:80:D2:00:00:00:80:D2:C0:00:00:80:D2:40:00:00:80:D3:80:00:00:80:CF:40:00:00:80:CD:C0:00:00:80:88:80:00:00:80:D2:80:00:00:80:D3:00:00:00:80:D3:80:00:00:80:CD:80:00:00:80:D1:40:00:00:80:D1:C0:00:00:80:D2:80:8D:1A:80:00:FF:FF:00:00:00:AB:10:45:46]
